-1.462340950965881348e-01
-2.724541425704956055e-01
-3.117890954017639160e-01
5.277423188090324402e-03
-3.035207279026508331e-02
-4.934633150696754456e-02
-2.903845608234405518e-01
-1.159237772226333618e-01
6.900993734598159790e-02
7.213881611824035645e-02
-3.758594393730163574e-01
-2.874847352504730225e-01
4.112749546766281128e-02
2.176008224487304688e-01
2.053807973861694336e-01
-1.096539124846458435e-01
-1.503793895244598389e-01
1.465384811162948608e-01
2.985046505928039551e-01
2.757691740989685059e-01
-1.367442011833190918e-01
1.890179067850112915e-01
9.512676298618316650e-02
2.171581387519836426e-01
2.952192425727844238e-01
-3.224897980690002441e-01
-2.551814019680023193e-01
-3.111008927226066589e-02
-1.202361881732940674e-01
6.278020888566970825e-02
-2.399475425481796265e-01
-3.925174474716186523e-01
-4.112469553947448730e-01
-4.250622987747192383e-01
-4.912340044975280762e-01
2.023644596338272095e-01
8.241488784551620483e-02
9.145753830671310425e-02
-4.837945848703384399e-02
-1.808919459581375122e-01
2.090727686882019043e-01
-1.568507775664329529e-02
-4.002649337053298950e-02
1.088879816234111786e-02
1.974214762449264526e-01
1.900629848241806030e-01
-4.345593228936195374e-02
8.878970146179199219e-02
2.323700040578842163e-01
2.850040495395660400e-01
1.096682623028755188e-01
3.519083932042121887e-02
8.482885360717773438e-02
-9.755200892686843872e-02
5.240237712860107422e-02
-2.370299845933914185e-01
-1.417598724365234375e-01
-1.584408730268478394e-01
9.704861044883728027e-02
5.091413855552673340e-02
-2.631643414497375488e-01
1.119901612401008606e-01
1.699791103601455688e-01
6.261120084673166275e-03
-6.134582683444023132e-02
6.475589238107204437e-03
1.703919768333435059e-01
2.178677320480346680e-01
-2.272175997495651245e-01
-1.438095271587371826e-01
-2.336147706955671310e-03
6.902668625116348267e-02
3.936211019754409790e-02
5.910827219486236572e-02
8.689193055033683777e-04
-1.304851919412612915e-01
-2.300776913762092590e-02
-3.728078603744506836e-01
-1.664675772190093994e-01
2.415490448474884033e-01
2.400933951139450073e-01
-1.893070191144943237e-01
-1.546041965484619141e-01
6.520619243383407593e-02
1.696933507919311523e-01
-6.200069934129714966e-02
-2.443171665072441101e-02
-2.825428545475006104e-01
1.943505555391311646e-01
2.821500599384307861e-01
-1.309259384870529175e-01
-1.712750047445297241e-01
-3.004428744316101074e-01
7.672861218452453613e-02
3.003940284252166748e-01
-2.383344173431396484e-01
-3.917674422264099121e-01
-2.010896205902099609e-01
3.463335037231445312e-01
2.767119407653808594e-01
-1.375087946653366089e-01
-6.533719599246978760e-02
-7.163107395172119141e-02
4.794988036155700684e-02
-2.268753796815872192e-01
-2.528835237026214600e-01
-1.031978279352188110e-01
-3.385317511856555939e-03
-7.902387529611587524e-02
-7.481109350919723511e-02
-2.354467064142227173e-01
1.355231702327728271e-01
1.442854106426239014e-01
-7.168275862932205200e-02
-9.274263679981231689e-02
-2.266973555088043213e-01
-2.691132761538028717e-02
6.126474216580390930e-02
1.124266758561134338e-01
-1.305452436208724976e-01
-2.062798589468002319e-01
-4.103199578821659088e-03
-1.175023168325424194e-01
-9.396753273904323578e-03
-1.214222386479377747e-01
-1.668207496404647827e-01
-2.037649899721145630e-01
-2.460632324218750000e-01
-6.774549931287765503e-02
1.489500552415847778e-01
-2.386296093463897705e-01
2.033184096217155457e-02
2.293034642934799194e-01
1.521312296390533447e-01
2.289400845766067505e-01
1.499024778604507446e-01
3.039884567260742188e-01
3.041948676109313965e-01
3.309410214424133301e-01
2.330360114574432373e-01
3.866986632347106934e-01
2.246318459510803223e-01
-7.830932736396789551e-02
-9.874864667654037476e-02
1.339354813098907471e-01
-2.141129821538925171e-01
-3.822174072265625000e-01
-4.729936420917510986e-01
-5.414202809333801270e-01
-2.673203051090240479e-01
5.309184268116950989e-02
3.670774102210998535e-01
4.468699991703033447e-01
7.236909866333007812e-02
2.545522451400756836e-01
-2.264926135540008545e-01
-2.839877605438232422e-01
-1.507188975811004639e-01
-7.604277133941650391e-02
-1.407160460948944092e-01
-3.625444173812866211e-01
-5.913784503936767578e-01
-3.349059522151947021e-01
-2.259521633386611938e-01
-1.446554511785507202e-01
2.084106504917144775e-01
-1.473026722669601440e-01
-5.252609774470329285e-02
5.739612132310867310e-02
-1.562970131635665894e-01
4.498148560523986816e-01
3.966203629970550537e-01
3.682355955243110657e-02
1.967948973178863525e-01
6.174685806035995483e-02
-1.518880724906921387e-01
1.503815054893493652e-01
-1.137019395828247070e-01
1.545031368732452393e-02
-7.730954885482788086e-02
2.988167703151702881e-01
3.585234582424163818e-01
4.003921151161193848e-01
3.676693737506866455e-01
1.224108487367630005e-01
-1.729117035865783691e-01
-2.261843234300613403e-01
8.893304318189620972e-02
2.664457261562347412e-01
1.331345289945602417e-01
-3.846819400787353516e-01
-2.147796899080276489e-01
-4.477859735488891602e-01
-7.475131005048751831e-02
-1.783509403467178345e-01
1.115790456533432007e-01
-1.817651838064193726e-01
-1.682020723819732666e-01
-3.260613977909088135e-02
1.234665587544441223e-01
-2.925082743167877197e-01
-6.239197030663490295e-02
9.203006327152252197e-02
3.910042643547058105e-01
4.168845713138580322e-02
2.690975069999694824e-01
2.293659746646881104e-01
1.961287409067153931e-01
9.000230580568313599e-02
-1.860884130001068115e-01
2.041085809469223022e-01
2.521958351135253906e-01
9.342749416828155518e-02
-1.356469541788101196e-01
-4.346318542957305908e-01
8.184236288070678711e-02
3.821011185646057129e-01
-2.937141060829162598e-01
-3.433640599250793457e-01
-3.122194111347198486e-02
9.695909172296524048e-02
-2.290452271699905396e-02
-4.732588231563568115e-01
-2.252832055091857910e-01
-2.836019098758697510e-01
-1.602060198783874512e-01
-6.421320140361785889e-02
2.309055253863334656e-02
1.159241050481796265e-02
2.054600119590759277e-01
-1.466050595045089722e-01
1.335114538669586182e-01
1.830320507287979126e-01
-2.915583550930023193e-02
1.402917802333831787e-01
-2.767418622970581055e-01
-2.227047532796859741e-01
8.760757744312286377e-02
9.199289232492446899e-02
1.144957840442657471e-01
-9.398961812257766724e-02
-1.234567761421203613e-01
6.118069961667060852e-02
-1.715380847454071045e-01
1.845888942480087280e-01
-1.312340050935745239e-01
-1.588539928197860718e-01
-9.885034710168838501e-02
-1.133766770362854004e-01
3.169900551438331604e-02
2.054577767848968506e-01
-6.384940934367477894e-04
-3.317677378654479980e-01
-2.978621423244476318e-01
-8.601036667823791504e-02
3.115887641906738281e-01
9.858757257461547852e-02
-2.929618358612060547e-01
-4.657670855522155762e-01
5.492231622338294983e-02
2.514757812023162842e-01
4.386511147022247314e-01
2.425909508019685745e-03
-3.532320261001586914e-01
-1.890687197446823120e-01
1.546242684125900269e-01
4.230541288852691650e-01
1.940052062273025513e-01
-1.888819783926010132e-01
-2.039643377065658569e-01
-1.922415345907211304e-01
2.851376831531524658e-01
1.345023959875106812e-01
-1.645534187555313110e-01
1.214159727096557617e-01
-1.086858585476875305e-01
-3.459610790014266968e-02
6.000448763370513916e-02
-9.544113278388977051e-02
-3.036626577377319336e-01
-2.263332009315490723e-01
7.146088778972625732e-02
-6.275246292352676392e-02
-3.681040182709693909e-02
-1.877860575914382935e-01
-1.366464197635650635e-01
-1.136441752314567566e-01
-3.933389857411384583e-02
-3.028298914432525635e-01
3.452900424599647522e-02
-1.347008496522903442e-01
-9.612417966127395630e-02
-6.145273149013519287e-02
-2.754506468772888184e-01
2.511208951473236084e-01
-3.016759455204010010e-01
2.851385623216629028e-02
-9.552381932735443115e-02
-1.132926791906356812e-01
2.186737805604934692e-01
-1.124133765697479248e-01
-2.995816292241215706e-03
1.120041124522686005e-03
-4.208899438381195068e-01
5.271445959806442261e-02
1.056868657469749451e-01
1.058810204267501831e-01
-3.353408351540565491e-02
-6.074551939964294434e-01
-3.858135044574737549e-01
8.378830738365650177e-03
2.305215224623680115e-02
3.026091754436492920e-01
7.565906643867492676e-02
-2.752525210380554199e-01
-4.313155263662338257e-02
2.533103823661804199e-01
2.745680510997772217e-01
2.313224524259567261e-01
8.071510493755340576e-02
-3.785691261291503906e-01
-9.586301445960998535e-02
1.635348051786422729e-01
2.267566770315170288e-01
1.112042441964149475e-01
-2.241202630102634430e-02
9.106634184718132019e-03
-2.448275834321975708e-01
-1.778408139944076538e-01
-2.067638039588928223e-01
8.645644783973693848e-02
4.309893399477005005e-02
-1.788905262947082520e-01
1.427256464958190918e-01
8.022425323724746704e-02
8.153214305639266968e-02
8.212653547525405884e-02
1.922643035650253296e-01
-3.227501362562179565e-02
-2.105139940977096558e-01
1.294853687286376953e-01
7.554712891578674316e-02
-7.435344904661178589e-02
2.973269522190093994e-01
7.889948785305023193e-02
6.589943170547485352e-02
-1.573451161384582520e-01
6.899795681238174438e-02
-2.465899102389812469e-02
1.217353269457817078e-01
-6.335972994565963745e-02
9.273798763751983643e-02
9.141396731138229370e-02
6.337822228670120239e-02
-6.049452349543571472e-02
1.464972496032714844e-01
7.480431348085403442e-02
2.724079787731170654e-01
4.958656057715415955e-02
-1.501037180423736572e-01
-2.987290322780609131e-01
2.815696001052856445e-01
2.627155780792236328e-01
4.733327031135559082e-01
2.337294667959213257e-01
-4.486318230628967285e-01
-3.476591110229492188e-01
-1.447846591472625732e-01
4.429532587528228760e-02
2.363670170307159424e-01
-1.877368539571762085e-01
-3.166752457618713379e-01
-5.034877657890319824e-01
-3.151424527168273926e-01
1.244200095534324646e-01
1.747147589921951294e-01
8.938260376453399658e-02
5.475522950291633606e-02
1.450618654489517212e-01
-1.269997358322143555e-01
1.021643579006195068e-01
1.731097698211669922e-01
5.559277907013893127e-02
3.225462138652801514e-01
3.145479038357734680e-02
9.338586032390594482e-02
-7.845108211040496826e-02
3.518858179450035095e-02
1.135190296918153763e-02
-2.495946735143661499e-01
-1.888957321643829346e-01
-1.555481404066085815e-01
-1.761196106672286987e-01
2.224185019731521606e-01
1.148045435547828674e-01
-1.468533836305141449e-02
-7.680536806583404541e-02
1.675331741571426392e-01
1.627680659294128418e-01
-7.156538963317871094e-02
-2.041256874799728394e-01
-6.421889364719390869e-02
-2.540738880634307861e-01
-3.292433023452758789e-01
-6.274598091840744019e-02
1.305851489305496216e-01
-7.805193960666656494e-02
-1.185804679989814758e-01
-2.081039100885391235e-01
-2.485340982675552368e-01
-1.478170137852430344e-02
-1.665683239698410034e-01
-1.071096807718276978e-01
-3.305075764656066895e-01
-2.382247298955917358e-01
-3.226882517337799072e-01
2.369011566042900085e-02
-6.856248527765274048e-02
2.260396443307399750e-02
-4.211829230189323425e-02
-5.978587642312049866e-02
-2.393369562923908234e-02
-8.633444458246231079e-02
-1.553097069263458252e-01
-1.239039003849029541e-01
-4.666278511285781860e-02
-1.674779951572418213e-01
-1.184497177600860596e-01
-7.369301468133926392e-02
4.201197624206542969e-02
6.186157092452049255e-02
1.921382918953895569e-02
-1.637786030769348145e-01
2.788483910262584686e-02
8.812851458787918091e-02
8.113341033458709717e-02
-1.166956722736358643e-01
-7.458782196044921875e-02
3.457609191536903381e-02
1.108750700950622559e-01
1.790320575237274170e-01
-8.998019993305206299e-02
-1.177334785461425781e-01
1.448695957660675049e-01
3.866747394204139709e-02
1.528447419404983521e-01
4.860125482082366943e-02
-4.163460433483123779e-02
-1.067156791687011719e-01
-1.237091347575187683e-01
3.193005174398422241e-02
-2.242442965507507324e-01
1.236776169389486313e-02
-1.738767698407173157e-02
-2.113659232854843140e-01
-2.095099352300167084e-02
-5.644944682717323303e-02
-5.580963194370269775e-02
-1.997079551219940186e-01
-2.526308298110961914e-01
-1.908405125141143799e-01
-1.066905409097671509e-01
2.583512477576732635e-02
2.486825548112392426e-02
-7.290185242891311646e-02
-1.805356889963150024e-01
-7.804339379072189331e-02
7.222434505820274353e-03
-9.738896042108535767e-02
3.882246091961860657e-02
1.071071773767471313e-01
8.082690834999084473e-02
5.599552020430564880e-02
-4.706325009465217590e-02
-8.309232443571090698e-02
2.959902398288249969e-02
-5.592360347509384155e-02
-4.899888113141059875e-02
3.104805760085582733e-02
7.390225678682327271e-02
8.670512586832046509e-02
-1.298816222697496414e-02
8.054633438587188721e-02
-2.439477248117327690e-03
1.490065455436706543e-01
1.703836210072040558e-02
-3.602179884910583496e-02
-1.013259813189506531e-01
-6.765534728765487671e-02
5.660225450992584229e-02
1.481619775295257568e-01
-1.433187257498502731e-02
-1.160173639655113220e-01
-9.081254154443740845e-02
-1.461315155029296875e-01
-5.615731328725814819e-02
4.197605699300765991e-02
-1.394392848014831543e-01
-1.392359286546707153e-01
9.041539579629898071e-02
1.602693647146224976e-01
-1.735382825136184692e-01
-1.245893314480781555e-01
7.397266477346420288e-02
3.077618964016437531e-02
1.772020757198333740e-01
8.014892041683197021e-02
-1.787255555391311646e-01
9.902503341436386108e-02
2.015861272811889648e-01
2.413421422243118286e-01
-3.726540133357048035e-02
-1.258583180606365204e-02
6.706222891807556152e-02
2.820481061935424805e-01
1.048054322600364685e-01
7.556831091642379761e-02
-5.808739922940731049e-03
-1.343205124139785767e-01
-9.507988393306732178e-02
1.199167221784591675e-01
-3.860245272517204285e-02
-1.305039376020431519e-01
-1.140388920903205872e-01
-8.449700544588267803e-04
9.189182519912719727e-02
7.125657051801681519e-02
-5.951778963208198547e-02
6.562260910868644714e-03
6.632900983095169067e-02
6.625384092330932617e-02
-1.946426481008529663e-01
-1.496434956789016724e-01
-2.376040071249008179e-02
-5.904658511281013489e-02
-1.427343580871820450e-02
-5.384718999266624451e-03
2.452915720641613007e-02
8.066787384450435638e-03
-1.964334212243556976e-02
1.666672527790069580e-02
6.171022728085517883e-02
-1.164485514163970947e-01
6.290534883737564087e-02
-1.889222264289855957e-01
-7.848265767097473145e-02
8.743793517351150513e-02
8.932414650917053223e-02
-7.809379696846008301e-02
-7.250060141086578369e-02
-1.547690331935882568e-01
1.360155194997787476e-01
1.421331614255905151e-01
-3.845990076661109924e-02
-1.802684366703033447e-01
-9.773731231689453125e-02
1.059216633439064026e-01
3.169219195842742920e-02
1.077072694897651672e-01
-8.205689489841461182e-02
-1.062982305884361267e-01
2.169556915760040283e-01
2.189815789461135864e-01
3.974162042140960693e-02
-2.348813973367214203e-02
-2.586016803979873657e-02
6.132788211107254028e-02
-2.212217450141906738e-01
1.220851987600326538e-01
2.079531252384185791e-01
1.178484782576560974e-01
-1.060323789715766907e-01
1.139592155814170837e-01
-1.194942221045494080e-01
-1.642851978540420532e-01
-2.159615978598594666e-02
-8.657700568437576294e-02
1.945749819278717041e-01
-4.393050819635391235e-02
-4.374537244439125061e-02
-2.691437602043151855e-01
2.721462249755859375e-01
2.722177803516387939e-01
2.143681980669498444e-02
-5.599230155348777771e-02
-2.485935389995574951e-01
2.913721501827239990e-01
-1.735090464353561401e-02
-1.385931372642517090e-01
-4.096026718616485596e-01
-4.514660835266113281e-01
1.999997496604919434e-01
-2.605725452303886414e-02
-6.262330710887908936e-02
5.396099761128425598e-03
1.042359396815299988e-01
-6.952607631683349609e-02
1.306983530521392822e-01
1.594470888376235962e-01
1.651293337345123291e-01
-5.881675315322354436e-05
-4.370837286114692688e-02
1.044175960123538971e-02
-6.162716820836067200e-02
-4.246015101671218872e-02
-6.062537804245948792e-02
1.443973332643508911e-01
1.599930375814437866e-01
-1.313938498497009277e-01
-1.875933259725570679e-01
-2.231722921133041382e-01
5.312690511345863342e-02
2.698053605854511261e-02
5.196983367204666138e-02
-8.673942834138870239e-02
-1.922294683754444122e-02
7.515658438205718994e-02
-4.416978452354669571e-03
-7.509043067693710327e-02
-4.455140978097915649e-02
-2.143303602933883667e-01
-5.406090989708900452e-02
-1.230348721146583557e-01
-1.144704818725585938e-01
-1.559661235660314560e-02
-2.856048569083213806e-02
6.228517740964889526e-02
-1.251720171421766281e-02
1.521983183920383453e-02
-9.302762150764465332e-02
2.218905240297317505e-01
1.858626678586006165e-02
1.364874746650457382e-02
6.864948570728302002e-02
9.741924703121185303e-02
9.705762565135955811e-02
-1.141612455248832703e-01
3.053554892539978027e-01
-5.183598026633262634e-02
7.620297372341156006e-02
6.059680506587028503e-02
5.560687556862831116e-02
-1.335133016109466553e-01
-7.419307529926300049e-02
1.099433936178684235e-02
-4.677067510783672333e-03
-2.498531527817249298e-02
-1.040237322449684143e-01
-2.354227937757968903e-03
-2.404277771711349487e-02
1.387296020984649658e-01
-1.147403344511985779e-01
-1.321384161710739136e-01
-8.205740153789520264e-02
-1.560733374208211899e-02
9.086770564317703247e-02
-8.236316591501235962e-02
-8.227340131998062134e-02
-3.323315456509590149e-02
-3.954599797725677490e-02
1.060176342725753784e-01
-8.096397668123245239e-02
3.394615650177001953e-02
4.541151598095893860e-02
2.137098927050828934e-03
4.206844046711921692e-02
-3.681118786334991455e-01
1.950348317623138428e-01
-1.022197827696800232e-01
4.625593125820159912e-02
-1.298543959856033325e-01
-5.451409146189689636e-02
-2.625823020935058594e-01
4.408460855484008789e-02
4.995379596948623657e-03
8.801154792308807373e-03
1.838050484657287598e-01
-2.822423540055751801e-02
-4.078981652855873108e-02
-1.520439684391021729e-01
1.557900458574295044e-01
-8.748190850019454956e-02
3.526087477803230286e-02
-1.127217635512351990e-01
-2.115147560834884644e-01
6.962580978870391846e-02
-2.335222810506820679e-02
8.428689092397689819e-02
-2.190686762332916260e-01
-1.018285825848579407e-01
2.294307053089141846e-01
8.669692277908325195e-02
1.808569878339767456e-01
-1.145341098308563232e-01
-1.195857748389244080e-01
9.335149079561233521e-02
6.021436676383018494e-02
-1.691942512989044189e-01
-1.206812113523483276e-01
-6.981912255287170410e-02
4.486064985394477844e-02
7.852894067764282227e-02
-1.646443456411361694e-01
9.012297540903091431e-02
-3.699827939271926880e-02
1.012287512421607971e-01
-1.585315614938735962e-01
-1.951418370008468628e-01
6.435110699385404587e-03
5.828303843736648560e-02
-1.254089623689651489e-01
-7.837892323732376099e-02
3.222318366169929504e-02
8.068651705980300903e-02
1.812843233346939087e-02
-8.730926364660263062e-02
-8.269859105348587036e-02
2.656398117542266846e-01
2.024477124214172363e-01
7.775493711233139038e-02
-1.841069757938385010e-02
-3.484128043055534363e-02
3.985812142491340637e-02
-5.840297043323516846e-02
3.659623861312866211e-02
-3.578423708677291870e-02
2.306312322616577148e-01
-2.735007740557193756e-02
-1.386664360761642456e-01
-2.101457491517066956e-02
-1.662707775831222534e-01
1.349027305841445923e-01
-1.034648641943931580e-01
-1.455681920051574707e-01
-2.868258357048034668e-01
-2.598536908626556396e-01
2.239838615059852600e-02
-1.917541772127151489e-01
-1.040732935070991516e-01
-6.846466660499572754e-02
3.248679265379905701e-02
-1.516168415546417236e-01
1.586639434099197388e-01
9.260079264640808105e-02
1.161725372076034546e-01
-7.860337942838668823e-02
-6.607401371002197266e-02
-1.506457924842834473e-01
-9.270635433495044708e-03
1.323233917355537415e-02
1.242303848266601562e-01
9.178408235311508179e-02
-1.076690778136253357e-01
-1.177049130201339722e-01
-9.475226700305938721e-02
1.051521748304367065e-01
-1.136154830455780029e-01
-1.446585953235626221e-01
-5.242387577891349792e-02
-1.656220853328704834e-01
-5.320671945810317993e-02
1.083427444100379944e-01
2.322967484360560775e-04
-1.132088378071784973e-01
-1.412397325038909912e-01
6.323307752609252930e-02
5.339080840349197388e-02
-1.142805069684982300e-01
-4.538355767726898193e-02
-8.284170180559158325e-03
1.394560486078262329e-01
-1.249373406171798706e-01
-3.926217555999755859e-02
-7.436692249029874802e-03
1.354371160268783569e-01
1.007127296179533005e-02
3.433149540796875954e-03
-5.867622792720794678e-02
-1.071697250008583069e-01
1.234901137650012970e-02
-1.544748097658157349e-01
2.142820358276367188e-01
1.031369268894195557e-01
-2.119229733943939209e-02
-6.413412094116210938e-02
-2.396177351474761963e-01
8.019773662090301514e-02
1.316764205694198608e-01
-2.939437143504619598e-02
-3.293840587139129639e-02
-1.305042952299118042e-01
1.060146018862724304e-01
1.974798180162906647e-02
-1.432974785566329956e-01
-5.881405249238014221e-02
1.523356419056653976e-02
-7.511093467473983765e-02
1.110449656844139099e-01
9.654993563890457153e-02
1.668777614831924438e-01
1.103919595479965210e-01
-1.049761995673179626e-01
5.180230364203453064e-03
-3.182045370340347290e-02
1.373417824506759644e-01
-1.698373816907405853e-02
4.372638463973999023e-02
-3.331747651100158691e-02
-1.732671558856964111e-01
-1.228940114378929138e-02
8.797898888587951660e-02
-1.907532066106796265e-01
-7.584225386381149292e-02
2.776931226253509521e-02
-1.121800160035490990e-03
7.406910508871078491e-02
-2.196286022663116455e-01
-2.318325340747833252e-01
1.188164427876472473e-01
3.246912965551018715e-03
1.042373552918434143e-01
-1.145549714565277100e-01
-3.298375606536865234e-01
6.059480831027030945e-02
1.012543588876724243e-01
1.436162833124399185e-02
8.890842646360397339e-02
-1.555695086717605591e-01
9.655562043190002441e-02
-3.245406970381736755e-02
1.167087536305189133e-02
3.990456089377403259e-02
-7.086773216724395752e-02
8.719255030155181885e-02
2.270387113094329834e-02
2.538868784904479980e-02
-4.456960409879684448e-02
1.042590141296386719e-01
1.660505086183547974e-01
1.191335394978523254e-01
9.377804398536682129e-02
1.357187777757644653e-01
-1.661230809986591339e-02
-9.101422876119613647e-02
4.257607087492942810e-02
1.825800724327564240e-02
1.933529376983642578e-01
3.341424465179443359e-02
1.334556750953197479e-02
-1.404356956481933594e-01
-2.080060839653015137e-01
1.119985952973365784e-01
7.611772418022155762e-02
6.921082735061645508e-02
-1.683731079101562500e-01
-2.166016697883605957e-01
4.012759029865264893e-02
-3.753009065985679626e-02
-1.303370692767202854e-03
-6.656813621520996094e-02
-8.293816447257995605e-02
1.461379788815975189e-02
3.603417053818702698e-02
-5.794878676533699036e-02
-5.636469274759292603e-02
-1.130343824625015259e-01
-3.254568204283714294e-02
-1.320733428001403809e-01
-2.012688219547271729e-01
7.975692301988601685e-02
3.836525976657867432e-02
-1.456717262044548988e-03
1.514733955264091492e-02
-2.316724509000778198e-01
1.857076585292816162e-02
1.332800239324569702e-01
2.980937808752059937e-02
5.419335514307022095e-02
-1.896582245826721191e-01
1.065047644078731537e-02
-1.043002083897590637e-01
8.390726894140243530e-02
9.630464017391204834e-03
8.178048580884933472e-02
1.188329681754112244e-01
-2.271145582199096680e-02
2.877103630453348160e-03
9.326227009296417236e-02
1.583489626646041870e-01
1.746789813041687012e-01
7.385350763797760010e-02
-2.763449251651763916e-01
-1.365418583154678345e-01
1.756454557180404663e-01
1.482931226491928101e-01
2.039385139942169189e-01
-2.093719840049743652e-01
-2.602719068527221680e-01
2.254061996936798096e-01
2.118437588214874268e-01
2.383469343185424805e-01
6.101719662547111511e-02
-8.898131549358367920e-02
1.197967976331710815e-01
6.382241845130920410e-02
6.695241481065750122e-02
-5.755105242133140564e-02
-1.116136205382645130e-03
5.521455407142639160e-02
1.648621410131454468e-01
1.093759387731552124e-01
2.457121945917606354e-02
9.026357531547546387e-02
4.543652758002281189e-02
3.282708814367651939e-03
1.340888906270265579e-02
1.404789835214614868e-01
9.962146729230880737e-02
9.297151118516921997e-02
1.905662007629871368e-02
1.099079176783561707e-01
1.445544958114624023e-01
1.038048937916755676e-01
-1.705653220415115356e-02
7.612814009189605713e-02
1.265511363744735718e-01
1.600966155529022217e-01
6.130689755082130432e-02
1.438137795776128769e-02
-7.768315076828002930e-02
4.850444942712783813e-02
1.010520830750465393e-01
6.199130415916442871e-02
2.954722195863723755e-02
1.255013979971408844e-02
6.116732209920883179e-02
6.806612480431795120e-03
-7.712493091821670532e-02
4.359875340014696121e-03
-1.749117523431777954e-01
1.117623597383499146e-02
-2.158841677010059357e-02
-8.744518458843231201e-02
-3.673626482486724854e-02
-2.642612457275390625e-01
-4.359457790851593018e-01
-1.551100462675094604e-01
-8.873969316482543945e-02
-5.383672565221786499e-02
-2.132333666086196899e-01
-3.675925731658935547e-01
-1.632872074842453003e-01
-2.168548107147216797e-01
-1.816397309303283691e-01
-1.193154007196426392e-01
-2.693405151367187500e-01
-2.836943417787551880e-02
-9.916932135820388794e-02
-1.559337675571441650e-01
-2.361417002975940704e-02
-7.552341558039188385e-03
-3.203575313091278076e-01
-2.426448613405227661e-01
-1.044799759984016418e-01
-2.344392091035842896e-01
-2.808664143085479736e-01
4.046637564897537231e-02
-1.194741856306791306e-02
-2.403855472803115845e-01
-2.595386505126953125e-01
-1.269901692867279053e-01
6.209406629204750061e-02
8.860547840595245361e-02
-2.799510024487972260e-02
-4.438744187355041504e-01
-3.414639532566070557e-01
-1.469605416059494019e-01
-5.316709633916616440e-03
-3.674709238111972809e-03
-2.989537119865417480e-01
-2.851292490959167480e-01
-5.844724000780843198e-06
-6.686667352914810181e-02
-9.686024487018585205e-02
-1.760353446006774902e-01
-3.194129168987274170e-01
-1.152258887887001038e-01
-2.060922831296920776e-01
-1.588940918445587158e-01
-6.262154132127761841e-02
6.279551982879638672e-02
9.540737420320510864e-02
8.476826548576354980e-02
8.232701569795608521e-02
1.499509345740079880e-02
-1.449082884937524796e-02
-9.022562950849533081e-02
-2.279275506734848022e-01
-1.065888791345059872e-03
-2.774834632873535156e-02
-3.714099526405334473e-02
-1.214495748281478882e-01
-2.225390225648880005e-01
-2.761993184685707092e-02
2.565305121243000031e-02
1.434502750635147095e-02
-1.109122037887573242e-01
-1.424581259489059448e-01
-1.813214421272277832e-01
-3.731338381767272949e-01
-6.657651811838150024e-02
-8.574631065130233765e-02
-1.362897902727127075e-01
-1.519446223974227905e-01
-9.856376051902770996e-02
-2.599873766303062439e-02
-5.472401157021522522e-02
-1.038317289203405380e-02
5.223212391138076782e-02
-1.174308434128761292e-01
1.096227243542671204e-01
-2.389815449714660645e-01
-5.071945860981941223e-02
-2.178162485361099243e-01
-2.921223640441894531e-01
1.325448006391525269e-01
3.077049925923347473e-02
1.010052636265754700e-01
-9.495657868683338165e-03
-3.355805873870849609e-01
3.288421407341957092e-02
2.154421992599964142e-02
2.763099409639835358e-02
-1.691108793020248413e-01
8.947235345840454102e-02
-1.603411510586738586e-02
-2.215422131121158600e-02
6.152826547622680664e-02
9.417778253555297852e-02
2.081281132996082306e-02
-4.578435793519020081e-02
4.078290611505508423e-02
6.035307422280311584e-02
1.061742678284645081e-01
1.125264391303062439e-01
9.147591888904571533e-02
-1.697785109281539917e-01
-1.301596164703369141e-01
7.284761965274810791e-02
9.320395439863204956e-02
8.691923320293426514e-02
5.504929274320602417e-02
-3.269452750682830811e-01
-7.875191047787666321e-03
1.375405192375183105e-01
6.088602915406227112e-02
1.649122685194015503e-01
-1.186262071132659912e-01
-5.324257165193557739e-02
-8.392384625039994717e-04
2.285013534128665924e-02
5.823903530836105347e-02
-4.563775658607482910e-02
-1.124574691057205200e-01
-8.115267753601074219e-02
-6.655292958021163940e-02
9.832147508859634399e-03
6.171252578496932983e-02
-8.383074402809143066e-02
9.081206470727920532e-02
2.383439391851425171e-01
-2.473407052457332611e-02
1.169866845011711121e-01
-1.589108854532241821e-01
1.359769850969314575e-01
3.099066019058227539e-01
1.722764968872070312e-02
1.495390683412551880e-01
1.921509355306625366e-01
-1.326435059309005737e-01
1.309859901666641235e-01
5.879300460219383240e-02
1.332297474145889282e-01
1.553147882223129272e-01
1.539178937673568726e-02
1.246660277247428894e-01
8.502650260925292969e-02
-7.268151640892028809e-02
-1.962558180093765259e-02
1.176515892148017883e-01
1.549002081155776978e-01
1.033510044217109680e-01
1.600156724452972412e-02
8.271281421184539795e-02
1.611053049564361572e-01
-8.380152285099029541e-04
1.049368456006050110e-01
1.110378373414278030e-02
6.174485012888908386e-02
3.579745814204216003e-02
3.080314584076404572e-02
1.238775476813316345e-01
-7.841894403100013733e-03
-1.694144308567047119e-02
-7.068650424480438232e-02
-2.952890470623970032e-02
2.642713114619255066e-02
1.337977033108472824e-02
1.661395281553268433e-02
-1.014467328786849976e-01
6.687576323747634888e-02
5.798829346895217896e-02
1.443562097847461700e-02
-7.076156884431838989e-02
-5.939168483018875122e-02
-3.411348909139633179e-02
-2.583599686622619629e-01
-4.318943917751312256e-01
-3.058405518531799316e-01
-4.058935120701789856e-02
-1.777677386999130249e-01
1.988587528467178345e-01
-2.009967565536499023e-01
-2.308439016342163086e-01
-4.621409170795232058e-04
1.129446476697921753e-01
8.154448866844177246e-02
1.971370726823806763e-02
-4.158276319503784180e-02
-5.021095648407936096e-02
2.636233903467655182e-02
-8.261410519480705261e-03
5.599512904882431030e-02
-6.422243267297744751e-02
-2.130809724330902100e-01
-2.265669256448745728e-01
7.333072274923324585e-02
2.140295878052711487e-02
3.023137710988521576e-02
6.575121730566024780e-02
-2.159152738749980927e-02
5.762436985969543457e-02
7.237392477691173553e-03
-2.829889953136444092e-01
-9.080444276332855225e-02
-8.644234389066696167e-02
1.157848685979843140e-01
-2.275161072611808777e-02
-1.378978192806243896e-01
-1.422649621963500977e-01
7.894558459520339966e-02
-6.273466628044843674e-03
1.052756309509277344e-01
-4.869424179196357727e-02
-2.197058051824569702e-01
1.134142652153968811e-01
1.291852146387100220e-01
1.337101608514785767e-01
-8.005783893167972565e-03
-2.149010542780160904e-03
-1.329493336379528046e-02
2.151105850934982300e-01
1.392162740230560303e-01
1.604907028377056122e-02
5.137956142425537109e-02
4.243455082178115845e-02
3.021112084388732910e-02
-2.192856743931770325e-02
1.007120609283447266e-01
1.025069281458854675e-01
2.664879336953163147e-02
-1.159485578536987305e-01
-2.057202607393264771e-01
7.695940136909484863e-02
1.423443853855133057e-01
2.690044231712818146e-02
-2.971386536955833435e-02
-9.141006320714950562e-02
-9.187360852956771851e-02
1.717755198478698730e-02
1.218159571290016174e-01
6.135759875178337097e-02
1.388424076139926910e-02
-9.317255020141601562e-02
-1.717675328254699707e-01
2.017644234001636505e-02
-3.639850765466690063e-02
-1.342717260122299194e-01
-2.522368729114532471e-01
-1.890717595815658569e-01
-5.878477916121482849e-02
2.154534012079238892e-01
4.964417219161987305e-02
6.548117846250534058e-02
1.821654886007308960e-01
1.414354443550109863e-01
-3.031216934323310852e-02
-1.857776194810867310e-01
-2.976068481802940369e-02
1.191669479012489319e-01
1.074624881148338318e-01
-5.426132306456565857e-02
-1.197790261358022690e-02
2.352494280785322189e-03
1.946701109409332275e-02
2.440494596958160400e-01
8.630496449768543243e-03
1.674963347613811493e-02
-5.513978749513626099e-02
-1.211318969726562500e-01
8.130560070276260376e-02
1.234044786542654037e-02
2.574374154210090637e-02
-5.866648629307746887e-02
8.450794219970703125e-02
5.774397775530815125e-02
2.771070972084999084e-02
-3.896068409085273743e-02
-3.165664523839950562e-02
6.144252419471740723e-02
-4.060657322406768799e-02
3.756457939743995667e-03
-1.820035576820373535e-01
-1.105020418763160706e-01
-1.915042549371719360e-01
-3.683115243911743164e-01
-2.673114649951457977e-02
-3.912587165832519531e-01
-2.198910266160964966e-01
-1.514328867197036743e-01
-3.542317822575569153e-02
-1.139646470546722412e-01
-3.547718375921249390e-02
-2.474900521337985992e-02
5.655197054147720337e-02
1.774208396673202515e-01
-1.018145959824323654e-02
-7.197529822587966919e-02
1.498783752322196960e-02
-2.006204426288604736e-02
-3.724315389990806580e-02
-2.072055935859680176e-01
-6.869832426309585571e-02
-9.266960620880126953e-02
-1.165207549929618835e-01
-1.194242313504219055e-01
-9.504386782646179199e-02
-4.316801205277442932e-02
-1.088604051619768143e-02
-1.599670797586441040e-01
-7.807257026433944702e-02
-8.792574703693389893e-02
2.275945805013179779e-02
7.894749753177165985e-03
-1.179239805787801743e-02
-1.157873943448066711e-01
-2.351372689008712769e-02
5.631984397768974304e-02
1.173982769250869751e-02
5.730238929390907288e-02
8.507885783910751343e-02
-1.337771210819482803e-02
2.939263731241226196e-02
-3.176597505807876587e-02
1.591164432466030121e-02
4.399769473820924759e-03
1.532575637102127075e-01
7.309377193450927734e-02
-1.263802126049995422e-02
1.113375946879386902e-01
7.741074264049530029e-02
-7.213135063648223877e-02
4.993160068988800049e-02
-7.183184381574392319e-03
9.045767039060592651e-02
-6.581526994705200195e-02
-4.433656483888626099e-02
-9.425310418009757996e-03
-2.689628899097442627e-01
-1.509544551372528076e-01
-6.656453013420104980e-02
-4.443841800093650818e-02
-3.684887662529945374e-03
5.435201153159141541e-02
5.365426093339920044e-02
7.565138489007949829e-02
2.083456842228770256e-03
-3.506546141579747200e-03
8.785565383732318878e-03
5.607987195253372192e-02
-4.900216683745384216e-02
1.337254345417022705e-01
-1.849000006914138794e-01
-3.484512493014335632e-02
8.859803527593612671e-02
-1.491011828184127808e-01
1.395643949508666992e-01
-4.004385769367218018e-01
-2.864784002304077148e-01
-1.523798257112503052e-01
-1.058063209056854248e-01
-6.040801480412483215e-02
-3.225891292095184326e-01
-1.469598114490509033e-01
-2.133556008338928223e-01
3.788289055228233337e-02
-1.609106361865997314e-01
-2.499764263629913330e-01
2.325144223868846893e-02
-2.134433574974536896e-02
1.226575672626495361e-01
-9.128014743328094482e-02
-1.185930669307708740e-01
-3.419185057282447815e-02
-3.561408072710037231e-02
-4.274658113718032837e-02
1.610511690378189087e-01
-8.181163668632507324e-02
2.580250799655914307e-02
-1.044621318578720093e-01
-4.696974903345108032e-02
3.634816408157348633e-02
-6.396888941526412964e-02
1.188393458724021912e-01
-5.780845135450363159e-02
-5.306337028741836548e-03
-3.767709061503410339e-02
-1.811158806085586548e-01
-1.333488523960113525e-01
-1.095318607985973358e-02
1.011951342225074768e-01
-1.063390746712684631e-01
-2.402860224246978760e-01
-1.740594208240509033e-01
-5.998645909130573273e-03
-6.731361150741577148e-03
-1.036285143345594406e-02
6.838860362768173218e-02
-7.520149648189544678e-02
7.168537378311157227e-02
6.303714960813522339e-02
2.075408399105072021e-01
9.619447588920593262e-02
6.372763216495513916e-02
1.365238875150680542e-01
8.879840373992919922e-02
7.934819161891937256e-02
1.469144374132156372e-01
1.665565967559814453e-01
3.118318021297454834e-01
9.885040670633316040e-02
2.015065550804138184e-01
2.780049145221710205e-01
2.183603346347808838e-01
-1.952674686908721924e-01
-4.570650160312652588e-01
1.222199052572250366e-01
-1.836895346641540527e-01
-5.990170408040285110e-03
7.183422148227691650e-02
6.407655775547027588e-02
1.556594520807266235e-01
1.188610047101974487e-01
1.388963460922241211e-01
8.367101103067398071e-02
4.784184694290161133e-02
-8.350365608930587769e-02
2.858401648700237274e-02
7.340169697999954224e-02
-3.533335402607917786e-02
-9.176752716302871704e-02
8.019460737705230713e-02
-5.059036239981651306e-02
1.269444972276687622e-01
-1.283716410398483276e-01
-5.988190695643424988e-02
1.393044367432594299e-02
1.246148794889450073e-01
2.137377262115478516e-01
9.045577794313430786e-02
-4.319767467677593231e-03
6.455674767494201660e-02
1.933948546648025513e-01
1.733155250549316406e-01
-5.502786487340927124e-03
-1.355165392160415649e-01
2.794920206069946289e-01
2.798744738101959229e-01
1.058124452829360962e-01
4.645557701587677002e-02
-2.844428457319736481e-02
-1.731960661709308624e-02
-8.509998023509979248e-02
6.790462881326675415e-03
-6.368680298328399658e-02
-8.403341472148895264e-02
1.590333878993988037e-02
-1.947286352515220642e-02
2.527934499084949493e-02
3.458871319890022278e-02
9.872531890869140625e-02
1.401836425065994263e-01
9.132755547761917114e-02
1.280812770128250122e-01
1.089528799057006836e-01
-1.568213701248168945e-01
2.315466850996017456e-01
1.233911514282226562e-01
-2.247969387099146843e-03
-3.177452087402343750e-01
-1.712683290243148804e-01
1.157235130667686462e-01
1.095568388700485229e-01
2.034492045640945435e-02
2.038049697875976562e-01
1.612977683544158936e-01
4.721005097962915897e-04
-7.888503372669219971e-02
1.047157868742942810e-02
7.626041024923324585e-02
1.728993058204650879e-01
-1.985984481871128082e-02
-4.289056360721588135e-02
6.457884609699249268e-02
1.241021677851676941e-01
5.104964971542358398e-02
-1.296690255403518677e-01
-6.464314460754394531e-02
-7.523419708013534546e-02
-1.549739837646484375e-01
-7.873654365539550781e-02
-7.373616844415664673e-02
-1.070542410016059875e-01
-9.814665466547012329e-02
-1.052511930465698242e-01
-7.479432970285415649e-02
-1.482731103897094727e-01
3.814210742712020874e-02
1.659963130950927734e-01
7.763648033142089844e-02
-1.078784000128507614e-02
5.291423946619033813e-02
-5.841037631034851074e-02
1.628620736300945282e-02
1.078135706484317780e-02
-1.825647056102752686e-02
4.496183991432189941e-02
-1.162431761622428894e-01
-6.734909117221832275e-02
4.700135067105293274e-02
9.283373504877090454e-02
2.918041776865720749e-03
-5.909236147999763489e-02
-1.748484671115875244e-01
-1.515036374330520630e-01
-1.873914450407028198e-01
3.928262740373611450e-02
2.901475410908460617e-03
-1.141122654080390930e-01
-1.066052094101905823e-01
2.668990939855575562e-02
-6.801775097846984863e-02
-4.013134539127349854e-02
-7.898584008216857910e-03
1.997017413377761841e-01
1.640474349260330200e-01
1.300813555717468262e-01
7.725245505571365356e-02
3.522770851850509644e-02
1.331399083137512207e-01
-3.639296162873506546e-03
3.743540495634078979e-02
-4.020332917571067810e-02
-7.955455034971237183e-02
4.549344256520271301e-02
3.762406762689352036e-03
9.331560879945755005e-02
-2.632008120417594910e-02
-9.524337202310562134e-02
-1.621760725975036621e-01
-2.925407886505126953e-02
-8.421997725963592529e-02
9.051305800676345825e-02
5.446267127990722656e-02
-1.117495354264974594e-02
-6.608837842941284180e-02
2.184020541608333588e-02
-1.029024496674537659e-01
4.658073931932449341e-02
4.413195699453353882e-02
1.015909854322671890e-02
-1.253957003355026245e-01
4.462635144591331482e-03
6.819052994251251221e-02
-3.123365342617034912e-02
-1.216153204441070557e-01
-3.435260802507400513e-02
-1.957991905510425568e-02
1.364080756902694702e-01
-2.194448709487915039e-01
9.401886165142059326e-02
-1.520770341157913208e-01
-1.770448088645935059e-01
-1.543332636356353760e-01
-1.454622391611337662e-02
3.142451867461204529e-02
-1.358156949281692505e-01
-1.657180041074752808e-01
1.305800769478082657e-02
-1.823788508772850037e-02
-5.548891797661781311e-02
-1.118638273328542709e-02
2.601680532097816467e-02
-8.656896650791168213e-02
-4.618751257658004761e-02
9.919430129230022430e-03
-1.351200137287378311e-02
7.455752789974212646e-02
-8.192329551093280315e-05
9.528870694339275360e-03
-7.702178508043289185e-02
7.602937519550323486e-02
1.662500500679016113e-01
-1.095878891646862030e-02
-4.899162799119949341e-02
3.843363374471664429e-03
-1.164992004632949829e-01
-2.644322626292705536e-02
-9.263524413108825684e-02
-1.331794410943984985e-01
1.474879449233412743e-03
5.813554301857948303e-02
1.964995712041854858e-01
5.759850889444351196e-02
7.770115137100219727e-02
1.159666180610656738e-01
1.204320322722196579e-02
-5.277070403099060059e-02
4.672944918274879456e-02
-6.031104922294616699e-02
-1.060301065444946289e-01
7.953806221485137939e-02
-2.287080511450767517e-02
5.856969580054283142e-02
-3.840857744216918945e-02
-1.461321711540222168e-01
-1.113773178076371551e-04
2.161194197833538055e-02
6.239304319024085999e-02
2.338075079023838043e-02
6.467249244451522827e-03
2.256437763571739197e-02
-7.670646905899047852e-02
-1.174368858337402344e-01
-2.447472512722015381e-01
-1.843115538358688354e-01
-5.288170278072357178e-02
-7.507567107677459717e-02
-1.810200512409210205e-02
-3.958153724670410156e-02
7.446870207786560059e-03
-9.457699209451675415e-02
1.593864895403385162e-02
-4.071201756596565247e-02
1.513665448874235153e-02
-9.140774607658386230e-02
-6.777588278055191040e-02
-1.803646683692932129e-01
-1.133874803781509399e-01
-1.088213846087455750e-01
-7.121797651052474976e-03
-6.027852371335029602e-02
-5.076178535819053650e-02
-2.891278825700283051e-02
-3.289135545492172241e-02
1.558590680360794067e-02
1.145871132612228394e-01
1.045133098959922791e-01
7.889574021100997925e-02
3.007270209491252899e-02
-1.639170199632644653e-01
1.311447322368621826e-01
5.230055376887321472e-02
-2.879633195698261261e-02
-1.835950911045074463e-01
-6.521889567375183105e-02
4.398274049162864685e-02
-1.474875397980213165e-02
-4.020331427454948425e-02
1.199944838881492615e-01
6.162159889936447144e-02
-5.378453060984611511e-02
3.665389865636825562e-02
2.675624191761016846e-02
-9.155447781085968018e-02
-6.720595806837081909e-02
1.131397113204002380e-01
-1.928567327558994293e-02
2.315397839993238449e-03
-3.362778574228286743e-02
4.185910895466804504e-02
3.560054302215576172e-02
3.447135910391807556e-02
4.533927142620086670e-02
6.430400907993316650e-02
-5.489085242152214050e-02
-5.557559896260499954e-03
7.221895456314086914e-02
-8.993473649024963379e-02
-2.023884654045104980e-01
-2.165045738220214844e-01
-5.337459221482276917e-02
-3.349335119128227234e-02
-2.900375425815582275e-02
9.265776723623275757e-02
7.024134695529937744e-02
-5.013060569763183594e-02
-1.321526169776916504e-01
-8.744176477193832397e-02
-1.141432002186775208e-01
7.260462641716003418e-02
-7.563991099596023560e-02
-5.718435347080230713e-02
5.271637067198753357e-02
1.344406455755233765e-01
3.008746728301048279e-02
-2.428304031491279602e-02
8.570617996156215668e-03
-1.038379408419132233e-02
-9.319446980953216553e-02
-3.181141242384910583e-02
4.453784972429275513e-02
6.819356232881546021e-02
-9.766746312379837036e-02
-4.652052745223045349e-02
-1.039499789476394653e-01
7.216429710388183594e-02
-1.895881071686744690e-02
-4.682868346571922302e-02
-2.642712593078613281e-01
-1.167349144816398621e-01
-1.228589490056037903e-01
-2.947461977601051331e-02
-1.119394153356552124e-01
-2.578547596931457520e-02
-1.323469877243041992e-01
-1.822312772274017334e-01
-1.012206971645355225e-01
1.421913057565689087e-01
-1.239034160971641541e-02
-6.830280274152755737e-02
-1.626184880733489990e-01
-6.890492141246795654e-02
-3.157550841569900513e-02
-1.750413924455642700e-01
-1.332531273365020752e-01
-3.916006535291671753e-02
-3.149752020835876465e-01
-2.621031105518341064e-01
-1.391198933124542236e-01
-1.864485591650009155e-01
-1.571451723575592041e-01
-2.540089786052703857e-01
-1.031584516167640686e-01
-2.292582765221595764e-02
1.330966800451278687e-01
2.588172070682048798e-02
7.438471913337707520e-02
2.318098209798336029e-02
-5.230802670121192932e-02
6.325670983642339706e-04
-2.111680991947650909e-02
-1.448341878131031990e-03
-5.955403205007314682e-03
1.311589777469635010e-01
2.581194741651415825e-03
-1.402179598808288574e-01
1.600263174623250961e-03
1.195045467466115952e-02
8.754353970289230347e-02
-2.222948223352432251e-01
-4.366354644298553467e-02
4.783561080694198608e-02
-5.554562062025070190e-02
3.174401447176933289e-02
-9.309456497430801392e-02
-3.393903374671936035e-02
7.231286168098449707e-02
2.009614855051040649e-01
-5.077430978417396545e-02
-1.497732996940612793e-01
-1.438440233469009399e-01
-5.146019905805587769e-02
-7.231273502111434937e-02
7.938830554485321045e-02
3.698461921885609627e-03
-1.018901616334915161e-01
-8.461116999387741089e-02
-5.352391861379146576e-03
-6.564453989267349243e-02
-4.553550854325294495e-02
-3.058316931128501892e-02
5.815907847136259079e-03
8.314602077007293701e-02
-4.601895809173583984e-02
6.736309826374053955e-02
7.977601885795593262e-02
9.279153496026992798e-02
2.553876936435699463e-01
3.561861440539360046e-02
1.390095353126525879e-01
3.210620209574699402e-02
1.305935829877853394e-01
2.383641153573989868e-02
-9.741214662790298462e-02
6.016492098569869995e-02
-5.572594329714775085e-02
-1.523551940917968750e-01
-7.140340656042098999e-02
-3.013655841350555420e-01
-1.453654468059539795e-01
-1.338800191879272461e-01
-2.154721468687057495e-01
-2.114487141370773315e-01
-1.053677201271057129e-01
-2.212364822626113892e-01
-8.041281253099441528e-02
-1.032469868659973145e-01
-1.694218367338180542e-01
-1.524428837001323700e-02
1.864163763821125031e-02
-4.188103601336479187e-03
-8.332715183496475220e-02
-1.319166123867034912e-01
4.062123596668243408e-02
-2.468125708401203156e-02
-5.889410525560379028e-02
-9.726264514029026031e-03
-1.993698626756668091e-01
-4.669602960348129272e-02
-1.579142212867736816e-01
-7.652807980775833130e-02
-7.775244861841201782e-02
-1.158979386091232300e-01
6.687647849321365356e-02
-1.514296978712081909e-02
-2.036477811634540558e-02
1.433161320164799690e-03
6.956563889980316162e-02
1.657676547765731812e-01
2.100110799074172974e-01
-7.251211255788803101e-02
1.247932575643062592e-02
6.102180853486061096e-02
1.343161761760711670e-01
1.669072508811950684e-01
1.337585747241973877e-01
7.593696471303701401e-03
1.509076263755559921e-02
5.364037677645683289e-02
1.251735538244247437e-01
3.745762258768081665e-02
1.632771641016006470e-01
7.776359468698501587e-02
2.545376867055892944e-02
-4.245342314243316650e-02
1.815202981233596802e-01
-1.316468231379985809e-02
3.293853998184204102e-02
-6.169828027486801147e-02
-4.177574068307876587e-02
1.387209147214889526e-01
1.800071597099304199e-01
1.976761370897293091e-01
-1.581871323287487030e-02
8.225139975547790527e-02
2.418319135904312134e-02
7.451227307319641113e-02
1.302709430456161499e-01
1.619112938642501831e-01
9.150110930204391479e-02
-8.630631119012832642e-02
-2.207478508353233337e-02
-1.810514600947499275e-03
2.781791053712368011e-02
2.569496259093284607e-02
-1.424879282712936401e-01
-1.174091547727584839e-01
-2.267684638500213623e-01
1.662036478519439697e-01
2.636364400386810303e-01
-2.363247610628604889e-02
5.455213040113449097e-02
4.163505509495735168e-02
1.046129912137985229e-01
-4.056826233863830566e-02
-1.742958324030041695e-03
6.370139122009277344e-02
5.807986855506896973e-02
3.545872867107391357e-02
7.160833477973937988e-02
7.515412569046020508e-02
3.489108383655548096e-02
-1.545421080663800240e-03
-6.405159831047058105e-02
1.311475783586502075e-01
1.859476603567600250e-02
1.075063273310661316e-01
-4.078836366534233093e-02
-5.058696493506431580e-02
-7.772197946906089783e-03
4.578455910086631775e-02
-1.004803180694580078e-02
3.723481670022010803e-02
4.751825705170631409e-02
2.400441467761993408e-01
-3.222883045673370361e-01
-4.641960263252258301e-01
-1.868818849325180054e-01
-6.634730845689773560e-02
1.423352397978305817e-02
-3.290643990039825439e-01
-1.664690822362899780e-01
7.515329867601394653e-02
1.608214974403381348e-01
1.022405847907066345e-01
-2.775384783744812012e-01
1.285920441150665283e-01
2.369064837694168091e-02
-1.498037297278642654e-02
5.824835970997810364e-02
1.491855364292860031e-02
-1.511562243103981018e-02
9.200768917798995972e-02
1.824240088462829590e-01
-3.501694649457931519e-03
8.116055279970169067e-03
-9.255334734916687012e-03
7.337065786123275757e-02
-8.826361969113349915e-03
-1.758099049329757690e-01
8.388339728116989136e-02
-3.818969056010246277e-02
-1.166123300790786743e-01
-2.901518251746892929e-03
6.276189535856246948e-02
6.031502783298492432e-02
-1.114508043974637985e-02
-5.109882727265357971e-02
-1.339657753705978394e-01
-4.054961726069450378e-03
1.239307448267936707e-01
1.068326085805892944e-01
-4.028683900833129883e-02
3.267278894782066345e-02
5.535726249217987061e-02
6.335469335317611694e-02
9.672286361455917358e-02
3.423647210001945496e-02
-3.960053250193595886e-02
2.155731469392776489e-01
1.142272502183914185e-01
-9.220844507217407227e-02
-5.766312032938003540e-02
-2.367749810218811035e-02
1.144311353564262390e-01
-7.471095025539398193e-02
-3.736346587538719177e-02
1.734471879899501801e-05
9.026271849870681763e-02
1.068483069539070129e-01
-1.602176018059253693e-02
-1.096362806856632233e-02
-8.844499289989471436e-02
-5.322414264082908630e-02
-1.394472718238830566e-01
-1.091583967208862305e-01
6.650432944297790527e-02
-7.151269819587469101e-03
-4.426081851124763489e-02
-1.476100981235504150e-01
-1.676440984010696411e-01
5.547787249088287354e-02
1.141721662133932114e-02
5.096295103430747986e-02
5.896549299359321594e-02
-1.542262732982635498e-01
-1.157399863004684448e-01
2.264962643384933472e-01
1.655450463294982910e-01
2.017669826745986938e-01
-1.374396234750747681e-01
-1.190693080425262451e-01
-7.983414828777313232e-02
-6.259761005640029907e-02
-2.313827872276306152e-01
-7.723906636238098145e-02
-2.226351499557495117e-01
-1.154279708862304688e-02
-2.225168198347091675e-01
-2.620641589164733887e-01
3.314982354640960693e-02
-1.080365329980850220e-01
-1.390188932418823242e-01
-1.032066121697425842e-01
-8.246430009603500366e-02
-1.648077964782714844e-01
-1.140901669859886169e-01
-1.239695474505424500e-01
-7.215383648872375488e-02
-5.733464658260345459e-02
-1.341172903776168823e-01
-2.209179103374481201e-01
-1.680003553628921509e-01
-2.053097635507583618e-01
-1.312907636165618896e-01
5.306224524974822998e-02
6.603993475437164307e-02
4.895166680216789246e-02
4.709003493189811707e-02
1.360496319830417633e-02
7.898421585559844971e-02
1.213772892951965332e-01
1.174983829259872437e-01
-6.641918420791625977e-02
2.825530990958213806e-02
4.312834516167640686e-02
7.698925584554672241e-02
-2.154468297958374023e-01
-9.598890691995620728e-02
-2.521395683288574219e-01
2.334533957764506340e-03
4.355848580598831177e-02
-1.001650094985961914e-01
3.207565844058990479e-02
-1.814542859792709351e-01
-1.508460193872451782e-01
3.676926717162132263e-02
4.456188902258872986e-02
1.022695079445838928e-01
-2.614263072609901428e-02
-9.015829861164093018e-02
5.987630411982536316e-02
5.595261976122856140e-02
1.448554098606109619e-01
1.068406328558921814e-01
7.915793359279632568e-02
-5.837636813521385193e-02
-6.261767819523811340e-03
2.153837122023105621e-03
4.604231938719749451e-02
-3.601551055908203125e-02
-1.921099238097667694e-02
-6.905746459960937500e-02
-4.200186580419540405e-02
-1.610483378171920776e-01
-1.278485655784606934e-01
4.439927265048027039e-02
-1.888719270937144756e-04
-6.082108616828918457e-02
-6.314682960510253906e-02
-9.281283617019653320e-02
-1.014965027570724487e-01
-4.814363550394773483e-03
-1.141742169857025146e-01
-1.759870499372482300e-01
5.227885395288467407e-02
5.531656742095947266e-02
-4.899151250720024109e-02
-6.826022639870643616e-03
4.700526222586631775e-02
-8.079579100012779236e-03
2.301217429339885712e-02
-4.092404618859291077e-02
-5.618148297071456909e-02
8.851025998592376709e-02
-7.602818077430129051e-04
3.548827022314071655e-02
-9.627859294414520264e-02
-1.224799901247024536e-01
1.466385722160339355e-01
7.165483664721250534e-03
-1.150287874042987823e-02
-3.087326698005199432e-02
-4.156782105565071106e-02
7.734885811805725098e-02
5.052957683801651001e-02
4.446880146861076355e-02
-1.213056072592735291e-01
-9.770133346319198608e-02
1.166308224201202393e-01
-8.106623776257038116e-03
-9.438758715987205505e-03
1.126770228147506714e-01
5.977787077426910400e-02
4.105271771550178528e-02
-4.023014008998870850e-02
7.238262146711349487e-02
4.849691689014434814e-02
1.745976693928241730e-02
5.394326895475387573e-02
9.207803010940551758e-02
4.278682917356491089e-02
-2.413573302328586578e-02
-6.407627463340759277e-02
1.349588930606842041e-01
-8.331190049648284912e-02
1.216057986021041870e-01
-4.638290405273437500e-02
-7.362464070320129395e-02
-1.834075748920440674e-01
-4.414112493395805359e-02
1.757238805294036865e-02
-7.445446401834487915e-02
-4.428234323859214783e-02
-9.200394153594970703e-02
5.109452083706855774e-02
-1.218162551522254944e-01
8.565833792090415955e-03
-1.073398664593696594e-01
-1.626248806715011597e-01
6.020184606313705444e-02
-7.957684248685836792e-02
1.707635633647441864e-02
3.606104105710983276e-02
-1.403348892927169800e-01
-2.960693538188934326e-01
-1.280256807804107666e-01
-2.351248078048229218e-02
7.959907501935958862e-02
-1.102036014199256897e-01
-1.775231063365936279e-01
-2.285152673721313477e-03
7.938630133867263794e-02
1.136723160743713379e-01
-3.921805694699287415e-02
1.170286536216735840e-01
-6.608254462480545044e-02
-2.925006859004497528e-02
-1.795936748385429382e-02
4.770821332931518555e-02
1.524607241153717041e-01
1.118749603629112244e-01
1.171765998005867004e-01
6.518215686082839966e-02
4.606844857335090637e-02
2.503374218940734863e-01
1.528272330760955811e-01
-6.896002590656280518e-02
-1.141377165913581848e-01
7.374572008848190308e-02
4.551405087113380432e-03
1.874758861958980560e-02
-4.781753569841384888e-02
4.627263115253299475e-04
5.943304672837257385e-02
-7.190194725990295410e-02
-1.412663161754608154e-01
-1.967844180762767792e-02
-1.042025983333587646e-01
1.225202437490224838e-02
4.243440553545951843e-02
4.872463643550872803e-02
-1.301184594631195068e-01
-1.486559957265853882e-01
-2.352915145456790924e-02
-7.138049602508544922e-02
-9.200727194547653198e-02
-1.142248734831809998e-01
1.136577725410461426e-01
-6.938815116882324219e-03
1.628872156143188477e-01
1.581627689301967621e-02
-1.248909235000610352e-01
2.988871186971664429e-02
-9.889743290841579437e-03
-6.607401371002197266e-02
-2.234259545803070068e-01
5.000254884362220764e-02
2.784273214638233185e-02
9.344322606921195984e-03
-1.021192669868469238e-01
-1.020950824022293091e-01
-5.687419325113296509e-02
5.020332522690296173e-03
9.355745464563369751e-02
-1.205424666404724121e-01
7.567742839455604553e-03
-9.929233789443969727e-02
-6.348890066146850586e-02
1.701601147651672363e-01
-9.547290951013565063e-02
-2.672768533229827881e-01
-1.750925630331039429e-01
-2.039330154657363892e-01
-2.056184113025665283e-01
-1.118051260709762573e-01
-2.572132647037506104e-01
-1.066225543618202209e-01
-2.486424148082733154e-02
-1.623083651065826416e-01
-2.925099730491638184e-01
-1.188349677249789238e-03
1.511400043964385986e-01
5.825730413198471069e-02
5.691630649380385876e-04
3.414189070463180542e-02
-3.795010223984718323e-02
1.082188114523887634e-01
3.904610127210617065e-02
2.920936793088912964e-02
1.725742369890213013e-01
-6.239141896367073059e-02
-7.284507155418395996e-02
1.190067082643508911e-01
-3.106664679944515228e-02
2.095649205148220062e-02
-1.120727136731147766e-02
-1.303314883261919022e-02
-6.063907966017723083e-02
-6.911825388669967651e-02
-3.797127678990364075e-02
3.252193704247474670e-02
6.035315990447998047e-02
9.416306018829345703e-02
1.262089908123016357e-01
4.823261871933937073e-02
-3.121351078152656555e-02
-7.443863153457641602e-02
3.731357306241989136e-02
-1.823658309876918793e-02
9.719969332218170166e-02
-1.327773183584213257e-02
2.632227912545204163e-02
-9.380227886140346527e-03
-7.030751439742743969e-04
2.298416495323181152e-01
3.604385256767272949e-02
1.440533064305782318e-02
1.234658211469650269e-01
-6.301755202002823353e-04
-1.667299270629882812e-01
3.805041546002030373e-03
-5.211506038904190063e-03
-5.803105421364307404e-03
-1.211181953549385071e-01
1.400080416351556778e-02
2.630127780139446259e-02
1.269943714141845703e-01
1.055205017328262329e-01
1.620792597532272339e-02
2.131748199462890625e-01
2.763525210320949554e-02
-1.850851252675056458e-02
-3.336188569664955139e-02
-2.637923061847686768e-01
-2.210324257612228394e-01
-5.515211075544357300e-02
2.089303284883499146e-01
-6.817616522312164307e-02
-2.485365122556686401e-01
-2.236429601907730103e-02
1.092834919691085815e-01
-5.490688607096672058e-02
-2.012762241065502167e-02
-3.538137376308441162e-01
-4.048358276486396790e-02
1.229121312499046326e-01
9.398666769266128540e-02
2.042057663202285767e-01
3.765085637569427490e-01
1.542068421840667725e-01
5.653894692659378052e-02
2.891152501106262207e-01
2.106706947088241577e-01
2.344985008239746094e-01
-1.377712637186050415e-01
1.309541761875152588e-01
1.408560127019882202e-01
1.951438635587692261e-01
-6.507325917482376099e-02
-8.421298116445541382e-02
5.631366744637489319e-02
3.493525460362434387e-02
-1.014175713062286377e-01
-3.532270491123199463e-01
5.345366522669792175e-02
1.417118459939956665e-01
7.837737351655960083e-02
-1.632676124572753906e-01
-2.283359616994857788e-01
-1.011053994297981262e-01
-2.341680973768234253e-02
1.630991548299789429e-01
1.478851735591888428e-01
-3.175873542204499245e-03
-1.722936481237411499e-01
4.280539229512214661e-02
2.561980783939361572e-01
2.147927694022655487e-02
3.311720117926597595e-02
1.440017372369766235e-01
8.577806293033063412e-04
-5.849355086684226990e-02
-1.505828499794006348e-01
-8.397310227155685425e-02
7.983283139765262604e-03
-9.028824418783187866e-02
1.933174207806587219e-03
-7.070122659206390381e-02
-2.442283555865287781e-02
-9.708287566900253296e-02
-3.961116820573806763e-02
1.039655059576034546e-01
1.434742510318756104e-01
-3.045250661671161652e-02
-3.627993166446685791e-02
-1.083099395036697388e-01
-1.696813404560089111e-01
-2.155715376138687134e-01
-1.953550875186920166e-01
3.563615307211875916e-02
-1.360840946435928345e-01
-4.170984923839569092e-01
-9.121969342231750488e-02
-7.073089480400085449e-02
1.106542423367500305e-01
-2.792936861515045166e-01
-2.414328008890151978e-01
-4.835725575685501099e-02
-8.621707558631896973e-02
-2.685247063636779785e-01
-4.422408938407897949e-01
3.173463977873325348e-03
-2.407514303922653198e-02
4.873944818973541260e-02
-3.049280643463134766e-01
-1.977350562810897827e-01
-7.647034525871276855e-02
-1.549981385469436646e-01
-9.780564159154891968e-02
-9.417726099491119385e-02
-7.710988819599151611e-02
-4.573119804263114929e-02
-1.155989021062850952e-01
-1.079837828874588013e-01
-1.479975879192352295e-01
-1.312423348426818848e-01
-1.099397838115692139e-01
-3.007534705102443695e-02
-1.013589128851890564e-01
3.878165502101182938e-03
-5.689966678619384766e-02
-6.633385270833969116e-02
2.086865529417991638e-02
-1.313147842884063721e-01
-6.979086250066757202e-02
1.106168106198310852e-01
4.496707394719123840e-02
4.969755560159683228e-02
3.693022206425666809e-02
3.698289394378662109e-02
6.412961333990097046e-02
-4.404829442501068115e-02
1.026532873511314392e-01
-3.394581377506256104e-02
-1.293677464127540588e-02
-7.160383462905883789e-02
-8.858738094568252563e-02
-1.270821131765842438e-02
2.679639495909214020e-02
3.319847956299781799e-02
-3.048434667289257050e-02
-2.350356429815292358e-01
-1.090448796749114990e-01
-1.969138905405998230e-02
5.552602559328079224e-02
-1.359966993331909180e-01
-1.407241076231002808e-01
-1.484135836362838745e-01
-3.978025168180465698e-02
-6.518810242414474487e-02
-3.041149079799652100e-01
-1.796802133321762085e-01
8.730792440474033356e-03
2.413173578679561615e-02
-2.513372600078582764e-01
-2.406897395849227905e-01
-3.265277296304702759e-02
1.043367478996515274e-02
8.116077631711959839e-02
5.033243820071220398e-02
-6.573778390884399414e-02
-2.024222314357757568e-01
-5.635813251137733459e-02
-4.093124344944953918e-02
8.530619554221630096e-03
-1.313151270151138306e-01
-1.014712154865264893e-01
-6.849054247140884399e-02
3.306147828698158264e-02
2.552881138399243355e-03
-3.344538807868957520e-02
-6.539952009916305542e-02
7.599717355333268642e-05
5.587138608098030090e-02
1.844510138034820557e-01
1.915790699422359467e-02
-3.471904993057250977e-02
6.269644945859909058e-02
-1.937885209918022156e-02
2.063278108835220337e-01
-2.938851015642285347e-03
-1.606075465679168701e-02
1.269025504589080811e-01
1.179818585515022278e-01
-1.809717714786529541e-02
5.821797996759414673e-02
2.249093912541866302e-02
1.430843323469161987e-01
6.561114639043807983e-02
9.781644493341445923e-02
7.231207191944122314e-02
-1.511155217885971069e-01
8.695463091135025024e-02
1.812806427478790283e-01
-2.117961347103118896e-01
-1.821731030941009521e-02
-1.400423888117074966e-02
-4.014331847429275513e-02
5.003264639526605606e-03
-3.942879661917686462e-02
-1.383704096078872681e-01
6.195548176765441895e-02
2.587757818400859833e-02
4.155621305108070374e-02
-5.941107124090194702e-02
-4.081737995147705078e-02
-2.016219794750213623e-01
7.918409258127212524e-02
1.413453668355941772e-01
2.886983007192611694e-02
-6.550412625074386597e-02
4.665776342153549194e-02
1.164501719176769257e-02
-2.459894865751266479e-02
1.251769810914993286e-01
-4.372958559542894363e-03
4.691980779170989990e-03
5.615350231528282166e-02
1.252828836441040039e-01
6.243210285902023315e-03
-3.457925515249371529e-03
-1.050650775432586670e-01
1.877594925463199615e-02
6.867724657058715820e-02
-1.125893183052539825e-02
-1.171033307909965515e-01
-2.130859531462192535e-02
2.765497937798500061e-02
7.529266923666000366e-02
-1.726194173097610474e-01
-1.592759341001510620e-01
5.147205293178558350e-02
-4.765784740447998047e-02
2.044752798974514008e-02
-7.979319244623184204e-02
-2.594708278775215149e-02
-2.233622223138809204e-02
6.914918869733810425e-02
9.075669199228286743e-02
-1.557897925376892090e-01
-6.575160473585128784e-02
1.822437644004821777e-01
3.126949444413185120e-02
-2.047902643680572510e-01
1.373756080865859985e-01
1.055401712656021118e-01
-3.466204926371574402e-02
-1.318480446934700012e-02
-1.465130597352981567e-01
3.882933408021926880e-02
2.050361223518848419e-02
1.085213124752044678e-01
1.266823112964630127e-01
-8.042448759078979492e-02
-4.056949913501739502e-02
3.541973885148763657e-03
4.726612195372581482e-02
-1.719433628022670746e-02
-1.528315097093582153e-01
-8.610416203737258911e-02
-1.593153178691864014e-01
-2.394958771765232086e-02
5.365654081106185913e-02
7.126928307116031647e-03
-1.251499503850936890e-01
-1.334268003702163696e-01
1.235976889729499817e-01
4.320975765585899353e-02
-5.063079297542572021e-02
2.881465479731559753e-02
-1.135415211319923401e-02
-4.949175938963890076e-02
3.044096753001213074e-02
1.004766598343849182e-01
-2.529919706284999847e-02
-3.688312321901321411e-02
-6.724812090396881104e-02
2.960042096674442291e-02
1.315290778875350952e-01
-1.997840404510498047e-01
-1.987356394529342651e-01
-2.679464872926473618e-03
7.059108465909957886e-02
2.331574559211730957e-01
-6.465083360671997070e-02
8.369129151105880737e-02
-7.024702429771423340e-02
-4.975599795579910278e-02
9.460008889436721802e-02
-1.609277576208114624e-01
-1.060227975249290466e-01
-8.845663070678710938e-02
-8.467568084597587585e-03
2.590216509997844696e-02
-4.263660013675689697e-01
-4.418676495552062988e-01
-1.454215049743652344e-01
-3.279871046543121338e-01
-2.123918533325195312e-01
-2.126802690327167511e-02
-1.105049848556518555e-01
7.619033008813858032e-02
9.247340261936187744e-02
7.356151193380355835e-02
1.671444438397884369e-02
8.868914842605590820e-02
1.599596738815307617e-01
7.478962093591690063e-02
8.237649500370025635e-02
7.485122885555028915e-03
-4.760117456316947937e-02
-8.144669979810714722e-02
-3.808426111936569214e-02
7.039956748485565186e-02
-6.414561718702316284e-02
-5.759191140532493591e-02
-4.410114139318466187e-02
-1.065479740500450134e-01
-1.643315106630325317e-01
1.177728772163391113e-01
8.108955621719360352e-02
-4.035239294171333313e-02
-1.068703234195709229e-01
-8.834515511989593506e-02
1.311068981885910034e-01
5.029584839940071106e-02
7.982142269611358643e-02
7.115199416875839233e-02
1.710664182901382446e-01
3.510514646768569946e-02
1.425324231386184692e-01
2.078977413475513458e-02
6.258714944124221802e-02
1.621876209974288940e-01
2.335153892636299133e-02
-5.298731476068496704e-02
8.517582714557647705e-02
-7.704268395900726318e-02
-9.156438708305358887e-02
-5.844576284289360046e-02
2.196081541478633881e-02
-7.502538617700338364e-03
5.590637400746345520e-02
-6.199215725064277649e-02
-2.488987743854522705e-01
-3.510504364967346191e-01
-3.515982031822204590e-01
-1.364605277776718140e-01
-1.375912427902221680e-01
-5.711591988801956177e-02
8.074399083852767944e-03
-4.490278661251068115e-02
6.739452481269836426e-02
1.060488373041152954e-01
-3.742445632815361023e-02
1.915588602423667908e-02
-3.394872322678565979e-02
2.390970662236213684e-02
1.220798399299383163e-02
9.363672137260437012e-02
2.210850454866886139e-02
-5.446203984320163727e-03
2.899399399757385254e-02
1.427557021379470825e-01
-2.160693556070327759e-01
-8.264628797769546509e-02
-4.658083617687225342e-02
-6.383119523525238037e-02
2.916185883805155754e-03
-3.399567604064941406e-01
-3.604626059532165527e-01
-1.704928576946258545e-01
-2.178664952516555786e-01
-8.833646774291992188e-02
-2.982302308082580566e-01
-1.360152661800384521e-01
-6.035054475069046021e-02
-1.566098257899284363e-02
4.439271520823240280e-03
-1.449308842420578003e-01
2.141005098819732666e-01
-4.713438078761100769e-02
2.139782346785068512e-02
-5.686265230178833008e-02
4.577993229031562805e-02
-4.823764041066169739e-02
1.766314543783664703e-02
-1.053630933165550232e-02
-1.012467890977859497e-01
1.986014656722545624e-02
5.332988128066062927e-02
-3.272219374775886536e-02
3.563787415623664856e-02
-1.181375011801719666e-01
3.911214321851730347e-02
-3.730467706918716431e-02
-3.170694783329963684e-02
-7.541476935148239136e-02
-2.813679166138172150e-03
5.090150237083435059e-02
-5.922468844801187515e-03
-1.453958749771118164e-01
-8.387776464223861694e-02
8.034953847527503967e-03
7.140447199344635010e-02
-2.727575600147247314e-02
-5.020140856504440308e-02
-3.939582034945487976e-02
-1.027054339647293091e-01
1.195487231016159058e-01
-2.680477872490882874e-02
1.350257731974124908e-02
5.231053754687309265e-02
1.184953004121780396e-01
6.452427804470062256e-02
6.162621453404426575e-02
6.895192712545394897e-02
1.463130563497543335e-01
2.612815797328948975e-01
1.503177583217620850e-01
1.604635119438171387e-01
2.720012962818145752e-01
2.449411712586879730e-02
-4.661815986037254333e-02
-2.591838240623474121e-01
-3.570665717124938965e-01
-3.533254265785217285e-01
-3.056333363056182861e-01
-8.756605535745620728e-02
-2.100074104964733124e-02
7.073199748992919922e-02
1.123671233654022217e-02
6.639773398637771606e-02
2.918921113014221191e-01
1.305170953273773193e-01
-9.916619956493377686e-02
-1.374352574348449707e-01
-1.537264734506607056e-01
-5.215692333877086639e-03
2.235645502805709839e-01
5.778992176055908203e-02
5.525192618370056152e-02
-1.511753052473068237e-01
-1.254923045635223389e-01
2.055867463350296021e-01
1.271614432334899902e-01
2.389737963676452637e-02
7.148814201354980469e-02
7.602496538311243057e-03
1.685944795608520508e-01
9.954161196947097778e-02
1.110192760825157166e-01
1.414943039417266846e-01
1.891529411077499390e-01
-1.301892697811126709e-01
-7.278455048799514771e-02
4.543847590684890747e-02
4.374081641435623169e-02
1.278555393218994141e-01
-1.632292941212654114e-02
-4.772526398301124573e-02
-3.728745505213737488e-02
-5.673361942172050476e-02
-5.779631808400154114e-02
9.800634533166885376e-02
1.271893531084060669e-01
6.563885509967803955e-02
-1.263968646526336670e-01
-3.157233446836471558e-02
1.232728287577629089e-01
1.380979865789413452e-01
1.125405430793762207e-01
2.029082179069519043e-01
1.239811405539512634e-01
-1.948940455913543701e-01
-2.279815822839736938e-01
-2.019788622856140137e-01
-2.361844480037689209e-01
-4.880949258804321289e-01
-8.212772756814956665e-02
-2.744003431871533394e-03
-3.769021481275558472e-02
3.280707076191902161e-02
1.335356980562210083e-01
-1.959603279829025269e-02
-4.284230992197990417e-02
-7.545453310012817383e-02
5.122322216629981995e-02
1.819653064012527466e-01
-2.666573226451873779e-02
-1.028003692626953125e-01
-5.239826813340187073e-02
4.503553733229637146e-02
5.417956784367561340e-02
-2.418698221445083618e-01
-2.268617004156112671e-01
-3.499955311417579651e-02
-1.786101162433624268e-01
1.686690188944339752e-02
-1.512883305549621582e-01
-2.703791558742523193e-01
-1.736926883459091187e-01
-2.797102928161621094e-01
-1.493864208459854126e-01
3.640814125537872314e-02
1.221207454800605774e-01
7.905523292720317841e-03
-9.174950420856475830e-02
1.206334680318832397e-01
9.488672763109207153e-02
1.876335591077804565e-01
5.388928204774856567e-02
-9.820381179451942444e-03
-4.178625345230102539e-02
1.328865885734558105e-01
1.704230904579162598e-01
9.211150556802749634e-02
3.989475592970848083e-02
1.413820981979370117e-01
-1.002755090594291687e-01
4.546654876321554184e-03
-1.610926911234855652e-02
1.814291812479496002e-02
3.878547251224517822e-02
-1.957010030746459961e-01
-7.236506044864654541e-02
-2.050029039382934570e-01
-2.015495002269744873e-01
-2.243947237730026245e-01
-5.864690616726875305e-02
7.957283407449722290e-02
1.427271664142608643e-01
9.246534854173660278e-02
1.073424443602561951e-01
3.776947036385536194e-02
4.281654953956604004e-02
-3.501262515783309937e-02
-5.704664811491966248e-02
3.632149472832679749e-02
1.333049237728118896e-01
7.460980117321014404e-02
-3.311795368790626526e-02
7.129407674074172974e-02
-3.541266173124313354e-02
-1.945538818836212158e-01
-2.220553159713745117e-01
-2.143938094377517700e-01
-1.485906839370727539e-01
-1.674034446477890015e-01
-7.854984700679779053e-02
-1.489433795213699341e-01
-2.453310936689376831e-01
-2.133309245109558105e-01
-6.200550869107246399e-02
1.062092650681734085e-02
-1.030293758958578110e-02
3.311178833246231079e-02
-1.281753927469253540e-02
9.604561328887939453e-02
2.461244910955429077e-02
-8.352959528565406799e-03
6.519358605146408081e-02
1.127540394663810730e-01
2.106925100088119507e-02
-1.030886080116033554e-02
-1.945443567819893360e-03
9.479987621307373047e-02
-5.690930876880884171e-03
3.853255882859230042e-02
-3.557951003313064575e-02
-9.793440997600555420e-02
-1.196879968047142029e-01
-9.983824193477630615e-02
-3.934885188937187195e-02
8.146198838949203491e-02
2.869183942675590515e-02
2.189054526388645172e-02
-1.511403769254684448e-01
3.847556188702583313e-02
1.517554074525833130e-01
9.767907857894897461e-02
-2.137785963714122772e-02
1.509928237646818161e-02
-1.804781854152679443e-01
-1.192774903029203415e-02
-6.167938187718391418e-02
-1.570120155811309814e-01
7.921910285949707031e-02
1.688949614763259888e-01
2.680784165859222412e-01
5.686926096677780151e-02
-6.570319086313247681e-02
-1.213847696781158447e-01
-9.571272879838943481e-02
-1.373710036277770996e-01
-1.178052723407745361e-01
-1.915821880102157593e-01
-3.599015474319458008e-01
-2.364774644374847412e-01
1.111152991652488708e-01
1.030534505844116211e-02
6.575550884008407593e-02
1.099207177758216858e-01
7.106167078018188477e-02
7.101335376501083374e-02
6.869240850210189819e-02
3.472559899091720581e-02
2.758126147091388702e-02
1.027372330427169800e-01
-9.563576430082321167e-02
-4.801859334111213684e-02
-7.226402312517166138e-02
9.372048079967498779e-03
-1.295029744505882263e-02
6.930942088365554810e-02
1.813003211282193661e-03
3.125729504972696304e-03
-8.185995742678642273e-03
8.020630478858947754e-02
-8.332577417604625225e-04
-9.358108788728713989e-02
1.641607843339443207e-02
-2.034022808074951172e-01
-1.174059957265853882e-01
-1.159894000738859177e-02
-1.065955758094787598e-01
-1.332936882972717285e-01
-1.238179057836532593e-01
-5.196567997336387634e-02
1.759302988648414612e-02
5.612054467201232910e-02
-3.715438395738601685e-02
6.275004893541336060e-02
7.631203532218933105e-02
2.118226885795593262e-01
9.690535813570022583e-02
-1.631552539765834808e-02
-7.171580218710005283e-04
-1.578917503356933594e-01
1.746427565813064575e-01
1.408084332942962646e-01
1.216430440545082092e-01
5.323584005236625671e-02
1.109964773058891296e-01
2.166394144296646118e-01
1.731387823820114136e-01
4.377118870615959167e-02
1.191104725003242493e-01
-5.771687254309654236e-02
-2.731795012950897217e-01
-7.555337995290756226e-02
-2.273901402950286865e-01
-2.663311362266540527e-01
-1.849593222141265869e-01
-1.390884071588516235e-01
-2.918411232531070709e-02
2.336262166500091553e-02
-3.596154041588306427e-03
6.182660907506942749e-02
-1.694363504648208618e-01
-2.712387219071388245e-02
7.829349488019943237e-02
4.884907603263854980e-02
6.125729903578758240e-02
6.105568632483482361e-02
3.424693131819367409e-03
5.882459878921508789e-02
-2.589809149503707886e-02
3.153425827622413635e-02
2.623696997761726379e-02
2.109247446060180664e-02
7.809647172689437866e-02
1.286822110414505005e-01
1.210885792970657349e-01
-8.283340185880661011e-02
-1.209562718868255615e-01
-3.314127027988433838e-02
-1.297310441732406616e-01
-3.026361167430877686e-01
-1.631026156246662140e-02
2.317151613533496857e-02
-3.950360789895057678e-02
1.708994805812835693e-02
-6.511750072240829468e-02
-1.123091652989387512e-01
-1.226509138941764832e-01
3.557493910193443298e-02
1.541002243757247925e-01
5.139616876840591431e-02
-8.293709158897399902e-02
9.235512465238571167e-02
8.287309110164642334e-02
5.365972965955734253e-02
2.570825070142745972e-02
-1.254409700632095337e-01
-4.802416265010833740e-02
5.009694397449493408e-02
1.526338458061218262e-01
4.213506355881690979e-02
-2.385845631361007690e-01
-3.574145957827568054e-02
1.215875148773193359e-01
1.694090515375137329e-01
-4.991767182946205139e-02
-1.345538347959518433e-01
1.739315316081047058e-02
1.452114433050155640e-01
7.329013943672180176e-02
-1.052023619413375854e-01
-6.542316824197769165e-02
-7.950463891029357910e-02
-4.602690692991018295e-03
7.744469493627548218e-02
1.936612576246261597e-01
1.050934568047523499e-01
-3.461502119898796082e-02
-1.129514425992965698e-01
-9.421976283192634583e-03
4.910358786582946777e-02
5.075091123580932617e-02
-8.388265967369079590e-02
2.404827158898115158e-03
1.109836623072624207e-01
-2.168677747249603271e-02
1.440930739045143127e-02
-4.532669857144355774e-02
-1.927701942622661591e-02
-1.526456028223037720e-01
-1.590584218502044678e-01
1.491063390858471394e-03
-4.477227479219436646e-02
-1.094543859362602234e-01
-6.532819569110870361e-02
-1.092512309551239014e-01
-6.863529980182647705e-02
-7.492019236087799072e-02
-2.018411010503768921e-01
-2.496093511581420898e-03
-1.216567233204841614e-01
-1.387355327606201172e-01
-1.510010361671447754e-01
-3.029306605458259583e-02
4.514116793870925903e-02
-2.896531717851758003e-03
4.468825936783105135e-04
-1.907000094652175903e-01
-8.806099742650985718e-02
7.926406711339950562e-02
5.888594686985015869e-02
-1.345847100019454956e-01
-1.560542136430740356e-01
-1.831846870481967926e-02
1.767055876553058624e-02
1.476742178201675415e-01
-1.078685000538825989e-01
-1.957134008407592773e-01
8.573364466428756714e-03
1.043123379349708557e-01
1.197598800063133240e-01
5.408060923218727112e-02
-5.153958871960639954e-02
2.198421061038970947e-01
6.394546478986740112e-02
3.256945312023162842e-02
3.818545863032341003e-02
2.700710669159889221e-03
1.313739717006683350e-01
2.215818762779235840e-01
1.303062587976455688e-01
-2.066600620746612549e-01
8.012936264276504517e-02
9.981935471296310425e-02
2.075764536857604980e-01
8.266261965036392212e-02
-1.907447129487991333e-01
6.537971645593643188e-02
1.008935645222663879e-01
2.303171902894973755e-01
1.722523272037506104e-01
-2.369446009397506714e-01
1.265044510364532471e-01
5.167780444025993347e-02
1.992685943841934204e-01
5.162972584366798401e-02
-6.757637113332748413e-02
2.003743685781955719e-02
-7.097970694303512573e-02
6.089823786169290543e-03
1.756216585636138916e-01
-3.852004930377006531e-02
-1.558080688118934631e-02
-1.147738937288522720e-02
-1.565981283783912659e-02
1.128344535827636719e-01
1.008351147174835205e-01
2.001573890447616577e-02
4.977709054946899414e-02
-8.701483160257339478e-02
3.372808545827865601e-02
9.301850199699401855e-02
1.223946269601583481e-02
-5.841391161084175110e-02
-9.819915890693664551e-02
4.923973605036735535e-02
6.702595949172973633e-02
5.724464729428291321e-02
3.159604221582412720e-02
-9.500193595886230469e-02
1.219120845198631287e-01
8.181960880756378174e-02
3.658883646130561829e-02
-2.278075367212295532e-01
-4.405174255371093750e-01
-3.327477276325225830e-01
-8.596973866224288940e-02
-1.938445866107940674e-01
-2.960624694824218750e-01
-3.050660490989685059e-01
-9.817110747098922729e-02
-1.718222051858901978e-01
1.098592579364776611e-01
8.405935950577259064e-03
-2.993115782737731934e-01
-1.922096163034439087e-01
-7.713898271322250366e-02
-9.884665161371231079e-02
-7.290152460336685181e-02
-2.990605235099792480e-01
-2.746423184871673584e-01
-1.161402687430381775e-01
-1.101706698536872864e-01
-2.396164238452911377e-01
-9.491586685180664062e-02
-1.971571743488311768e-01
2.150732465088367462e-02
-1.024763658642768860e-01
-4.795841500163078308e-02
-5.768107250332832336e-02
-4.677875339984893799e-02
-1.682680472731590271e-02
-3.375015035271644592e-02
-1.137647032737731934e-01
-9.811561554670333862e-02
-2.541639208793640137e-01
3.593937680125236511e-02
-2.111714035272598267e-01
-1.384857445955276489e-01
-5.175724159926176071e-03
-8.598394691944122314e-02
-1.408126801252365112e-01
-2.293058931827545166e-01
-1.338763684034347534e-01
-2.232287526130676270e-01
-2.878892421722412109e-01
6.515653803944587708e-03
-1.264666467905044556e-01
-8.344718068838119507e-02
-5.482901930809020996e-01
-1.215948387980461121e-01
1.508527845144271851e-01
2.471573650836944580e-01
6.054905825294554234e-04
-1.505103558301925659e-01
-3.687816262245178223e-01
1.095074117183685303e-01
-3.311752900481224060e-02
8.511905372142791748e-02
-8.829683065414428711e-02
-2.306859493255615234e-01
-7.705180346965789795e-02
-4.245843365788459778e-02
-7.290347665548324585e-02
-1.329805254936218262e-01
-1.039829254150390625e-01
-1.026961877942085266e-01
-5.036347359418869019e-02
1.103688329458236694e-01
-3.237866796553134918e-03
-4.219225049018859863e-01
-4.490517452359199524e-02
-2.005429416894912720e-01
9.257048368453979492e-03
8.211655542254447937e-03
-9.462393075227737427e-02
6.799270212650299072e-02
3.335020542144775391e-01
1.574318110942840576e-01
3.159883245825767517e-02
-4.773209244012832642e-02
4.635922610759735107e-02
2.015192806720733643e-01
-2.111293971538543701e-01
1.799845248460769653e-01
-2.577452454715967178e-03
-4.196679219603538513e-02
-1.021158546209335327e-01
-2.241563349962234497e-01
1.109426096081733704e-01
5.088648572564125061e-02
1.066095158457756042e-01
-1.074543297290802002e-01
-1.427918076515197754e-01
2.652165293693542480e-02
-1.215053722262382507e-01
1.627645939588546753e-01
-2.857678830623626709e-01
-3.674151301383972168e-01
-4.487834870815277100e-02
-7.532471418380737305e-02
-2.273252233862876892e-03
1.649923808872699738e-02
-8.270492404699325562e-02
5.506769567728042603e-02
-5.162582919001579285e-02
-1.127174198627471924e-01
-6.855651736259460449e-02
-8.907280862331390381e-03
2.664852328598499298e-02
-1.956602744758129120e-02
-1.207456365227699280e-01
1.045116931200027466e-01
3.826831653714179993e-02
1.082762628793716431e-01
4.480191692709922791e-02
-2.233693897724151611e-01
6.081482395529747009e-02
8.708274364471435547e-02
6.708608567714691162e-02
9.230958297848701477e-03
-3.699990808963775635e-01
-9.272196330130100250e-03
3.198697790503501892e-02
2.454976439476013184e-01
-2.696516551077365875e-02
-2.973775751888751984e-02
6.016863137483596802e-02
1.534708887338638306e-01
2.013835608959197998e-01
1.285237632691860199e-02
4.816169291734695435e-02
-3.852607309818267822e-02
3.105528652667999268e-02
1.882228255271911621e-01
-2.046042308211326599e-02
-3.035108186304569244e-02
1.611965894699096680e-02
-5.133739323355257511e-04
2.211837768554687500e-01
5.952648445963859558e-02
3.387782350182533264e-02
3.298787027597427368e-02
1.143029518425464630e-02
1.412463635206222534e-01
2.039519548416137695e-01
4.952693358063697815e-02
-6.197893992066383362e-02
-1.758288443088531494e-01
2.916994988918304443e-01
1.342060714960098267e-01
-1.486585754901170731e-02
-4.209895804524421692e-02
-1.249217167496681213e-01
8.545064926147460938e-02
1.700115501880645752e-01
-3.943127021193504333e-02
2.540300972759723663e-02
-1.282171010971069336e-01
5.592542141675949097e-02
1.354664117097854614e-01
2.889582701027393341e-02
7.385563850402832031e-02
1.624531857669353485e-02
8.689495921134948730e-02
8.094617724418640137e-02
6.612402200698852539e-02
8.980905264616012573e-02
-4.627643898129463196e-02
-8.005795534700155258e-04
-1.231210604310035706e-01
3.432766720652580261e-02
1.024917736649513245e-01
-7.764288038015365601e-02
6.817739456892013550e-02
7.373701035976409912e-02
-1.003829389810562134e-01
4.908332601189613342e-02
8.359088003635406494e-02
6.102988030761480331e-03
-9.292456507682800293e-02
-4.143254458904266357e-02
3.150533139705657959e-02
-8.712932467460632324e-02
-5.181902647018432617e-02
-1.182079780846834183e-02
-8.698496967554092407e-02
-2.300183624029159546e-01
-5.008212849497795105e-02
1.162523552775382996e-01
-1.203127354383468628e-01
-1.346343308687210083e-01
-2.404761761426925659e-01
1.323896553367376328e-02
-3.791661234572529793e-03
7.951933890581130981e-02
-1.457520276308059692e-01
-6.706259399652481079e-02
-1.776700280606746674e-02
1.342378109693527222e-01
1.763129979372024536e-01
8.360974490642547607e-02
-8.032448589801788330e-02
-5.624583363533020020e-02
-1.590966135263442993e-01
-1.115801557898521423e-01
-1.124383062124252319e-01
-1.461351811885833740e-01
-7.015759497880935669e-02
-2.377504296600818634e-02
-5.608094483613967896e-02
-4.831363260746002197e-02
-7.406216114759445190e-02
-1.126576960086822510e-01
1.971298083662986755e-02
-1.081248596310615540e-01
1.543326396495103836e-02
-1.807902753353118896e-01
-1.226888373494148254e-01
1.830082759261131287e-02
1.630199700593948364e-02
2.422614768147468567e-02
-1.170223802328109741e-01
-2.826428599655628204e-02
6.899596750736236572e-02
4.459946975111961365e-02
-5.632483959197998047e-02
1.515959203243255615e-01
4.839562252163887024e-02
-1.015626266598701477e-01
-1.690852493047714233e-01
7.729352265596389771e-02
2.148509211838245392e-02
-9.337206720374524593e-04
6.125121191143989563e-02
-2.173195779323577881e-01
-9.188379347324371338e-02
-4.233011975884437561e-02
2.409403771162033081e-02
1.863731630146503448e-02
-1.590968370437622070e-01
-2.101865410804748535e-01
-3.660754114389419556e-02
1.165553256869316101e-01
1.168220639228820801e-01
-3.743492364883422852e-01
-1.259438842535018921e-01
-3.244595974683761597e-02
-2.263553999364376068e-02
-3.026582486927509308e-02
6.598322093486785889e-02
2.476630806922912598e-01
1.609951108694076538e-01
9.085634350776672363e-02
-9.780941903591156006e-02
-4.538282006978988647e-02
4.766751825809478760e-02
-3.237325325608253479e-02
-5.754805356264114380e-02
-1.330109834671020508e-01
-1.023989394307136536e-01
-9.983944892883300781e-02
-1.831740587949752808e-01
-5.817826371639966965e-03
-1.627844944596290588e-02
-5.639918148517608643e-02
-1.019409149885177612e-01
-9.582877159118652344e-02
8.866986632347106934e-02
7.571795582771301270e-02
-9.944055974483489990e-02
-1.260716021060943604e-01
-2.141828984022140503e-01
7.317486405372619629e-02
7.413092255592346191e-02
5.475001409649848938e-02
2.265243791043758392e-02
4.569938033819198608e-02
-6.031068507581949234e-03
-7.410329580307006836e-02
1.157085075974464417e-01
-1.105450280010700226e-02
-2.294170260429382324e-01
-1.087253913283348083e-01
-1.560709718614816666e-02
2.286130636930465698e-01
-1.099721267819404602e-01
-1.858560293912887573e-01
-2.271399646997451782e-02
-8.720245957374572754e-02
-1.878837309777736664e-02
-2.009293287992477417e-01
-2.035294771194458008e-01
-1.744696199893951416e-01
-2.354976832866668701e-01
-1.441176384687423706e-01
-3.789301589131355286e-02
-7.732356339693069458e-02
1.436996012926101685e-01
1.383806318044662476e-01
2.222137451171875000e-01
1.653159968554973602e-02
5.070305615663528442e-02
-1.756890118122100830e-01
-9.435732662677764893e-02
5.736057832837104797e-02
2.043203450739383698e-02
6.548719108104705811e-02
1.023879833519458771e-02
8.687537163496017456e-02
1.224392578005790710e-01
-2.043503671884536743e-01
-1.083381623029708862e-01
-8.398848026990890503e-02
-1.818613521754741669e-02
4.176976904273033142e-02
-1.055378839373588562e-02
-6.095645949244499207e-02
-6.447713822126388550e-02
-1.912177354097366333e-01
-1.523771435022354126e-01
6.981908529996871948e-02
2.381543070077896118e-01
1.474626064300537109e-01
7.809019833803176880e-02
5.787084624171257019e-02
-4.387526959180831909e-02
2.297734655439853668e-02
1.205473090521991253e-03
9.916208684444427490e-03
-9.182030707597732544e-02
-4.419427737593650818e-02
5.041236989200115204e-03
-2.104803360998630524e-02
7.884621620178222656e-03
4.357616230845451355e-02
-1.354443281888961792e-01
-1.438907384872436523e-01
-5.853181332349777222e-02
1.531614549458026886e-02
5.727581214159727097e-03
2.743194997310638428e-02
-7.025796920061111450e-02
-1.497509777545928955e-01
1.448512193746864796e-03
-6.487502157688140869e-02
1.568014025688171387e-01
1.299125049263238907e-02
4.924780875444412231e-02
1.823121756315231323e-01
1.139820665121078491e-01
7.464940100908279419e-02
2.088113501667976379e-02
8.933869004249572754e-02
-9.440081566572189331e-02
-1.571323908865451813e-02
-2.460971623659133911e-01
-1.238249093294143677e-01
-6.054311990737915039e-02
-1.222809702157974243e-01
-4.314645007252693176e-02
-2.011683136224746704e-01
4.387418553233146667e-02
1.431780587881803513e-02
-7.983331382274627686e-02
-4.278439283370971680e-02
-1.368159204721450806e-01
3.593951836228370667e-02
-1.636345311999320984e-02
6.893685460090637207e-02
-9.115096181631088257e-02
-6.889723241329193115e-02
-6.966102868318557739e-02
1.403273828327655792e-02
2.313218638300895691e-02
2.806176058948040009e-02
1.002596244215965271e-01
-1.095609217882156372e-01
4.371343553066253662e-02
-8.283786475658416748e-02
1.102590933442115784e-01
1.787973493337631226e-01
5.068221315741539001e-02
-4.350041970610618591e-02
3.500585211440920830e-03
9.300245344638824463e-02
8.752619475126266479e-02
-6.560412794351577759e-02
-4.095814749598503113e-02
-2.232834696769714355e-02
4.959413781762123108e-02
-4.155348986387252808e-02
-4.102644696831703186e-02
-1.030290573835372925e-01
-3.058193437755107880e-02
-2.260461769765242934e-04
3.304276615381240845e-02
-6.765086948871612549e-02
-2.849767543375492096e-02
-3.198860958218574524e-02
9.877538681030273438e-02
3.057450987398624420e-03
-1.091746091842651367e-01
1.529788412153720856e-02
-1.956262439489364624e-02
1.556441932916641235e-02
6.909802556037902832e-02
1.580929905176162720e-01
9.714415669441223145e-02
1.352805495262145996e-01
4.668048024177551270e-02
9.693302959203720093e-02
9.741503000259399414e-02
5.870557948946952820e-02
4.979558661580085754e-02
1.615208834409713745e-01
-9.341228008270263672e-02
3.084032610058784485e-02
9.470064938068389893e-02
-4.398154094815254211e-02
-9.304454177618026733e-02
-6.407167762517929077e-02
-9.742636978626251221e-02
-2.257165610790252686e-01
-1.196715906262397766e-01
4.737754166126251221e-02
9.281341731548309326e-02
1.744244545698165894e-01
2.133784890174865723e-01
1.272934973239898682e-01
1.649212390184402466e-01
-1.223775371909141541e-01
4.771346971392631531e-02
7.740780711174011230e-02
4.727059230208396912e-02
1.605663746595382690e-01
1.815959960222244263e-01
6.919037550687789917e-02
1.393729150295257568e-01
1.189485937356948853e-01
-5.126659199595451355e-02
1.877631545066833496e-01
1.676101535558700562e-01
1.759959161281585693e-01
6.243411451578140259e-02
1.234521046280860901e-01
1.716848649084568024e-02
1.568318456411361694e-01
8.650431782007217407e-02
1.623170375823974609e-01
-7.505935430526733398e-02
-4.898899793624877930e-02
-5.323190614581108093e-02
-1.408651769161224365e-01
-1.307124644517898560e-02
1.061985362321138382e-02
1.945938616991043091e-01
3.096534609794616699e-01
4.714064300060272217e-02
-1.400877982378005981e-01
-2.074235677719116211e-01
-1.164198759943246841e-02
9.436051547527313232e-02
1.615396700799465179e-02
1.655000634491443634e-02
1.001321449875831604e-01
-3.378938511013984680e-02
1.416888833045959473e-01
3.408044874668121338e-01
2.186755090951919556e-01
1.076664254069328308e-01
-1.446212530136108398e-01
-3.768012821674346924e-01
-3.644360601902008057e-01
-2.242890149354934692e-01
-3.037717640399932861e-01
-8.739154040813446045e-02
-8.013093471527099609e-02
-1.082729697227478027e-01
-8.852131664752960205e-02
-5.311872437596321106e-02
5.451701581478118896e-02
-3.833287209272384644e-02
2.644694969058036804e-02
-2.799596823751926422e-02
-2.853052504360675812e-02
-1.117741987109184265e-01
-3.312006965279579163e-02
-3.124505514279007912e-03
2.703056205064058304e-03
-4.097947105765342712e-02
-1.695169359445571899e-01
-2.091550379991531372e-01
-2.065121382474899292e-01
-1.142251193523406982e-01
-3.081584163010120392e-02
4.011817276477813721e-02
7.688078097999095917e-03
5.116932094097137451e-02
6.766238063573837280e-02
1.233435198664665222e-01
-9.249982424080371857e-03
-1.227859705686569214e-01
1.421443466097116470e-02
-4.959227517247200012e-03
-8.037722855806350708e-02
2.040156628936529160e-03
3.669802099466323853e-03
-4.098623618483543396e-02
-1.322053670883178711e-01
-3.951526805758476257e-02
-8.639808744192123413e-02
4.214734584093093872e-02
7.653515040874481201e-02
5.241325497627258301e-02
1.303280740976333618e-01
-1.621333807706832886e-01
4.092460498213768005e-02
1.296939104795455933e-01
1.801410317420959473e-01
1.267219930887222290e-01
-1.771661490201950073e-01
-1.460880786180496216e-01
-6.634945422410964966e-02
-1.852679699659347534e-01
-2.255809307098388672e-01
1.028369143605232239e-01
-2.709487453103065491e-02
-1.865756697952747345e-02
-5.726201832294464111e-02
-1.636856496334075928e-01
1.045471653342247009e-01
9.204071760177612305e-02
3.922605514526367188e-02
5.888163670897483826e-02
-1.449821889400482178e-01
-2.089688926935195923e-01
-9.053961187601089478e-02
8.565372228622436523e-02
5.709949508309364319e-02
3.984703123569488525e-02
-1.191380620002746582e-01
-1.695189327001571655e-01
-1.454173922538757324e-01
-1.132874190807342529e-01
-1.512999534606933594e-01
7.031672447919845581e-02
8.429779857397079468e-02
-6.029915809631347656e-02
-1.520002782344818115e-01
-1.163700446486473083e-01
1.158161088824272156e-02
-6.175781413912773132e-02
-9.633605927228927612e-02
-9.197497367858886719e-02
1.215377300977706909e-01
1.848934218287467957e-02
-1.935980655252933502e-02
-5.326875485479831696e-03
-3.275296464562416077e-02
1.133673042058944702e-01
1.032641604542732239e-01
-2.021339908242225647e-02
-8.234289288520812988e-02
-9.842430800199508667e-02
-4.970459267497062683e-04
-4.370247945189476013e-02
-1.237151995301246643e-01
-1.735603809356689453e-01
-1.668250709772109985e-01
-5.148267373442649841e-02
-4.863266274333000183e-02
4.472298175096511841e-02
4.655576124787330627e-02
9.167198732029646635e-05
9.197467565536499023e-02
9.140186011791229248e-02
-1.657688803970813751e-02
6.840826477855443954e-03
-5.628759786486625671e-02
-3.983483836054801941e-02
1.852471381425857544e-01
4.211059585213661194e-02
1.494918763637542725e-01
1.138560846447944641e-01
1.087805852293968201e-01
-1.918622851371765137e-01
-1.267269998788833618e-01
7.336652278900146484e-02
4.216755554080009460e-02
9.724710881710052490e-02
1.662528812885284424e-01
-5.207753181457519531e-02
-2.503209710121154785e-01
-2.814951837062835693e-01
-2.250597923994064331e-01
1.013483703136444092e-01
7.650575786828994751e-02
-1.208333577960729599e-02
3.978937491774559021e-02
-1.772136539220809937e-01
-2.588220126926898956e-02
-4.789870977401733398e-02
-6.809310056269168854e-03
-5.841203778982162476e-02
-1.769459806382656097e-02
1.069715023040771484e-01
5.515149980783462524e-02
7.364472746849060059e-02
-9.395195171236991882e-03
8.370286226272583008e-02
-6.660176813602447510e-02
-9.627933055162429810e-02
-6.250303238630294800e-02
9.708984941244125366e-02
7.529881317168474197e-03
-1.258259564638137817e-01
-2.354290187358856201e-01
-2.395470738410949707e-01
-1.194765716791152954e-01
-8.505015075206756592e-02
1.472800523042678833e-01
1.231763586401939392e-01
1.295109465718269348e-02
-7.941773533821105957e-02
-1.057909950613975525e-01
-4.754045233130455017e-02
-1.536558866500854492e-01
-1.838559955358505249e-01
-1.161059141159057617e-01
-3.817543759942054749e-02
2.010205835103988647e-01
1.881456226110458374e-01
2.233963832259178162e-02
1.894203387200832367e-02
-1.154678761959075928e-01
1.406912505626678467e-01
1.648978888988494873e-01
6.939228158444166183e-03
1.283958554267883301e-01
1.861320063471794128e-02
-1.397289335727691650e-01
-1.083529833704233170e-02
1.894313991069793701e-01
9.798879176378250122e-02
-7.787419110536575317e-02
-1.259221881628036499e-01
-2.000429034233093262e-01
-2.829552292823791504e-01
-2.155793756246566772e-01
-1.791826933622360229e-01
-2.350552752614021301e-02
-2.691854164004325867e-02
-6.923689693212509155e-02
-8.462500572204589844e-02
1.546608097851276398e-02
8.003507554531097412e-02
3.680330887436866760e-02
-2.968817576766014099e-02
-9.123516827821731567e-02
-6.288030743598937988e-02
1.204678565263748169e-01
1.622076332569122314e-01
9.292232245206832886e-02
9.188813716173171997e-02
9.988661110401153564e-02
-8.031269907951354980e-02
-1.335341297090053558e-02
3.664402291178703308e-02
7.305230945348739624e-02
1.829093843698501587e-01
-1.233215183019638062e-01
-1.971726119518280029e-01
-2.037953883409500122e-01
-1.705084443092346191e-01
-8.417481929063796997e-02
7.748278789222240448e-03
1.313756108283996582e-01
8.126071188598871231e-04
-1.616042703390121460e-01
-9.369246661663055420e-02
-3.533099219202995300e-02
2.372840046882629395e-02
-1.977583616971969604e-01
-1.565588563680648804e-01
-1.483947485685348511e-01
-5.243982002139091492e-02
-4.405523091554641724e-02
-2.650145813822746277e-02
-2.712401933968067169e-02
-2.033125162124633789e-01
-1.486628949642181396e-01
-6.019260361790657043e-02
-2.273982018232345581e-02
-3.231029585003852844e-02
-1.562325209379196167e-01
-2.596381008625030518e-01
-1.231779996305704117e-02
1.094477698206901550e-01
-9.408915787935256958e-02
6.149419024586677551e-02
1.349700242280960083e-02
-1.070104241371154785e-01
-1.449464112520217896e-01
-9.602710604667663574e-02
-1.670958995819091797e-01
2.926021814346313477e-02
-9.791139513254165649e-02
-3.242425248026847839e-02
-1.054314896464347839e-01
1.798806525766849518e-02
1.068080961704254150e-01
-2.028920501470565796e-01
2.776470594108104706e-02
3.819093480706214905e-02
-3.788170590996742249e-02
3.798569738864898682e-02
-5.855645984411239624e-02
-1.752712428569793701e-01
-2.067189216613769531e-01
-2.616084925830364227e-02
2.701161615550518036e-02
-2.361108316108584404e-03
7.989118248224258423e-02
-2.983948774635791779e-02
6.456346064805984497e-02
-1.012743860483169556e-01
3.893350437283515930e-02
7.058148831129074097e-02
-1.124531030654907227e-02
-1.113526895642280579e-01
-5.139562860131263733e-02
4.038667306303977966e-03
6.184172257781028748e-02
-2.530097402632236481e-02
-1.060311868786811829e-02
1.165337711572647095e-01
-6.151478365063667297e-02
4.204554483294487000e-02
3.100389428436756134e-02
2.604490146040916443e-02
-1.198360249400138855e-01
2.401425689458847046e-02
-1.921504363417625427e-02
5.385198816657066345e-02
4.038462066091597080e-04
2.137742005288600922e-02
4.503222182393074036e-02
1.210846900939941406e-01
4.494755342602729797e-02
-2.095663696527481079e-01
-3.549816086888313293e-02
-9.347854554653167725e-02
5.159540101885795593e-02
-2.324074655771255493e-01
-1.661979258060455322e-01
-1.221692338585853577e-01
-1.441066563129425049e-01
-1.406383961439132690e-01
-7.237263023853302002e-02
-1.809969395399093628e-01
-1.554556041955947876e-01
-3.266594605520367622e-03
-2.149173058569431305e-02
8.700617402791976929e-02
-1.855558305978775024e-01
-2.254395782947540283e-01
8.974904567003250122e-02
1.687246114015579224e-01
2.418010383844375610e-01
-2.041072398424148560e-02
-2.585015892982482910e-01
7.025510817766189575e-02
8.752565830945968628e-02
1.215545833110809326e-01
1.527818292379379272e-01
2.843404188752174377e-02
-6.189250387251377106e-03
3.656693920493125916e-02
8.410288393497467041e-02
6.875925511121749878e-02
1.467606332153081894e-02
4.370884224772453308e-02
3.487880527973175049e-02
9.807298891246318817e-03
4.436758533120155334e-02
4.004050418734550476e-02
1.071180254220962524e-01
5.331047251820564270e-02
9.498749673366546631e-02
-4.388544335961341858e-02
3.929658234119415283e-02
8.139101415872573853e-02
6.733876466751098633e-02
-2.406801283359527588e-02
1.057122051715850830e-01
1.772365719079971313e-01
9.832591563463211060e-02
4.276796430349349976e-02
-8.654572814702987671e-02
8.935090154409408569e-02
2.582670003175735474e-02
-1.451637148857116699e-01
-2.483476139605045319e-02
-8.375808596611022949e-03
1.462547760456800461e-02
1.060842871665954590e-01
-1.834494620561599731e-02
-2.550966339185833931e-03
1.121701151132583618e-01
4.121007025241851807e-02
-1.522054150700569153e-02
-6.973619759082794189e-02
-7.145939022302627563e-02
-1.785187721252441406e-01
8.618883043527603149e-02
1.219223216176033020e-01
1.191593557596206665e-01
-4.802108928561210632e-02
-3.287072852253913879e-02
-1.602397561073303223e-01
-4.844847321510314941e-02
8.821166306734085083e-02
-5.714848637580871582e-02
-5.438558012247085571e-02
5.334209278225898743e-02
-7.112000882625579834e-02
-3.118647933006286621e-01
-3.484242558479309082e-01
-1.217886582016944885e-01
-2.700192108750343323e-02
4.941724985837936401e-02
-2.387058436870574951e-01
-1.057908982038497925e-01
4.971656948328018188e-02
1.715437173843383789e-01
-6.102380901575088501e-02
-1.299944221973419189e-01
-1.469122171401977539e-01
1.085948422551155090e-01
1.606122218072414398e-02
1.183354780077934265e-01
-9.186936169862747192e-02
-1.789529770612716675e-01
-5.632929131388664246e-02
-7.888102531433105469e-02
2.233714014291763306e-01
2.863956093788146973e-01
5.948424339294433594e-02
-1.480483412742614746e-01
-2.919164486229419708e-02
5.387560650706291199e-02
-2.047711797058582306e-02
-8.791546523571014404e-02
-2.637754194438457489e-02
1.086535006761550903e-01
1.640118658542633057e-02
-6.536193937063217163e-02
-4.085238277912139893e-02
-5.851337686181068420e-02
1.105229929089546204e-01
-9.690110385417938232e-02
-5.288489628583192825e-03
-3.201914578676223755e-02
2.217524871230125427e-02
1.456513106822967529e-01
3.121154569089412689e-02
4.084034636616706848e-02
6.439584493637084961e-02
-1.658391505479812622e-01
-3.689935207366943359e-01
-1.346423178911209106e-01
-1.159640252590179443e-01
-8.489746600389480591e-02
-1.261628717184066772e-01
-1.543528586626052856e-01
2.502501569688320160e-02
-1.029928103089332581e-01
2.083978429436683655e-02
2.861440554261207581e-02
2.814952097833156586e-02
-2.022635750472545624e-02
-9.983257949352264404e-02
-1.233349069952964783e-01
-3.657628595829010010e-02
-5.320445820689201355e-02
-1.128129586577415466e-01
-2.398574948310852051e-01
-1.208860725164413452e-01
1.629252582788467407e-01
5.621832981705665588e-02
1.049344539642333984e-01
-2.851719856262207031e-01
-1.664147526025772095e-01
3.137118518352508545e-01
2.049573957920074463e-01
-1.628609895706176758e-01
-2.442745119333267212e-01
2.106042355298995972e-01
4.972156882286071777e-02
5.322949215769767761e-02
-8.438108116388320923e-02
-9.572182595729827881e-02
-6.308022141456604004e-02
-1.590848863124847412e-01
-7.546982169151306152e-02
-2.386794984340667725e-02
-7.074238359928131104e-02
-7.079583406448364258e-02
-5.938973277807235718e-02
-8.935740590095520020e-02
-2.045645564794540405e-02
8.876042813062667847e-02
-4.675630852580070496e-02
8.291140198707580566e-02
4.016076680272817612e-03
-6.657580286264419556e-02
3.866931051015853882e-02
4.598513245582580566e-02
8.528614789247512817e-02
-1.489200592041015625e-01
-1.677488684654235840e-01
-6.258363276720046997e-02
8.328179270029067993e-02
3.195429220795631409e-02
-1.890763044357299805e-01
-1.646571420133113861e-02
-2.323836646974086761e-02
-1.776032894849777222e-02
9.190886467695236206e-02
4.397689178586006165e-02
-2.395620346069335938e-01
-1.412493139505386353e-01
5.120198428630828857e-02
1.125378459692001343e-01
-1.139394473284482956e-02
-2.244032025337219238e-01
-2.696917355060577393e-01
9.828656911849975586e-02
2.963657975196838379e-01
1.314923018217086792e-01
-1.203056517988443375e-02
-3.701214194297790527e-01
-7.104414701461791992e-02
3.535952270030975342e-01
9.228617697954177856e-02
6.514387577772140503e-02
-1.769600808620452881e-01
5.480815842747688293e-02
3.127017021179199219e-01
1.255610585212707520e-01
8.248349279165267944e-02
1.379155069589614868e-01
-6.957948207855224609e-02
4.845632985234260559e-02
5.061243101954460144e-02
4.624183475971221924e-02
3.525115922093391418e-02
1.130331158638000488e-01
5.711753293871879578e-02
3.737774491310119629e-02
5.812633782625198364e-02
3.480420634150505066e-02
6.579077988862991333e-02
-1.103297024965286255e-01
-8.486266434192657471e-02
-4.693076759576797485e-02
5.210131779313087463e-02
-3.462077677249908447e-02
-1.309086382389068604e-01
7.960671931505203247e-02
5.477027222514152527e-02
5.039152503013610840e-02
9.338970482349395752e-02
-1.790589243173599243e-01
-5.964697524905204773e-02
2.701875194907188416e-02
-3.550481982529163361e-03
-9.910038858652114868e-02
5.925711244344711304e-02
5.967451725155115128e-03
-8.401702344417572021e-02
1.367463916540145874e-02
6.904944032430648804e-02
1.206173300743103027e-01
7.874484360218048096e-02
-1.280507445335388184e-01
-7.782894372940063477e-02
2.386766821146011353e-01
5.922016873955726624e-02
-7.307602465152740479e-02
-6.692512333393096924e-02
-2.326151579618453979e-01
-1.299548614770174026e-02
2.191374264657497406e-02
-6.925516575574874878e-02
-5.329040065407752991e-02
-1.238210648298263550e-01
-1.123790293931961060e-01
-4.931253194808959961e-02
-8.863092213869094849e-02
4.976623505353927612e-02
5.534666404128074646e-02
6.208418682217597961e-02
8.279426395893096924e-02
-4.931392148137092590e-02
-5.568182468414306641e-02
-9.342073649168014526e-02
1.012370586395263672e-01
4.833640903234481812e-02
-3.212791308760643005e-02
5.331588536500930786e-02
-3.090590797364711761e-02
6.208634003996849060e-02
6.473294645547866821e-02
-3.808504715561866760e-02
-5.418962240219116211e-02
-1.286145895719528198e-01
-1.806917227804660797e-02
9.936994314193725586e-02
2.459517121315002441e-02
7.212406396865844727e-02
-1.828354597091674805e-02
-2.423101477324962616e-02
5.714150890707969666e-02
-2.070600353181362152e-02
-4.417950287461280823e-02
-7.615223526954650879e-02
-1.087383031845092773e-01
-1.963496580719947815e-02
-5.349488928914070129e-02
5.462918803095817566e-02
3.486562892794609070e-02
-8.174428343772888184e-02
6.896004080772399902e-02
1.220856830477714539e-01
-1.618572175502777100e-01
-6.447257846593856812e-02
-2.298520132899284363e-02
1.160903945565223694e-01
-1.246059220284223557e-02
5.442108958959579468e-02
5.323800817131996155e-02
9.553653001785278320e-02
-1.243825852870941162e-01
-3.036089539527893066e-01
-3.573269024491310120e-02
-1.210667639970779419e-01
-1.838138699531555176e-02
-1.814076751470565796e-01
-9.138260781764984131e-02
3.980753570795059204e-02
2.777434140443801880e-02
-2.724114619195461273e-02
-1.029133498668670654e-01
-1.099781468510627747e-01
7.978805899620056152e-02
1.003084033727645874e-01
9.978923201560974121e-02
-4.175770282745361328e-02
-1.632254384458065033e-02
-7.814654707908630371e-02
1.686435639858245850e-01
1.013984531164169312e-01
-4.916197806596755981e-02
-9.839292615652084351e-02
-4.017799720168113708e-02
1.063741520047187805e-01
1.395242363214492798e-01
-8.863888680934906006e-02
-2.321181148290634155e-01
3.619448468089103699e-02
8.185861632227897644e-03
2.203009463846683502e-02
5.656406283378601074e-02
-1.296181678771972656e-01
1.231270190328359604e-02
-7.263083010911941528e-02
1.126180682331323624e-02
5.730997398495674133e-02
6.263341754674911499e-02
3.615953773260116577e-02
1.031514704227447510e-01
9.846471995115280151e-02
8.444341272115707397e-02
5.689179524779319763e-02
2.413857355713844299e-02
-1.018189936876296997e-01
-5.833317060023546219e-03
8.578380942344665527e-02
-7.169426232576370239e-02
-1.239617392420768738e-01
6.696417927742004395e-02
2.153239957988262177e-02
1.729926913976669312e-01
3.281854093074798584e-02
1.532032787799835205e-01
1.535836607217788696e-01
1.135808974504470825e-01
1.552221477031707764e-01
-9.673259407281875610e-02
9.186425805091857910e-02
1.574399471282958984e-01
1.264455467462539673e-01
2.309547513723373413e-01
1.149367466568946838e-01
1.141803190112113953e-01
8.748485893011093140e-02
1.210264191031455994e-01
9.244422614574432373e-02
-3.010223805904388428e-02
7.102524489164352417e-02
6.479006260633468628e-02
4.501454532146453857e-02
-8.587069809436798096e-02
-1.301045715808868408e-01
6.386843509972095490e-03
-2.436699531972408295e-02
-1.307749152183532715e-01
-1.056330427527427673e-01
-8.846301585435867310e-02
-2.734616585075855255e-02
-5.652222037315368652e-02
1.177888438105583191e-01
-2.874155640602111816e-01
-4.226647317409515381e-01
-9.337211400270462036e-02
-9.910987317562103271e-02
-9.216001629829406738e-02
-2.496508322656154633e-02
2.147633768618106842e-02
-1.165760681033134460e-01
-3.350709751248359680e-02
-2.480296418070793152e-02
1.949335262179374695e-02
1.022941023111343384e-01
-9.870612621307373047e-02
-3.378475550562143326e-03
-4.228505119681358337e-02
-6.453696638345718384e-03
-7.634318433701992035e-03
-1.008869707584381104e-01
-3.203259408473968506e-02
1.875819414854049683e-01
8.193158358335494995e-02
9.423512965440750122e-02
-1.152687445282936096e-01
1.208838149905204773e-01
1.214048340916633606e-01
8.262699097394943237e-02
4.327774792909622192e-02
6.003353744745254517e-02
-1.858802512288093567e-02
5.033088475465774536e-02
7.473802566528320312e-02
1.386712938547134399e-01
5.444121733307838440e-02
2.050350978970527649e-02
-1.175215351395308971e-03
1.843907535076141357e-01
1.260182261466979980e-01
-7.886794954538345337e-02
8.156633377075195312e-02
1.373842805624008179e-01
2.200618684291839600e-01
1.068868339061737061e-01
-2.036881595849990845e-01
4.958640784025192261e-02
-3.870715200901031494e-02
2.377226203680038452e-01
7.654665410518646240e-02
3.750486299395561218e-02
6.773238070309162140e-03
1.393557488918304443e-01
4.453345388174057007e-02
-4.940800741314888000e-02
-3.564906492829322815e-02
2.812605351209640503e-02
4.215699061751365662e-02
8.237067610025405884e-02
-2.518731728196144104e-02
-9.890425717458128929e-04
-6.967478990554809570e-02
-1.854520477354526520e-02
-1.256830692291259766e-01
-1.073016747832298279e-01
-1.026282608509063721e-01
-9.632217139005661011e-02
-4.527065530419349670e-02
-2.242209315299987793e-01
-1.945790350437164307e-01
-1.290648132562637329e-01
-5.156671255826950073e-02
-7.734647393226623535e-02
-3.640287816524505615e-01
-1.201083287596702576e-01
1.849734410643577576e-02
-5.394255369901657104e-02
-6.003085523843765259e-02
-2.890911102294921875e-01
-2.241550683975219727e-01
-2.337676882743835449e-01
-1.355086266994476318e-01
-1.750574819743633270e-02
-2.601420879364013672e-01
-1.287168711423873901e-01
2.633025683462619781e-02
4.400626942515373230e-02
-4.891763255000114441e-02
-2.491442859172821045e-01
-2.506675422191619873e-01
1.749182790517807007e-01
8.020181953907012939e-02
1.958112977445125580e-02
-1.413356810808181763e-01
-1.949000805616378784e-01
1.382191628217697144e-01
-4.217845946550369263e-02
-1.242246702313423157e-01
-9.601651132106781006e-02
-2.296784669160842896e-01
-3.306745365262031555e-02
5.190930142998695374e-02
-3.808181732892990112e-02
-6.761608645319938660e-03
1.198420599102973938e-01
-1.634447276592254639e-01
-1.148991435766220093e-01
-2.401751093566417694e-02
-1.596583053469657898e-02
-2.157544642686843872e-01
8.171185851097106934e-02
1.167662218213081360e-01
2.000700831413269043e-01
2.682274766266345978e-02
1.810633577406406403e-02
3.399973809719085693e-01
1.772392243146896362e-01
-1.939685083925724030e-03
-1.186334714293479919e-01
-3.036266565322875977e-01
2.005724012851715088e-01
1.413749009370803833e-01
-2.530742436647415161e-02
-1.113874390721321106e-01
-2.012913078069686890e-01
1.208624914288520813e-01
3.717341646552085876e-02
-4.847256094217300415e-02
-6.123331561684608459e-02
-9.578329324722290039e-02
-4.856362938880920410e-02
-2.553519308567047119e-01
-1.475107818841934204e-01
-9.449539333581924438e-02
-1.529223918914794922e-01
1.297825127840042114e-01
1.045154780149459839e-02
8.456037193536758423e-02
-4.238941892981529236e-02
-3.689869940280914307e-01
7.996140420436859131e-02
1.358264777809381485e-02
4.076423868536949158e-02
4.972523823380470276e-02
-2.527042925357818604e-01
1.577564626932144165e-01
2.250976487994194031e-02
-1.947387754917144775e-01
-1.071088109165430069e-02
-1.316149160265922546e-02
-1.341985464096069336e-01
-1.689590215682983398e-01
-8.834292739629745483e-02
-1.145929247140884399e-01
-2.388328686356544495e-02
-3.005594946444034576e-02
-1.345115751028060913e-01
-1.453249007463455200e-01
-5.701471492648124695e-02
-2.268242090940475464e-02
-1.500017791986465454e-01
-3.161436319351196289e-02
1.511480193585157394e-02
1.298745442181825638e-02
8.472902327775955200e-02
-4.326941445469856262e-02
-1.771695613861083984e-01
-2.081415206193923950e-01
-2.003983780741691589e-02
7.646432518959045410e-02
-1.223203726112842560e-02
-3.172743022441864014e-01
-1.065602526068687439e-01
6.303790956735610962e-02
1.539218798279762268e-02
-1.975179463624954224e-01
-1.478366553783416748e-01
7.125241309404373169e-02
1.325048059225082397e-01
1.854931116104125977e-01
-2.340270392596721649e-02
-1.496663242578506470e-01
3.712493926286697388e-02
-2.985380962491035461e-02
-9.100960940122604370e-02
3.688830509781837463e-02
-7.497678743675351143e-04
-4.513522237539291382e-02
-4.080580174922943115e-02
-1.065469086170196533e-01
5.004455894231796265e-02
-3.286052867770195007e-02
-3.364341706037521362e-02
1.921855062246322632e-01
-6.340779364109039307e-02
2.619699202477931976e-02
-5.025953799486160278e-02
-8.635274320840835571e-02
1.286064088344573975e-01
2.158159576356410980e-02
-5.253394320607185364e-02
-9.018883109092712402e-02
-7.817755639553070068e-02
5.357360001653432846e-03
2.954269014298915863e-02
1.467962712049484253e-01
1.042807698249816895e-01
2.902120351791381836e-03
-6.845025718212127686e-02
-1.025201156735420227e-01
7.517354190349578857e-02
-1.404718607664108276e-01
1.096892729401588440e-02
3.382777422666549683e-02
-4.087139293551445007e-02
9.549990296363830566e-02
-1.070495173335075378e-01
-6.903883814811706543e-02
1.207506582140922546e-01
1.190359592437744141e-01
2.340570499654859304e-04
-2.714335322380065918e-01
-2.427762001752853394e-01
2.541232705116271973e-01
1.889301687479019165e-01
-1.643345355987548828e-01
-2.878843247890472412e-01
-1.833743602037429810e-01
1.141567230224609375e-01
9.311220049858093262e-02
3.430785983800888062e-02
4.082162305712699890e-02
7.411942631006240845e-02
1.739982068538665771e-01
2.221353352069854736e-01
1.685240678489208221e-02
-1.083604246377944946e-01
-6.562278419733047485e-02
-6.561473011970520020e-03
-6.849583983421325684e-02
-1.673982292413711548e-01
-1.332175433635711670e-01
4.691007081419229507e-03
9.831745922565460205e-02
-1.556745022535324097e-01
2.173953503370285034e-02
-8.485563099384307861e-02
-1.319932490587234497e-01
-7.389000058174133301e-02
-3.717656731605529785e-01
1.826783176511526108e-03
-1.098349690437316895e-01
1.739672757685184479e-02
-2.755837738513946533e-01
-3.938978016376495361e-01
8.671282790601253510e-03
1.657669395208358765e-01
-8.328416198492050171e-02
-9.667517244815826416e-02
-4.371051490306854248e-02
6.323846522718667984e-03
6.516823172569274902e-02
1.036534756422042847e-01
5.772601068019866943e-02
-2.056313455104827881e-01
1.249715834856033325e-01
-4.238113760948181152e-02
3.744341805577278137e-02
-2.559058368206024170e-02
7.232264429330825806e-02
-1.553774694912135601e-03
-7.869467884302139282e-02
3.222947195172309875e-02
-4.985016584396362305e-02
5.723999440670013428e-02
9.604684263467788696e-02
3.525279462337493896e-02
1.393101066350936890e-01
-6.834066659212112427e-02
-1.057811751961708069e-01
-4.084600508213043213e-02
-8.124713599681854248e-02
-1.681524664163589478e-01
-1.641540229320526123e-01
-1.988063305616378784e-01
-9.000316262245178223e-02
-8.560202270746231079e-02
2.804519422352313995e-02
-1.195884775370359421e-02
-1.045171990990638733e-01
-1.568587683141231537e-02
7.035861164331436157e-02
-5.392767116427421570e-02
-1.769478991627693176e-02
2.859395742416381836e-02
-1.663372963666915894e-01
-1.746623814105987549e-01
-8.661444485187530518e-02
-1.703502784948796034e-04
3.865201771259307861e-02
5.898460280150175095e-03
9.348367154598236084e-02
1.248059198260307312e-01
4.838326573371887207e-02
8.481637388467788696e-02
-9.168990701436996460e-02
-2.647619843482971191e-01
-2.914664149284362793e-02
7.368320226669311523e-02
-9.931579232215881348e-02
2.326629683375358582e-02
7.721038162708282471e-02
1.101752370595932007e-01
-3.526015579700469971e-02
-3.026734292507171631e-01
1.781921535730361938e-01
9.381258487701416016e-02
2.524487301707267761e-02
1.563158184289932251e-01
-2.660467326641082764e-01
1.138190627098083496e-01
1.189408637583255768e-02
-1.853841692209243774e-01
-5.015673115849494934e-02
-1.016784179955720901e-02
-9.327350184321403503e-03
-2.804508209228515625e-01
-1.954721063375473022e-01
-1.025643870234489441e-01
1.940492540597915649e-03
-9.298664331436157227e-02
-2.614783346652984619e-01
-2.252658605575561523e-01
-7.146931439638137817e-02
-7.818638533353805542e-02
-7.882007211446762085e-02
-1.028663143515586853e-01
-7.947605848312377930e-02
2.345484122633934021e-02
-2.829035557806491852e-02
-1.478383243083953857e-01
4.164576902985572815e-02
6.426867842674255371e-02
5.085445195436477661e-02
-1.047961786389350891e-01
-1.936739310622215271e-02
3.152006492018699646e-02
-2.037147618830204010e-02
5.018398165702819824e-02
1.532081048935651779e-03
-1.214413270354270935e-01
-1.356524229049682617e-01
2.819512411952018738e-02
6.094889715313911438e-02
1.373240957036614418e-03
-1.209191828966140747e-01
-1.453355997800827026e-01
-1.272254437208175659e-01
-1.512507945299148560e-01
-2.805234631523489952e-03
-1.663788259029388428e-01
-1.258502155542373657e-01
-6.208942830562591553e-02
-1.572836786508560181e-01
9.818395972251892090e-02
-1.327143758535385132e-01
-2.556515336036682129e-01
-9.398038499057292938e-03
-8.197653107345104218e-03
5.196465179324150085e-02
-6.363817304372787476e-02
5.132550746202468872e-02
1.675214618444442749e-02
1.120073571801185608e-01
1.570455580949783325e-01
-6.875065714120864868e-02
2.161827087402343750e-01
1.804394572973251343e-01
2.595335543155670166e-01
2.164313755929470062e-02
-6.120435148477554321e-02
6.034988164901733398e-02
1.125178411602973938e-01
6.352214515209197998e-02
1.755571663379669189e-01
-1.670099645853042603e-01
-3.540789335966110229e-02
1.415653619915246964e-02
-4.713737580459564924e-04
5.941205844283103943e-02
-8.687400072813034058e-02
-3.446975722908973694e-02
-2.849547937512397766e-02
2.903848071582615376e-04
-2.480004541575908661e-02
-6.306567788124084473e-02
2.493870072066783905e-02
-2.995386533439159393e-02
-4.839415103197097778e-02
-9.011088311672210693e-02
-8.397341519594192505e-02
2.730749920010566711e-02
1.149242520332336426e-01
-5.490934103727340698e-02
-3.805079758167266846e-01
5.477248132228851318e-02
2.664360962808132172e-02
-1.537100672721862793e-01
-1.149788051843643188e-01
-2.451020665466785431e-02
-8.943581581115722656e-02
-2.295891009271144867e-02
-1.279666423797607422e-01
3.633318468928337097e-03
-7.461078464984893799e-02
1.104366686195135117e-02
-1.105539798736572266e-01
-6.893173605203628540e-02
-1.319697797298431396e-01
2.829959616065025330e-02
1.260124891996383667e-01
7.494482398033142090e-02
4.950385540723800659e-02
5.916796997189521790e-02
1.442724019289016724e-01
-3.633680194616317749e-02
-3.414556384086608887e-02
1.724672913551330566e-01
7.678154110908508301e-02
1.176440864801406860e-01
-3.640680760145187378e-02
-6.281513720750808716e-02
-5.508271232247352600e-02
-1.955352872610092163e-01
1.061552688479423523e-01
-7.942779362201690674e-02
-2.220821976661682129e-01
-1.616372913122177124e-02
-9.783238172531127930e-02
1.921514570713043213e-01
-4.099495336413383484e-02
-1.390124578028917313e-02
-6.515396386384963989e-02
7.203303277492523193e-02
2.499274164438247681e-01
-6.332337111234664917e-02
6.409108638763427734e-02
-2.295514009892940521e-02
1.791362613439559937e-01
3.407702147960662842e-01
-1.210417151451110840e-01
2.580634355545043945e-01
8.523920178413391113e-02
4.152534063905477524e-03
1.707686185836791992e-01
5.740861874073743820e-03
-1.840193942189216614e-02
-6.258869916200637817e-02
-2.017474547028541565e-02
-1.233609952032566071e-02
2.444755472242832184e-02
2.302052453160285950e-02
-7.471166551113128662e-03
-2.140553109347820282e-02
-3.960036486387252808e-02
-1.564786396920681000e-02
6.400034576654434204e-02
-1.071822121739387512e-01
-5.652647837996482849e-02
-1.425922513008117676e-01
1.857726089656352997e-02
-8.252475410699844360e-03
-6.479988247156143188e-02
-7.721273601055145264e-02
-2.226530909538269043e-01
-1.091767027974128723e-01
-1.861673891544342041e-01
-8.237660676240921021e-02
-2.637579739093780518e-01
-1.475993543863296509e-01
1.535591930150985718e-01
-1.780060306191444397e-02
-1.416043750941753387e-02
-3.076234161853790283e-01
-2.914627194404602051e-01
-1.637955754995346069e-01
-1.443724930286407471e-01
5.781905725598335266e-03
-1.138557940721511841e-01
-2.461976259946823120e-01
-3.652285039424896240e-02
-3.155129775404930115e-02
4.358685389161109924e-02
-1.518661081790924072e-01
-1.687022000551223755e-01
-2.068951576948165894e-01
-3.034537434577941895e-01
-2.817017734050750732e-01
-1.370726525783538818e-01
-2.536736428737640381e-02
1.905251592397689819e-01
2.022610753774642944e-01
-7.307510823011398315e-02
-1.808664947748184204e-02
6.865630298852920532e-02
-3.132182955741882324e-01
-2.304751724004745483e-01
5.326036363840103149e-02
2.736020684242248535e-01
2.759321331977844238e-01
-1.029992550611495972e-01
-3.026800230145454407e-02
9.371153265237808228e-02
1.492833793163299561e-01
-8.656443655490875244e-02
-1.053304038941860199e-02
-5.682926252484321594e-02
3.140047565102577209e-02
4.648458957672119141e-02
-2.415088266134262085e-01
1.320180390030145645e-02
3.737156093120574951e-02
-7.949480414390563965e-02
-5.991676822304725647e-02
-1.244035735726356506e-01
-2.948336303234100342e-02
-6.122288480401039124e-02
4.087801650166511536e-02
-2.202398777008056641e-01
-3.990303575992584229e-01
-6.819187104701995850e-02
1.774653606116771698e-02
-2.150305919349193573e-02
-1.816212683916091919e-01
-9.382130950689315796e-02
-5.510650947690010071e-02
-8.543176949024200439e-02
1.138694733381271362e-01
4.893417656421661377e-02
-2.019990086555480957e-01
9.950754046440124512e-02
9.288546442985534668e-02
7.833781093358993530e-02
-7.335094735026359558e-03
6.488952040672302246e-02
-1.006230488419532776e-01
-5.828092992305755615e-02
-1.109411120414733887e-01
-8.016061037778854370e-02
-1.403630226850509644e-01
-1.471389457583427429e-02
-1.451282650232315063e-01
-1.516141891479492188e-01
-3.409738838672637939e-01
-2.398875541985034943e-02
1.257625520229339600e-01
3.629070147871971130e-02
2.907024323940277100e-02
-1.857605427503585815e-01
-1.681726723909378052e-01
-9.112576022744178772e-03
-1.974963098764419556e-01
-8.264406025409698486e-02
-6.330472230911254883e-02
-6.417537480592727661e-02
-1.171864271163940430e-01
-1.303813010454177856e-01
2.228903025388717651e-02
4.771592468023300171e-02
3.796307370066642761e-02
9.683554619550704956e-02
3.120011463761329651e-02
-7.773088663816452026e-02
1.412725597620010376e-01
1.350052505731582642e-01
1.881834864616394043e-01
1.020800098776817322e-01
2.358879745006561279e-01
1.500731706619262695e-01
5.178453028202056885e-02
-1.258398890495300293e-01
-1.228334084153175354e-01
2.718013274716213346e-05
-9.381300210952758789e-02
-1.204360574483871460e-01
-7.816822826862335205e-02
-4.265718907117843628e-02
3.594588115811347961e-02
-2.596649713814258575e-02
-5.873943492770195007e-02
3.673673048615455627e-02
2.854902297258377075e-02
-2.671639807522296906e-02
-4.103114362806081772e-03
7.285740971565246582e-02
-3.346681594848632812e-02
-1.742576248943805695e-02
-8.573071658611297607e-02
-1.021504122763872147e-02
-3.491188958287239075e-02
1.932262675836682320e-03
2.594963088631629944e-02
-1.251905113458633423e-01
-7.026543468236923218e-02
7.017109543085098267e-02
1.498769521713256836e-01
3.727637976408004761e-02
-4.402222111821174622e-02
3.658751770853996277e-02
-2.205942757427692413e-02
-1.091504096984863281e-01
-1.847092621028423309e-02
1.708476543426513672e-01
1.013332232832908630e-01
3.075614944100379944e-02
3.203688561916351318e-02
-8.524113893508911133e-02
9.564933180809020996e-02
9.139832854270935059e-02
3.140212595462799072e-02
1.292507201433181763e-01
4.039953462779521942e-03
-3.816922008991241455e-02
1.076491773128509521e-01
1.193113625049591064e-01
1.637344807386398315e-01
-6.248906999826431274e-02
-7.061387598514556885e-02
-3.119160607457160950e-02
1.006923541426658630e-01
-4.428536817431449890e-02
-8.499984629452228546e-03
-9.463585913181304932e-02
-8.486241102218627930e-02
-2.772233821451663971e-02
5.460753571242094040e-03
-9.878811985254287720e-02
-6.356365978717803955e-02
-5.308900773525238037e-02
6.888588517904281616e-02
-9.080110117793083191e-03
-6.083374097943305969e-02
-5.973347928375005722e-03
-1.488127652555704117e-02
-3.987228125333786011e-02
-4.898412153124809265e-02
6.050036475062370300e-02
-3.513646125793457031e-02
-2.052383869886398315e-02
-1.753845363855361938e-01
-4.730696976184844971e-02
-3.011071123182773590e-02
-5.904254689812660217e-02
-4.845554381608963013e-02
-1.912928819656372070e-01
-4.032272554468363523e-04
1.542758941650390625e-01
1.013912484049797058e-01
7.887116819620132446e-02
3.067638166248798370e-02
2.903418056666851044e-02
1.897483319044113159e-01
9.736223518848419189e-02
1.228467840701341629e-02
-6.872379686683416367e-03
3.917641472071409225e-03
-3.217355534434318542e-02
8.664114773273468018e-02
3.152377903461456299e-02
-2.062608003616333008e-01
-5.901565775275230408e-02
-6.694827973842620850e-02
-4.437936004251241684e-03
-5.275140702724456787e-02
1.220009848475456238e-01
-6.154552474617958069e-02
-8.669093251228332520e-03
-3.342148289084434509e-02
-1.071699708700180054e-01
-1.201312690973281860e-01
1.877214908599853516e-01
4.748027399182319641e-02
-1.292179059237241745e-02
-9.940933436155319214e-02
-2.460260838270187378e-01
-2.307560527697205544e-03
2.928271703422069550e-02
2.750263363122940063e-02
1.947393082082271576e-02
4.641283676028251648e-02
-7.512166351079940796e-02
3.539088368415832520e-02
1.433755159378051758e-01
2.217988483607769012e-02
-8.545849472284317017e-02
5.606060102581977844e-02
-6.234396249055862427e-02
5.809718370437622070e-02
9.357541799545288086e-02
2.381138503551483154e-02
9.156341850757598877e-02
-3.932206705212593079e-02
1.611253619194030762e-02
4.012800753116607666e-02
9.558060020208358765e-02
-1.735210269689559937e-01
-1.272665522992610931e-02
1.306250840425491333e-01
-1.382340341806411743e-01
-3.352797939442098141e-04
1.469575893133878708e-02
-2.335255965590476990e-02
9.525565803050994873e-02
1.673605740070343018e-01
-4.730128124356269836e-02
2.217223644256591797e-01
1.735458076000213623e-01
9.239590167999267578e-02
9.753171354532241821e-02
5.044788867235183716e-02
-1.874671578407287598e-01
-2.172582894563674927e-01
-1.513104289770126343e-01
-9.320154786109924316e-02
-1.347920894622802734e-01
1.797057688236236572e-01
1.160764843225479126e-01
-2.091898769140243530e-01
-3.197169005870819092e-01
-9.042187780141830444e-02
5.236896499991416931e-02
-1.294016838073730469e-02
-5.620865523815155029e-02
-1.324179023504257202e-01
-4.801860824227333069e-02
1.780676990747451782e-01
2.640884369611740112e-02
-3.983012866228818893e-03
1.347263809293508530e-02
-9.824995696544647217e-02
-3.350274637341499329e-02
1.257915515452623367e-02
-5.094472691416740417e-02
5.815861746668815613e-02
3.304920345544815063e-02
7.108847144991159439e-03
-3.990557743236422539e-04
8.059913665056228638e-02
6.058788299560546875e-02
3.881075978279113770e-02
-7.737237960100173950e-02
-2.623446844518184662e-02
2.983062528073787689e-03
-2.919646725058555603e-02
6.804344244301319122e-03
3.988160192966461182e-02
1.636201632209122181e-03
2.100739069283008575e-02
4.183615371584892273e-02
3.375129774212837219e-02
-5.316165834665298462e-02
2.457523159682750702e-02
1.088468637317419052e-02
4.398905485868453979e-02
3.941044956445693970e-02
-8.009843528270721436e-02
-2.802588418126106262e-02
-9.897783398628234863e-02
3.757609799504280090e-02
1.294689625501632690e-02
-1.806190311908721924e-01
-1.470528990030288696e-01
-1.765483617782592773e-01
-8.018859475851058960e-02
-5.340087041258811951e-02
-1.324432194232940674e-01
-6.215078383684158325e-02
-1.258399784564971924e-01
5.900715291500091553e-02
-3.308172151446342468e-02
-4.972711205482482910e-02
-1.149888634681701660e-01
-1.099539399147033691e-01
-6.594985723495483398e-02
-1.140616983175277710e-01
-1.075589507818222046e-01
-1.211133748292922974e-01
-9.302017837762832642e-02
-2.246366627514362335e-02
-3.440280258655548096e-02
1.889871805906295776e-02
-1.580193787813186646e-01
-1.843144297599792480e-01
-1.661706566810607910e-01
-7.672128081321716309e-02
-1.475106477737426758e-01
-2.014531046152114868e-01
-2.011503726243972778e-01
-2.850195392966270447e-02
6.303527951240539551e-02
4.821284487843513489e-02
-3.974353894591331482e-02
2.309011295437812805e-02
-1.712803691625595093e-01
-2.699211006984114647e-03
6.101496145129203796e-02
5.148532986640930176e-02
1.556617170572280884e-01
8.154646307229995728e-02
2.922230632975697517e-03
1.725186854600906372e-01
1.172415260225534439e-02
6.759954150766134262e-03
7.096980512142181396e-02
-6.747590750455856323e-02
7.229926437139511108e-02
6.856915354728698730e-02
-6.714876741170883179e-02
-7.965578138828277588e-02
-1.058548968285322189e-02
-5.611319094896316528e-02
1.345324330031871796e-02
-1.928214356303215027e-02
-3.083080798387527466e-02
8.449418097734451294e-02
-8.683007955551147461e-02
-1.127137318253517151e-01
-1.690180748701095581e-01
-1.965965144336223602e-02
2.619306324049830437e-03
-9.294018894433975220e-02
4.721234086900949478e-03
5.868032202124595642e-02
-7.641234993934631348e-02
-5.026758834719657898e-02
-1.056029200553894043e-01
5.413952097296714783e-02
4.572476446628570557e-02
-1.089009921997785568e-02
-8.929122984409332275e-02
6.772901117801666260e-02
-1.252608280628919601e-02
-2.065032161772251129e-02
-2.143783494830131531e-02
-1.249050274491310120e-01
1.343281418085098267e-01
-6.091867759823799133e-02
-1.268548965454101562e-01
1.623431295156478882e-01
-1.665117740631103516e-01
-4.840299859642982483e-02
-7.406735420227050781e-02
-2.778614498674869537e-02
1.827019006013870239e-01
-4.830991849303245544e-02
3.954372182488441467e-02
-2.242128551006317139e-02
-6.794361770153045654e-02
-1.628226935863494873e-01
-1.079123169183731079e-01
-1.602695696055889130e-02
9.039825759828090668e-03
-6.705348193645477295e-02
-4.284865409135818481e-02
-7.613040506839752197e-02
1.860711351037025452e-02
3.332126140594482422e-02
7.406909950077533722e-03
-4.421352967619895935e-02
4.611733183264732361e-02
6.250937283039093018e-02
1.158202216029167175e-01
2.193300612270832062e-02
-9.087913483381271362e-02
-5.173343047499656677e-02
1.001304164528846741e-01
3.750111907720565796e-02
6.026267260313034058e-02
-1.399748176336288452e-01
3.011971153318881989e-02
1.740862578153610229e-01
4.572924599051475525e-02
1.303307414054870605e-01
1.301190406084060669e-01
-1.675084698945283890e-03
-4.120330139994621277e-02
3.966649621725082397e-02
1.173593401908874512e-01
1.821542717516422272e-02
1.073681637644767761e-01
-1.055937819182872772e-02
-7.945810258388519287e-02
-1.453719884157180786e-01
-6.291493773460388184e-03
2.712104469537734985e-02
6.763880699872970581e-02
-9.934608638286590576e-02
-2.306499518454074860e-02
7.774867117404937744e-02
-1.782553344964981079e-01
8.652779459953308105e-02
1.586084812879562378e-01
-8.655979484319686890e-02
-6.294716149568557739e-02
1.450984328985214233e-01
-1.471343785524368286e-01
-5.212048068642616272e-02
-8.698427677154541016e-02
-1.016362756490707397e-01
-7.121320813894271851e-02
-1.428101677447557449e-02
-5.558907613158226013e-02
-1.043308898806571960e-01
-9.567600488662719727e-02
8.172417432069778442e-02
-1.986570209264755249e-01
-2.248303890228271484e-01
-1.351584792137145996e-01
-7.312670350074768066e-02
-8.966007828712463379e-02
-1.727600991725921631e-01
-2.975147366523742676e-01
-2.895761728286743164e-01
-1.578032225370407104e-02
2.000736743211746216e-01
-2.295397594571113586e-02
-1.238898634910583496e-01
-8.726787753403186798e-03
-3.511484339833259583e-02
-2.121050842106342316e-02
5.197047069668769836e-02
-1.056603267788887024e-01
-1.219978705048561096e-01
-2.875993959605693817e-02
-1.647926634177565575e-03
7.636457681655883789e-02
-1.860704086720943451e-02
3.122845664620399475e-02
-2.105937898159027100e-01
-1.086642667651176453e-01
-1.333624720573425293e-01
-1.096957698464393616e-01
-4.515565186738967896e-02
-1.702788844704627991e-02
-3.402141630649566650e-01
8.880367502570152283e-03
8.726151660084724426e-03
1.191450133919715881e-01
1.286635249853134155e-01
9.203170239925384521e-02
2.061776816844940186e-02
1.717098951339721680e-01
3.787666186690330505e-02
6.336240470409393311e-02
7.973422110080718994e-02
-5.203033983707427979e-02
1.405571699142456055e-01
1.664156317710876465e-01
1.533648073673248291e-01
1.631669104099273682e-01
-5.854578688740730286e-02
8.570460975170135498e-02
1.217257976531982422e-01
7.884348183870315552e-02
-2.616389840841293335e-02
8.019861578941345215e-02
6.381684541702270508e-02
-1.130204200744628906e-01
-1.452055871486663818e-01
-1.709281653165817261e-01
9.777934849262237549e-02
-3.440875932574272156e-02
-1.350436657667160034e-01
-1.478226035833358765e-01
-1.628343462944030762e-01
1.305528730154037476e-02
-1.149350628256797791e-01
-1.972797065973281860e-01
-2.935068607330322266e-01
6.561179459095001221e-02
9.162597358226776123e-02
-3.464668989181518555e-02
-1.040530502796173096e-01
-9.903126209974288940e-02
-1.470869481563568115e-01
2.383245527744293213e-02
-1.608088612556457520e-02
-1.102217882871627808e-01
-6.391650438308715820e-02
-7.816281169652938843e-02
-4.047821462154388428e-02
1.770592331886291504e-01
-1.916198246181011200e-02
1.137683838605880737e-01
-6.059028580784797668e-02
4.244312644004821777e-02
1.537033319473266602e-01
8.284050971269607544e-02
2.024808675050735474e-01
9.846489131450653076e-02
-8.808594197034835815e-02
6.170411407947540283e-02
-2.851012349128723145e-02
2.032341063022613525e-01
1.812748610973358154e-01
-2.297761440277099609e-01
-1.961946487426757812e-01
-7.184289395809173584e-02
-4.121453315019607544e-02
6.692858785390853882e-02
-1.429961919784545898e-01
-1.634897142648696899e-01
-1.387126147747039795e-01
-9.109020233154296875e-02
-5.743897054344415665e-03
8.097882568836212158e-02
1.657157093286514282e-01
3.234243392944335938e-02
7.908411324024200439e-02
5.396742373704910278e-02
-6.795495748519897461e-02
2.050389498472213745e-01
8.128235489130020142e-02
1.868580840528011322e-02
4.928843677043914795e-02
-2.323257736861705780e-02
-4.337739199399948120e-03
-4.072173684835433960e-02
8.303887443616986275e-04
1.931655704975128174e-01
8.767645061016082764e-02
3.586859256029129028e-02
-4.238195344805717468e-02
-4.144930467009544373e-02
-1.928264498710632324e-01
7.516311854124069214e-02
-6.227187113836407661e-04
-8.163013309240341187e-02
4.643889144062995911e-02
-4.765027388930320740e-02
1.057224422693252563e-01
2.415285445749759674e-02
-5.213358253240585327e-02
8.067122660577297211e-03
2.414836734533309937e-02
4.548905417323112488e-02
1.035206764936447144e-01
-4.717346280813217163e-02
-1.838787496089935303e-01
-1.523836255073547363e-01
9.901759773492813110e-02
2.734026638790965080e-03
5.013483390212059021e-02
-8.381061255931854248e-02
-2.624315321445465088e-01
-7.275136560201644897e-02
-3.980883955955505371e-02
-1.129964664578437805e-01
-1.764450371265411377e-01
-3.340872004628181458e-02
-9.443358331918716431e-02
-1.538299322128295898e-01
-1.110111325979232788e-01
-6.373705714941024780e-02
-2.025389112532138824e-02
-9.200296550989151001e-02
-5.468259565532207489e-03
-1.667279005050659180e-02
7.231272757053375244e-02
2.347163707017898560e-01
-3.541543781757354736e-01
4.738186672329902649e-02
-1.922381669282913208e-01
1.552218645811080933e-01
2.284803688526153564e-01
-6.978254020214080811e-02
-1.258030254393815994e-02
6.872150301933288574e-02
3.311230987310409546e-02
1.855144202709197998e-01
2.429200336337089539e-02
2.069452963769435883e-02
-8.761549368500709534e-03
-2.275275066494941711e-03
-6.876447796821594238e-02
-2.676453068852424622e-02
2.219882607460021973e-02
-2.441777614876627922e-04
-7.360433787107467651e-02
-4.387841001152992249e-02
1.030055806040763855e-01
5.819753184914588928e-02
8.788952976465225220e-02
3.756345063447952271e-02
6.136530265212059021e-02
-7.644262514077126980e-04
-2.390161529183387756e-02
4.392327368259429932e-02
7.168038934469223022e-02
4.899348691105842590e-02
-6.343062222003936768e-02
-1.685466021299362183e-01
-4.952966421842575073e-02
-3.468353673815727234e-02
1.360208988189697266e-01
6.398837268352508545e-02
-1.733447909355163574e-01
-2.867291867733001709e-01
-1.549640446901321411e-01
-1.055500060319900513e-01
8.636970818042755127e-02
1.630336977541446686e-02
-6.461744010448455811e-02
-1.058751121163368225e-01
-2.303897738456726074e-01
-1.388160586357116699e-01
-4.575428366661071777e-02
-9.768918901681900024e-02
1.058155968785285950e-01
-3.049723617732524872e-02
-4.775578272528946400e-04
2.564107812941074371e-02
3.910600766539573669e-02
1.694828122854232788e-01
1.309968233108520508e-01
5.494271218776702881e-02
2.286502569913864136e-01
9.089849144220352173e-02
2.024015188217163086e-01
1.697010993957519531e-01
4.356716573238372803e-02
1.256287842988967896e-01
2.365735545754432678e-02
6.733378767967224121e-02
2.452123165130615234e-02
8.391573093831539154e-03
1.582467555999755859e-01
1.234746165573596954e-02
5.819104239344596863e-02
-7.244419772177934647e-03
7.101932913064956665e-02
7.561152428388595581e-02
9.483696520328521729e-02
2.024233900010585785e-02
-8.679021894931793213e-02
9.510136395692825317e-02
3.856839984655380249e-02
3.913962095975875854e-02
7.479748129844665527e-02
5.853078141808509827e-02
1.897341758012771606e-02
1.590215601027011871e-02
-3.612034488469362259e-03
7.824772037565708160e-03
4.290266707539558411e-02
-1.812883317470550537e-01
3.114463947713375092e-02
-5.566458776593208313e-02
-2.852082438766956329e-02
-2.312201820313930511e-02
-1.513125896453857422e-01
-5.959399417042732239e-02
2.091711014509201050e-02
-1.188830286264419556e-01
-4.854366183280944824e-02
-2.487329989671707153e-01
1.090712961740791798e-03
1.612200289964675903e-01
-3.823961913585662842e-01
3.561165928840637207e-02
-1.080148294568061829e-01
7.043748348951339722e-02
9.340139478445053101e-02
-1.661444157361984253e-01
-7.610004395246505737e-02
6.423406302928924561e-02
1.265482753515243530e-01
9.380524605512619019e-02
2.347559481859207153e-02
1.731168925762176514e-01
1.179435923695564270e-01
-7.332915067672729492e-02
1.973499730229377747e-02
-6.125342845916748047e-02
-1.366635710000991821e-01
8.923701941967010498e-02
-1.389888226985931396e-01
-1.587880104780197144e-01
-2.227184474468231201e-01
-8.502985583618283272e-04
1.365684717893600464e-01
2.752728760242462158e-02
-1.698352247476577759e-01
-4.673780873417854309e-02
6.308921426534652710e-02
1.144213005900382996e-01
9.377299249172210693e-02
-1.393236517906188965e-01
-2.539107799530029297e-01
2.813016809523105621e-02
-2.201964706182479858e-02
-1.111139729619026184e-02
-1.135607361793518066e-01
-1.021047830581665039e-01
7.412713766098022461e-02
-3.068204224109649658e-01
7.250623777508735657e-03
9.950859844684600830e-02
-1.291242893785238266e-02
-1.279636174440383911e-01
-6.489712744951248169e-02
-3.482735902070999146e-02
-2.665097638964653015e-02
9.971313923597335815e-02
-6.185048446059226990e-02
1.164422854781150818e-01
-1.493635624647140503e-01
7.058430463075637817e-03
9.529846161603927612e-02
-1.558599770069122314e-01
1.575270891189575195e-01
-1.019821241497993469e-01
4.256888106465339661e-02
-2.311824820935726166e-02
-1.546802818775177002e-01
1.810806393623352051e-01
4.211099818348884583e-02
1.950673386454582214e-02
3.608313202857971191e-02
-8.894150145351886749e-03
2.172097750008106232e-02
2.111829817295074463e-01
2.329360246658325195e-01
-8.185571432113647461e-02
-1.907008290290832520e-01
-9.955066442489624023e-02
7.741617038846015930e-03
3.276180326938629150e-01
-2.850368320941925049e-01
1.837889403104782104e-01
-2.727043926715850830e-01
1.346752494573593140e-01
3.503367900848388672e-01
-2.126349359750747681e-01
-8.918998762965202332e-03
-1.306421607732772827e-01
1.165058314800262451e-01
2.226584702730178833e-01
6.552866101264953613e-02
-1.621543914079666138e-01
1.845155358314514160e-01
8.454325795173645020e-02
9.248172491788864136e-02
1.950930990278720856e-02
1.287133395671844482e-01
1.950838565826416016e-01
1.653981953859329224e-01
-5.702769383788108826e-02
1.398757100105285645e-01
6.269343197345733643e-02
1.407165825366973877e-01
1.225234121084213257e-01
-4.727179929614067078e-02
-1.639973744750022888e-02
4.644350335001945496e-02
9.189906716346740723e-02
2.604651264846324921e-02
-1.638882756233215332e-01
7.148955017328262329e-02
-6.225179135799407959e-02
-4.201791435480117798e-02
8.854183554649353027e-02
6.113571114838123322e-03
7.356800884008407593e-02
1.185569092631340027e-01
-1.428098976612091064e-01
-8.224376291036605835e-02
-5.636890977621078491e-02
-7.464269548654556274e-02
-1.328289359807968140e-01
9.453619271516799927e-02
1.110471636056900024e-01
-9.959389269351959229e-02
-1.776896268129348755e-01
-9.209892898797988892e-02
-9.561235085129737854e-03
-4.098961502313613892e-02
-1.146824192255735397e-02
1.695976406335830688e-02
-9.929585456848144531e-02
-2.292381227016448975e-02
-1.044986490160226822e-02
-2.521596848964691162e-01
-9.663604199886322021e-02
-5.253620818257331848e-02
-9.699863940477371216e-02
-1.305033117532730103e-01
-1.750633493065834045e-02
-1.214170902967453003e-01
7.378720492124557495e-02
-2.030093371868133545e-01
-1.331656277179718018e-01
-1.121580717153847218e-03
-7.650696672499179840e-03
-3.383662551641464233e-02
-2.448680996894836426e-02
3.316481783986091614e-02
-1.494219899177551270e-01
9.473000466823577881e-02
9.152250736951828003e-02
1.360300332307815552e-01
-1.645605713129043579e-01
-5.022997856140136719e-01
9.421197324991226196e-02
1.417992711067199707e-01
1.433023512363433838e-01
6.742187589406967163e-02
-3.609243631362915039e-01
-1.282821446657180786e-01
5.723807960748672485e-02
8.362240158021450043e-03
8.065401762723922729e-02
-2.319046109914779663e-02
-4.810845106840133667e-02
-3.659223765134811401e-02
6.660341750830411911e-03
-1.731880456209182739e-01
-1.776399165391921997e-01
-9.122597053647041321e-03
9.698583185672760010e-02
-5.812440067529678345e-02
-6.496553868055343628e-02
-5.891482159495353699e-02
-5.993842706084251404e-02
1.757613867521286011e-01
1.027198359370231628e-01
7.138406485319137573e-02
1.219366714358329773e-01
-2.184768021106719971e-01
-1.916182339191436768e-01
-1.343417167663574219e-01
4.760251194238662720e-02
1.337934881448745728e-01
4.601139202713966370e-02
-1.631939560174942017e-01
-2.131832838058471680e-01
-1.511937528848648071e-01
-1.491746306419372559e-01
5.389076843857765198e-02
1.832118257880210876e-02
-8.017637580633163452e-02
-1.188929527997970581e-01
-1.951835155487060547e-01
-2.169214338064193726e-01
-1.377294212579727173e-02
-1.716952919960021973e-01
-8.176856487989425659e-02
1.144094485789537430e-02
7.272160053253173828e-02
-7.231523748487234116e-03
1.279499032534658909e-03
-1.215937733650207520e-01
-4.592216759920120239e-02
2.017491683363914490e-02
-1.271718833595514297e-02
-1.726360246539115906e-02
5.002137273550033569e-02
8.889853209257125854e-02
-1.065861433744430542e-01
3.563921898603439331e-02
6.554118543863296509e-02
8.981981873512268066e-02
-4.938112571835517883e-03
9.134909510612487793e-02
-1.215137988328933716e-01
1.375005990266799927e-01
9.994716197252273560e-02
-2.501319162547588348e-03
-4.856003075838088989e-02
6.376358121633529663e-02
-1.358020454645156860e-01
1.244514957070350647e-01
6.750519573688507080e-02
9.489603340625762939e-02
1.439389437437057495e-01
-1.124662533402442932e-01
-3.272342961281538010e-03
1.317897289991378784e-01
-7.221708074212074280e-03
-1.030913367867469788e-01
-1.982165873050689697e-01
-2.285674400627613068e-02
9.921807050704956055e-02
6.183212623000144958e-03
-2.335944324731826782e-01
-2.552483677864074707e-01
-9.291664510965347290e-02
5.521633476018905640e-02
3.239813446998596191e-02
-8.458228409290313721e-02
-1.944467239081859589e-02
2.656115405261516571e-02
-7.473819702863693237e-02
-7.300766557455062866e-02
-1.326715201139450073e-02
-1.336814612150192261e-01
6.303752958774566650e-02
1.452623009681701660e-01
2.430622875690460205e-01
-8.552176505327224731e-02
-2.215880900621414185e-01
-1.142301484942436218e-01
2.350429147481918335e-01
2.738397121429443359e-01
2.804298698902130127e-02
1.319970339536666870e-01
-1.026530414819717407e-01
1.228937134146690369e-01
2.808007001876831055e-01
6.716883182525634766e-02
7.033681869506835938e-02
7.437945157289505005e-02
-5.124769359827041626e-02
1.762567311525344849e-01
1.011510044336318970e-01
1.561544984579086304e-01
1.457206308841705322e-01
-2.290155179798603058e-02
7.948019355535507202e-02
-3.264694660902023315e-02
1.037887111306190491e-01
8.263552933931350708e-02
1.679595559835433960e-01
-1.049211621284484863e-02
-3.113252483308315277e-02
8.160867542028427124e-02
1.258825697004795074e-02
-4.544049501419067383e-02
-1.311820745468139648e-01
1.113365888595581055e-01
-9.480692096985876560e-04
-4.879278317093849182e-02
-1.604669392108917236e-01
-2.596459388732910156e-01
6.648214161396026611e-02
2.026806175708770752e-01
3.663623332977294922e-02
2.444250509142875671e-02
3.333204984664916992e-02
1.205425336956977844e-02
-6.409876793622970581e-02
6.201873719692230225e-02
-1.020810008049011230e-01
-5.469610542058944702e-02
-9.403359889984130859e-02
-9.756620973348617554e-02
-6.042283400893211365e-02
-9.745667129755020142e-02
1.081058531999588013e-01
-1.702215969562530518e-01
-1.523441076278686523e-01
2.803745493292808533e-02
9.200637787580490112e-02
1.292147338390350342e-01
-1.807690411806106567e-01
1.607747562229633331e-02
-1.937250643968582153e-01
8.357267081737518311e-02
1.579804569482803345e-01
-1.161935850977897644e-01
2.611139416694641113e-01
-9.663628786802291870e-02
-2.149972766637802124e-01
-2.567372098565101624e-02
-4.268053546547889709e-02
1.361964046955108643e-01
-1.170970872044563293e-01
-3.404341638088226318e-02
3.756982274353504181e-03
-1.083907671272754669e-02
3.235534578561782837e-02
-6.533208489418029785e-02
-1.056614890694618225e-01
-9.492454677820205688e-02
-9.064670652151107788e-02
-1.805595010519027710e-01
-1.779140233993530273e-01
6.693644821643829346e-02
-2.856141515076160431e-02
-4.625907912850379944e-02
7.344949059188365936e-03
-1.530457437038421631e-01
-6.430859118700027466e-02
8.414969779551029205e-03
1.300645805895328522e-02
8.754534274339675903e-02
3.802685067057609558e-02
-2.174774110317230225e-01
-4.088229034096002579e-03
2.097092382609844208e-02
-3.530628234148025513e-02
3.575304523110389709e-02
-1.746668107807636261e-02
7.696590572595596313e-02
-2.945732697844505310e-02
5.635997746139764786e-03
8.626610040664672852e-03
5.671901255846023560e-02
-4.884710162878036499e-02
1.141927614808082581e-01
6.785062700510025024e-02
1.099075227975845337e-01
2.083558589220046997e-01
-1.707544624805450439e-01
-7.452609390020370483e-02
-2.392729371786117554e-01
4.003665596246719360e-02
1.382757872343063354e-01
1.077462434768676758e-01
-1.530759781599044800e-01
1.046963632106781006e-01
-2.306715399026870728e-01
-1.615656316280364990e-01
9.270973503589630127e-02
5.841548368334770203e-02
-1.938702762126922607e-01
-5.944656953215599060e-02
-1.346663832664489746e-01
-1.580790877342224121e-01
-4.331665113568305969e-02
3.601318225264549255e-02
1.645694673061370850e-02
1.511857472360134125e-02
-2.395680919289588928e-02
1.084212064743041992e-01
-1.026682276278734207e-02
9.558177739381790161e-02
-2.376914635533466935e-04
-1.929713487625122070e-01
-2.289748638868331909e-01
-1.969331800937652588e-01
7.453007251024246216e-02
6.172844395041465759e-02
-1.855538599193096161e-02
-8.350980281829833984e-02
2.894704975187778473e-02
-8.847853168845176697e-03
-2.096134573221206665e-01
-6.369939446449279785e-02
-4.805003479123115540e-02
5.986200273036956787e-02
5.097199976444244385e-02
-1.071071475744247437e-01
-1.345436125993728638e-01
1.441738195717334747e-02
5.731822922825813293e-03
-2.122975140810012817e-01
-1.632136851549148560e-01
-1.697965264320373535e-01
5.324128642678260803e-02
-3.400183469057083130e-02
-9.824641793966293335e-02
-6.525321304798126221e-02
-6.347680836915969849e-02
7.205938547849655151e-02
-3.711125999689102173e-02
-4.088280722498893738e-02
-2.928489819169044495e-02
-2.064087241888046265e-02
-1.188863590359687805e-01
8.842186629772186279e-02
1.191295534372329712e-01
-3.192421048879623413e-02
-2.289374917745590210e-02
-1.547775417566299438e-01
1.678475737571716309e-01
6.621760129928588867e-02
-5.520779266953468323e-02
1.666464060544967651e-01
2.187020145356655121e-03
-2.329219877719879150e-01
-2.809447646141052246e-01
-4.366613924503326416e-02
-3.853881359100341797e-02
-8.577471226453781128e-02
-1.129563376307487488e-01
-2.357505261898040771e-01
5.510848388075828552e-02
3.463806957006454468e-02
2.468116208910942078e-02
4.287943989038467407e-02
-7.614449411630630493e-02
-5.509128049015998840e-02
1.113835070282220840e-02
-2.446902543306350708e-02
1.773746758699417114e-01
-3.363576717674732208e-03
-6.165591627359390259e-02
-1.919903457164764404e-01
-4.252533018589019775e-01
1.254675388336181641e-01
-1.775827109813690186e-01
-9.851617366075515747e-02
-2.439633905887603760e-01
-1.971165984869003296e-01
-9.646383672952651978e-02
3.572614118456840515e-02
-9.687928110361099243e-02
-5.530862603336572647e-03
5.478857085108757019e-02
-5.606096237897872925e-02
-7.805115729570388794e-02
-8.544048666954040527e-02
2.156509290216490626e-04
-3.150703385472297668e-02
-1.526169925928115845e-01
7.886810600757598877e-02
-1.288517415523529053e-01
3.343390300869941711e-02
7.182209193706512451e-02
-8.361152373254299164e-03
8.889985084533691406e-02
1.461414247751235962e-01
1.680750213563442230e-02
-8.464927971363067627e-02
4.559186846017837524e-02
1.869917288422584534e-02
1.129450090229511261e-02
-1.850011497735977173e-01
-2.656091703101992607e-03
1.992980577051639557e-02
-3.785914927721023560e-02
1.832803594879806042e-03
-8.590065687894821167e-02
1.613830775022506714e-01
1.319539919495582581e-02
-3.058537608012557030e-03
5.212666839361190796e-02
-7.048229128122329712e-02
7.942247390747070312e-02
5.715749226510524750e-03
5.610830709338188171e-02
-7.109859585762023926e-02
-2.392912982031702995e-03
-8.192270062863826752e-03
1.069037839770317078e-01
1.562308669090270996e-01
4.721032455563545227e-02
7.273510843515396118e-02
1.284103542566299438e-01
1.724683642387390137e-01
7.249174267053604126e-02
3.443177789449691772e-02
2.406983524560928345e-01
1.734404414892196655e-01
-6.385635584592819214e-03
7.587179541587829590e-03
-5.277857184410095215e-02
-1.462759524583816528e-01
-1.231980919837951660e-01
9.639658778905868530e-02
-6.256911158561706543e-02
-8.137934654951095581e-02
-4.223416373133659363e-02
-1.189479529857635498e-01
8.714142441749572754e-02
5.349785089492797852e-02
-9.296007454395294189e-02
-6.638389080762863159e-02
-1.149982511997222900e-01
3.485638275742530823e-02
-7.955468446016311646e-02
-7.361934334039688110e-02
-6.592305749654769897e-02
2.345026470720767975e-02
1.045646220445632935e-01
3.808063268661499023e-02
-5.496291816234588623e-02
1.481918692588806152e-01
-8.086053282022476196e-02
-4.858374595642089844e-02
-1.124482229351997375e-01
-1.375856995582580566e-01
-6.323540210723876953e-02
-6.270653754472732544e-02
9.979623556137084961e-02
-1.370265148580074310e-02
-1.225928813219070435e-01
4.054124653339385986e-02
-6.922554969787597656e-02
-1.341933608055114746e-01
-1.253581643104553223e-01
-5.619203671813011169e-02
2.193094417452812195e-02
-8.348240517079830170e-03
5.390851944684982300e-02
1.082761138677597046e-01
2.844024263322353363e-02
8.125633746385574341e-02
-9.478936344385147095e-02
1.757140159606933594e-01
2.663473486900329590e-01
2.438187599182128906e-02
-1.087311729788780212e-01
-1.333302557468414307e-01
-1.190588176250457764e-01
-4.635052755475044250e-02
1.137878373265266418e-01
1.091151759028434753e-01
5.619442090392112732e-02
-9.706061333417892456e-02
-1.827583163976669312e-01
1.552330702543258667e-01
2.552867233753204346e-01
1.311905682086944580e-01
1.872577965259552002e-01
-2.556397765874862671e-02
8.298704028129577637e-02
-2.379277907311916351e-02
-1.207773163914680481e-01
1.396570950746536255e-01
4.018106311559677124e-02
-1.003322750329971313e-01
-2.399212718009948730e-01
-2.696195840835571289e-01
-2.478525340557098389e-01
-2.389630973339080811e-01
-1.709761917591094971e-01
-3.424100577831268311e-01
-2.636366784572601318e-01
1.106537804007530212e-01
2.256707847118377686e-02
2.640468440949916840e-02
-6.975775212049484253e-02
-4.545098170638084412e-02
8.135512471199035645e-02
1.577025651931762695e-01
2.337504327297210693e-01
1.439018249511718750e-01
-1.501894891262054443e-01
1.376547943800687790e-02
-1.918624900281429291e-02
-7.009994238615036011e-02
-4.558880627155303955e-02
4.051980748772621155e-02
-1.742070615291595459e-01
-2.265891432762145996e-01
-1.149863451719284058e-01
1.225797608494758606e-01
5.699954926967620850e-02
9.267472662031650543e-03
-8.794103562831878662e-02
7.191230356693267822e-02
2.933805249631404877e-02
4.230643063783645630e-02
-1.336723864078521729e-01
7.344128191471099854e-02
-1.231768056750297546e-01
-3.024744093418121338e-01
-1.059278100728988647e-01
-7.586169987916946411e-02
-3.411778509616851807e-01
-1.102423891425132751e-01
-9.715908765792846680e-02
6.700803339481353760e-02
-2.716044783592224121e-01
-3.646873235702514648e-01
1.693408004939556122e-02
5.820582062005996704e-02
5.545550212264060974e-02
-2.642821669578552246e-01
3.389729559421539307e-01
1.331382989883422852e-01
1.393141895532608032e-01
7.197735458612442017e-02
2.595688104629516602e-01
2.843373715877532959e-01
1.753993928432464600e-01
-3.443663939833641052e-02
-8.695622533559799194e-02
1.241166219115257263e-01
6.488627940416336060e-02
1.830152235925197601e-02
-6.977062206715345383e-03
-1.044744476675987244e-01
9.364740550518035889e-02
1.875013560056686401e-01
1.679948866367340088e-01
1.234897002577781677e-01
4.432303458452224731e-02
7.068341970443725586e-02
1.272411346435546875e-01
2.512304671108722687e-02
3.793612588196992874e-03
-3.894396126270294189e-02
-8.240893483161926270e-02
2.888984791934490204e-02
-1.214513462036848068e-02
-7.820031605660915375e-03
4.271469265222549438e-02
-3.395712748169898987e-02
1.444202661514282227e-02
-3.160444274544715881e-02
-3.467869386076927185e-02
6.258577853441238403e-02
-2.678560614585876465e-01
1.668015420436859131e-01
1.016152724623680115e-01
-4.930998384952545166e-02
-8.559827506542205811e-02
-2.299453616142272949e-01
1.423772126436233521e-01
1.388065665960311890e-01
3.180054947733879089e-02
-3.154402598738670349e-02
-4.639970138669013977e-02
1.426730072125792503e-03
5.604803189635276794e-02
1.186282634735107422e-01
7.461744546890258789e-02
-7.117253541946411133e-02
-1.830706894397735596e-01
-5.406283214688301086e-02
2.684335783123970032e-02
1.197335422039031982e-01
-1.061725392937660217e-01
8.966509252786636353e-02
-1.389782875776290894e-02
3.909859433770179749e-02
1.432886421680450439e-01
4.896647483110427856e-02
-9.013748168945312500e-02
-5.368469655513763428e-02
-1.486144214868545532e-01
-9.037094563245773315e-02
3.729395568370819092e-02
-3.790923161432147026e-03
-1.745913028717041016e-01
-1.863783746957778931e-01
-3.185819461941719055e-02
7.881471514701843262e-02
-2.692862413823604584e-02
3.604489844292402267e-03
-2.601084709167480469e-01
-1.525183618068695068e-01
2.614728510379791260e-01
2.162786573171615601e-02
-1.621336340904235840e-01
-4.785507544875144958e-02
-1.246274560689926147e-01
1.219753026962280273e-01
-1.100870147347450256e-01
-1.524851620197296143e-01
1.244239881634712219e-01
5.054930690675973892e-03
4.113472625613212585e-02
1.791814416646957397e-01
1.832808554172515869e-01
7.732770591974258423e-02
-5.856278166174888611e-02
-2.199155837297439575e-01
2.683397233486175537e-01
2.273007482290267944e-01
1.049798056483268738e-01
5.868870392441749573e-02
-1.347893178462982178e-01
4.308178648352622986e-02
4.235619679093360901e-02
8.081905543804168701e-02
1.180519117042422295e-03
-1.990856043994426727e-02
-4.343650490045547485e-02
-3.304143846035003662e-01
-1.898302733898162842e-01
-1.735416054725646973e-02
2.444886416196823120e-02
-1.191869676113128662e-01
-1.658489108085632324e-01
-1.435207724571228027e-01
5.803539976477622986e-02
-1.700722277164459229e-01
5.075696390122175217e-03
-7.342477887868881226e-02
-3.189602866768836975e-02
-7.291808724403381348e-02
-7.006417959928512573e-02
-2.971482090651988983e-02
7.949250936508178711e-02
-5.691734142601490021e-03
-1.239973306655883789e-02
-9.841437637805938721e-02
-4.656769707798957825e-02
1.273338496685028076e-01
1.229016184806823730e-01
1.726554590277373791e-03
-1.441596541553735733e-03
-1.511713713407516479e-01
-6.176066771149635315e-02
-7.014837116003036499e-02
-7.166812568902969360e-02
1.387371867895126343e-01
-8.945557475090026855e-02
-2.223473638296127319e-01
-2.062319666147232056e-01
-1.413719356060028076e-01
1.322074085474014282e-01
1.227730438113212585e-01
1.569049358367919922e-01
3.176504001021385193e-02
1.186643075197935104e-02
1.036863178014755249e-01
2.088840752840042114e-01
2.381387352943420410e-01
1.229322403669357300e-01
-8.083167672157287598e-02
5.293261632323265076e-02
-1.268546469509601593e-02
-1.287896931171417236e-01
2.696923166513442993e-02
-8.116406947374343872e-02
-1.778688281774520874e-01
-1.887139528989791870e-01
-7.548684626817703247e-02
4.712130501866340637e-02
1.334646046161651611e-01
-7.695929612964391708e-03
-1.672803461551666260e-01
-5.216261371970176697e-02
7.658465206623077393e-02
9.073720872402191162e-02
1.402896642684936523e-01
3.880698233842849731e-02
3.537716716527938843e-02
-1.382599174976348877e-01
-9.853449463844299316e-02
-2.574013732373714447e-02
1.436603162437677383e-02
5.639591440558433533e-02
-1.575188525021076202e-02
-6.397216767072677612e-02
-3.855492174625396729e-02
-5.635022744536399841e-02
5.112973973155021667e-02
3.659505397081375122e-02
6.304893642663955688e-02
-1.611608862876892090e-01
-1.675361245870590210e-01
5.602326616644859314e-02
8.593070507049560547e-02
-2.884932328015565872e-03
4.782624542713165283e-02
-1.609008461236953735e-01
-1.953526288270950317e-01
-3.334749490022659302e-02
-1.430714279413223267e-01
4.826732352375984192e-02
-1.076850667595863342e-01
-4.926612600684165955e-02
2.380655147135257721e-02
6.782481074333190918e-02
-1.422453522682189941e-01
5.276332609355449677e-03
-7.717069983482360840e-02
1.325633674860000610e-01
-2.162619493901729584e-02
-1.851776689291000366e-01
-1.306053251028060913e-01
-9.760142117738723755e-02
-1.769860461354255676e-02
-3.196844160556793213e-01
1.880675740540027618e-02
-1.002988368272781372e-01
-1.448496151715517044e-02
1.139951217919588089e-02
-4.389588832855224609e-01
1.725270748138427734e-01
8.057811856269836426e-02
6.273734569549560547e-02
4.601953551173210144e-04
-2.124786078929901123e-01
-7.073405385017395020e-02
-1.266778558492660522e-01
3.673590347170829773e-02
1.202674768865108490e-02
5.485562607645988464e-02
2.727231010794639587e-02
-6.505481153726577759e-02
-3.114975392818450928e-01
-6.898335367441177368e-02
-6.094745919108390808e-02
3.568800166249275208e-02
-3.940049558877944946e-02
-1.222818940877914429e-01
-1.729304343461990356e-01
-1.050284728407859802e-01
5.908385664224624634e-02
9.896330535411834717e-02
-1.193653326481580734e-02
-2.945918440818786621e-01
-2.375616580247879028e-01
1.306463330984115601e-01
6.755345966666936874e-03
-2.090497612953186035e-01
-2.922596931457519531e-01
-9.196202456951141357e-02
-3.428378328680992126e-02
3.688965365290641785e-02
2.934950403869152069e-02
6.028572097420692444e-02
-4.024357721209526062e-02
-1.173851191997528076e-01
-1.297628879547119141e-01
7.984530180692672729e-03
-6.032198294997215271e-02
4.447789490222930908e-02
-1.078231707215309143e-01
5.868073925375938416e-02
-4.584428668022155762e-02
-1.018612459301948547e-01
1.128341853618621826e-01
-1.810331493616104126e-01
3.402159363031387329e-02
3.381435573101043701e-02
-1.378314103931188583e-03
-4.347685724496841431e-02
1.534407585859298706e-01
1.202417239546775818e-01
-6.359034031629562378e-02
-1.467195898294448853e-01
-1.789535284042358398e-01
-1.481950934976339340e-02
-4.831744357943534851e-02
1.239681839942932129e-01
1.331534534692764282e-01
7.027122192084789276e-03
-8.913232386112213135e-02
5.405815318226814270e-02
-5.847134068608283997e-02
3.435021042823791504e-01
8.740103803575038910e-03
-4.912517592310905457e-02
-1.083033010363578796e-01
5.918174982070922852e-03
2.407503575086593628e-01
-1.259149461984634399e-01
1.458041649311780930e-02
-1.040496230125427246e-01
3.522641956806182861e-02
3.332857415080070496e-02
-2.200390696525573730e-01
6.004561856389045715e-02
-1.101292073726654053e-01
5.945061147212982178e-02
-1.192553490400314331e-01
-1.471376419067382812e-01
-4.133377224206924438e-02
1.747829280793666840e-02
6.534840445965528488e-03
4.174007847905158997e-02
-1.360367238521575928e-01
-1.549694407731294632e-02
2.420494519174098969e-02
5.301199108362197876e-02
-1.238431409001350403e-01
-1.684917658567428589e-01
2.393393032252788544e-02
3.486293554306030273e-02
-5.242305248975753784e-02
-2.146945744752883911e-01
-2.989394590258598328e-03
-3.137855976819992065e-02
-4.618468508124351501e-02
-2.046421617269515991e-01
-2.385693043470382690e-01
-8.515588939189910889e-02
-1.076890751719474792e-01
-2.646310813724994659e-02
-1.245592087507247925e-01
-8.768596500158309937e-02
9.355839341878890991e-02
-3.197026252746582031e-02
-1.403513252735137939e-01
-2.476166188716888428e-01
-2.296527773141860962e-01
5.778501182794570923e-02
6.734781712293624878e-02
-2.338989265263080597e-02
-8.759772032499313354e-02
-3.941341489553451538e-02
4.307384416460990906e-02
-8.454975672066211700e-03
1.326758563518524170e-01
-5.454239994287490845e-02
1.789337024092674255e-02
8.087963610887527466e-02
-1.059189531952142715e-02
1.275568306446075439e-01
1.351403445005416870e-01
1.260418146848678589e-01
-4.915676638484001160e-02
-1.473063379526138306e-01
7.694324851036071777e-02
-5.591204017400741577e-02
1.513665635138750076e-02
-8.736994862556457520e-02
8.462630212306976318e-02
4.755459725856781006e-02
-8.651857078075408936e-02
1.462789922952651978e-01
1.254346817731857300e-01
9.833250939846038818e-02
-1.883915392681956291e-03
-2.212739735841751099e-01
-2.690569758415222168e-01
-1.030894741415977478e-01
1.022810116410255432e-01
1.611920446157455444e-01
1.195586379617452621e-02
1.107784640043973923e-02
-2.292423881590366364e-02
-2.730220183730125427e-02
1.017687562853097916e-02
-1.765798628330230713e-01
-1.889717131853103638e-01
-8.676023036241531372e-02
1.812625378370285034e-01
-1.749658584594726562e-02
-5.137889832258224487e-02
-7.507322728633880615e-02
1.303122788667678833e-01
2.483839690685272217e-01
1.694565564393997192e-01
-4.255047067999839783e-02
-6.045205518603324890e-02
-1.973262056708335876e-02
-1.156929284334182739e-01
-9.005233645439147949e-02
4.961248114705085754e-02
-1.183926165103912354e-01
-3.495730161666870117e-01
7.152631878852844238e-02
-2.061028592288494110e-02
-1.885278383269906044e-03
3.458116576075553894e-02
-9.034328907728195190e-02
1.509135067462921143e-01
-4.799669477506540716e-05
-7.198958098888397217e-02
1.049883887171745300e-01
-1.839397288858890533e-02
-1.702889353036880493e-01
-2.088226377964019775e-01
-6.956173479557037354e-02
4.339289292693138123e-02
-2.381105534732341766e-02
-6.836026906967163086e-02
-2.489834278821945190e-01
1.236826274544000626e-02
6.534402817487716675e-02
1.259071230888366699e-01
-2.840746939182281494e-01
-2.972142398357391357e-01
-2.626266144216060638e-02
-1.680176501395180821e-04
-5.706980451941490173e-02
-1.675574928522109985e-01
-3.989319503307342529e-01
-5.685970187187194824e-02
-1.165701374411582947e-01
-1.781773008406162262e-02
-1.562280207872390747e-01
-5.389754194766283035e-03
1.970758438110351562e-01
-1.480761636048555374e-02
1.294419467449188232e-01
-2.309869788587093353e-02
1.415231078863143921e-01
2.760976552963256836e-01
-1.142283156514167786e-01
-9.651945531368255615e-02
1.749142557382583618e-01
6.050645932555198669e-02
-3.306137770414352417e-02
-3.298974037170410156e-02
-4.085596278309822083e-02
-3.737695142626762390e-02
1.508027222007513046e-02
-3.523007733747363091e-03
4.229814931750297546e-02
2.816483844071626663e-03
-1.700833998620510101e-02
-7.017118483781814575e-02
-1.327617466449737549e-02
9.038247168064117432e-02
-1.069665700197219849e-01
-3.370957681909203529e-03
-1.241087839007377625e-01
-5.912455730140209198e-03
-1.549150887876749039e-02
-1.464940905570983887e-01
1.469762623310089111e-02
-1.909322738647460938e-01
-6.821080297231674194e-02
1.143743321299552917e-01
-3.123425878584384918e-02
-8.075349032878875732e-02
-1.347128301858901978e-01
9.520974755287170410e-02
1.125369779765605927e-02
-7.869363576173782349e-02
1.495670154690742493e-02
-8.693563193082809448e-02
9.127704799175262451e-02
8.943742513656616211e-02
9.023427218198776245e-02
8.629579842090606689e-02
-1.193319931626319885e-01
1.413293331861495972e-01
1.466251015663146973e-01
1.553436368703842163e-01
-7.488016784191131592e-02
-1.616872400045394897e-01
1.831412166357040405e-01
8.239849656820297241e-02
1.461643725633621216e-01
-1.570761501789093018e-01
-1.931037604808807373e-01
7.939139753580093384e-02
-5.842417851090431213e-02
4.460260644555091858e-02
-4.853545129299163818e-02
3.630523011088371277e-02
1.323644965887069702e-01
1.693109571933746338e-01
-6.964451074600219727e-02
6.178235262632369995e-02
8.711820468306541443e-03
2.247678674757480621e-02
1.953804194927215576e-01
-1.490022689104080200e-01
5.667721107602119446e-02
-1.544269770383834839e-01
4.660057649016380310e-02
-1.169833242893218994e-01
-1.148260533809661865e-01
7.794836908578872681e-02
-4.947534576058387756e-02
-5.762370303273200989e-03
-2.040889859199523926e-01
-6.196747347712516785e-02
1.237930953502655029e-01
-1.033284738659858704e-01
-1.544245779514312744e-01
-9.692366421222686768e-02
-2.930705063045024872e-02
-2.813638560473918915e-02
-1.086354851722717285e-01
2.440531551837921143e-02
3.160513564944267273e-02
-8.596779406070709229e-02
1.034103184938430786e-01
4.049110412597656250e-02
1.668244972825050354e-02
3.893297910690307617e-02
3.605694277212023735e-03
7.869470864534378052e-02
-8.170507103204727173e-02
-1.198110803961753845e-01
6.366091966629028320e-02
3.190940245985984802e-02
9.972143918275833130e-02
1.145463958382606506e-01
5.714366957545280457e-02
-1.297886520624160767e-01
6.817632913589477539e-02
4.938189312815666199e-02
-1.500340253114700317e-01
-2.010127529501914978e-02
-1.712468713521957397e-01
1.748552918434143066e-01
-2.186030149459838867e-01
-1.650127768516540527e-01
-1.002660244703292847e-01
-1.623662710189819336e-01
-1.567542701959609985e-01
7.888151705265045166e-02
4.084787890315055847e-02
-1.271353010088205338e-02
9.335257858037948608e-02
-6.072193756699562073e-02
5.933026783168315887e-03
1.341870799660682678e-02
-4.472525417804718018e-02
-7.029035687446594238e-02
-3.328868001699447632e-02
-1.767962053418159485e-02
-8.873933553695678711e-02
8.146874606609344482e-02
-8.686584234237670898e-02
1.123027689754962921e-02
-2.900645136833190918e-02
-4.333416745066642761e-02
-8.069169521331787109e-02
-1.873546391725540161e-01
-1.345979981124401093e-02
1.440581679344177246e-01
1.225113794207572937e-01
-1.313585340976715088e-01
-1.369122415781021118e-01
-1.352496445178985596e-01
-1.112186983227729797e-01
5.734322592616081238e-02
8.401045203208923340e-02
1.591300778090953827e-02
-3.203842341899871826e-01
9.651713073253631592e-02
-2.716916799545288086e-02
-3.519964590668678284e-02
7.858064025640487671e-02
-4.114287346601486206e-02
1.147955283522605896e-01
-9.920948743820190430e-02
-8.611814677715301514e-02
7.969863712787628174e-02
1.758223050273954868e-03
-1.743615269660949707e-01
-2.188726365566253662e-01
-1.608676612377166748e-01
8.800022304058074951e-02
8.775887638330459595e-02
-6.312233209609985352e-02
5.552175268530845642e-02
-3.392656520009040833e-02
3.129217401146888733e-02
1.117594260722398758e-02
-3.117569983005523682e-01
-3.969524800777435303e-02
-8.098199218511581421e-02
-1.200771257281303406e-01
-2.259212732315063477e-01
-2.847263589501380920e-02
9.140272624790668488e-03
9.846135973930358887e-02
1.480492651462554932e-01
-1.125070452690124512e-01
4.000388085842132568e-02
2.402973826974630356e-03
-6.051388755440711975e-02
-1.434755511581897736e-02
-3.631645441055297852e-02
-7.924335449934005737e-02
-1.015402898192405701e-01
-7.524193078279495239e-02
-6.117401644587516785e-02
-6.574527919292449951e-02
5.077717453241348267e-02
-6.900168210268020630e-02
-1.326654106378555298e-01
9.301236271858215332e-02
5.450015142560005188e-02
5.960899963974952698e-02
-6.472461670637130737e-02
-7.240965217351913452e-02
3.975017368793487549e-02
1.802428811788558960e-02
3.030190616846084595e-02
-7.075293362140655518e-02
-8.543405681848526001e-02
1.263146288692951202e-03
-1.398453712463378906e-01
9.229675680398941040e-02
-9.552378952503204346e-02
-1.228583976626396179e-01
2.588569931685924530e-02
-2.106599807739257812e-01
6.396210193634033203e-02
1.901083439588546753e-01
9.454019367694854736e-02
2.150363922119140625e-01
-2.203203141689300537e-01
-2.200124710798263550e-01
-1.808228790760040283e-01
-2.467048354446887970e-02
-5.912856757640838623e-02
-9.458594024181365967e-02
-1.680220812559127808e-01
-7.485359907150268555e-02
-6.328637897968292236e-02
-2.260945737361907959e-01
-1.861189901828765869e-01
-3.868237882852554321e-02
-6.715342402458190918e-02
-1.314852237701416016e-01
-3.756677359342575073e-02
-4.111162200570106506e-02
1.467090249061584473e-01
-2.116343080997467041e-01
-1.905547678470611572e-01
-2.247740030288696289e-01
-7.733687013387680054e-02
1.027681306004524231e-01
4.675350338220596313e-02
1.118784472346305847e-01
-2.906101942062377930e-01
-1.465180963277816772e-01
5.603782087564468384e-02
3.673961758613586426e-02
-3.780175000429153442e-02
8.112750947475433350e-02
-6.699046120047569275e-03
-6.373525410890579224e-02
9.633810818195343018e-02
6.392668187618255615e-02
8.721975609660148621e-03
5.501569714397192001e-03
1.666218042373657227e-03
1.051528472453355789e-02
-1.629694551229476929e-02
-4.889267683029174805e-02
9.455959498882293701e-02
4.329303279519081116e-02
-6.404381245374679565e-02
-4.713148251175880432e-02
-3.955627232789993286e-02
2.333757840096950531e-02
2.617486566305160522e-02
5.728378891944885254e-02
1.742013841867446899e-01
1.634517312049865723e-01
2.757112868130207062e-02
1.549065113067626953e-01
4.296325892210006714e-02
-4.033704474568367004e-02
5.373690277338027954e-02
-3.349483758211135864e-02
6.723634898662567139e-02
-1.000251471996307373e-01
-1.300933212041854858e-01
4.452056065201759338e-02
-3.997190296649932861e-02
9.757762774825096130e-03
-2.884286083281040192e-02
-6.792365759611129761e-02
2.212051302194595337e-02
-6.393168121576309204e-02
-4.453509300947189331e-02
-6.353854387998580933e-02
5.695699900388717651e-02
2.630141079425811768e-01
-1.051094979047775269e-01
5.658512562513351440e-02
9.250760078430175781e-02
1.181586384773254395e-01
2.508424520492553711e-01
1.109549310058355331e-02
-3.351992368698120117e-02
-1.056014522910118103e-01
-4.895102977752685547e-02
-7.889750599861145020e-02
-2.687309980392456055e-01
7.340199779719114304e-03
-1.474750228226184845e-02
2.859850972890853882e-02
-7.562908343970775604e-03
-6.514578312635421753e-02
-8.266551792621612549e-02
-1.322417110204696655e-01
-6.852561235427856445e-02
-4.673589020967483521e-02
1.548601388931274414e-01
-1.027572974562644958e-01
2.222005836665630341e-02
-3.254079073667526245e-02
-4.521001502871513367e-02
3.945555165410041809e-02
2.729509025812149048e-02
1.371051073074340820e-01
-3.901243209838867188e-02
-2.411413341760635376e-01
-2.753162682056427002e-01
-6.779593229293823242e-02
7.334914803504943848e-02
5.673155561089515686e-02
-1.672069355845451355e-02
9.872537851333618164e-02
1.467137932777404785e-01
-5.276845768094062805e-02
-5.043214559555053711e-02
9.944481775164604187e-03
-1.307114493101835251e-02
9.491815418004989624e-02
1.699638515710830688e-01
9.338114410638809204e-03
-7.173046469688415527e-02
-8.695787191390991211e-02
1.840640604496002197e-01
6.354878097772598267e-02
-5.074172466993331909e-02
-7.143484055995941162e-02
4.626228287816047668e-02
-3.684552386403083801e-02
-4.048720598220825195e-01
-3.663251996040344238e-01
-7.789698243141174316e-02
-5.353465676307678223e-02
-1.618924438953399658e-01
-6.760534644126892090e-02
8.238115347921848297e-03
8.064041845500469208e-03
1.477277744561433792e-02
-3.058712780475616455e-01
-2.408965677022933960e-01
4.733153432607650757e-02
8.429719507694244385e-02
-1.670902408659458160e-02
-1.783595047891139984e-02
1.265604496002197266e-01
-7.633341848850250244e-02
9.725840389728546143e-02
2.616583704948425293e-01
-9.602186828851699829e-02
-2.242922633886337280e-01
-1.292282640933990479e-01
-6.839305907487869263e-02
-4.479593411087989807e-02
2.002805769443511963e-01
2.838369458913803101e-02
-5.141697451472282410e-02
-2.772466242313385010e-01
-1.544637382030487061e-01
-9.910385310649871826e-02
-1.466008424758911133e-01
-5.034311115741729736e-02
3.341296315193176270e-02
-5.148198828101158142e-02
2.506272308528423309e-02
-8.512154221534729004e-02
-1.942341029644012451e-01
-7.461010664701461792e-02
-8.855800330638885498e-02
-5.159186944365501404e-02
1.478590518236160278e-01
9.512361139059066772e-02
8.310067653656005859e-02
-6.796353310346603394e-02
4.566247761249542236e-02
1.110131144523620605e-01
1.214793398976325989e-01
1.353073567152023315e-01
2.024186216294765472e-02
1.432434171438217163e-01
-4.139445722103118896e-03
-1.460989564657211304e-01
-1.525662094354629517e-01
-5.177626386284828186e-02
-2.468147873878479004e-01
1.880466938018798828e-01
3.890853747725486755e-02
1.038457006216049194e-01
1.260361373424530029e-01
6.581591814756393433e-02
-1.407902836799621582e-01
3.527897968888282776e-02
3.739717602729797363e-02
-1.468904083594679832e-03
9.200235456228256226e-02
5.339695140719413757e-03
-6.647796928882598877e-02
7.760261185467243195e-03
-7.684274762868881226e-02
1.194811388850212097e-01
1.514596194028854370e-01
-8.472891896963119507e-02
-9.832511842250823975e-02
2.118171453475952148e-01
1.387582272291183472e-01
-1.167670264840126038e-01
-7.138763368129730225e-02
3.239986300468444824e-01
8.178311586380004883e-02
-1.056209579110145569e-02
-9.919790923595428467e-02
-2.375143319368362427e-01
-9.943091869354248047e-02
-8.493478409945964813e-03
1.204610802233219147e-02
-1.026275008916854858e-01
-9.062650799751281738e-02
-7.023966312408447266e-02
-1.107803434133529663e-01
1.378610581159591675e-01
6.109580770134925842e-02
4.596420377492904663e-02
7.879389077425003052e-02
-1.292979419231414795e-01
7.752726972103118896e-02
-4.838405176997184753e-02
1.457671634852886200e-02
1.130205839872360229e-01
1.313621848821640015e-01
-4.890990257263183594e-02
-1.068456992506980896e-01
-5.646739900112152100e-02
1.153909042477607727e-01
8.664844930171966553e-02
-2.771849632263183594e-01
-5.253440141677856445e-02
-1.025510653853416443e-01
-3.042806684970855713e-02
3.694974631071090698e-02
-9.852059185504913330e-02
7.858324050903320312e-02
-4.395929351449012756e-02
-2.390041574835777283e-02
6.597856432199478149e-02
-6.055521592497825623e-02
1.462589763104915619e-02
5.242995917797088623e-02
1.358833312988281250e-01
2.065110951662063599e-01
-1.098399013280868530e-01
-3.477452993392944336e-01
-2.453560829162597656e-01
2.721468508243560791e-01
3.241143524646759033e-01
-1.633802801370620728e-01
-1.289796680212020874e-01
-1.839844286441802979e-01
1.677583903074264526e-01
2.384879887104034424e-01
-1.266418304294347763e-02
-3.701891377568244934e-02
6.577321141958236694e-02
8.602349460124969482e-02
-2.371159791946411133e-01
-1.496792435646057129e-01
1.435174513608217239e-02
-1.312448978424072266e-01
-6.222610920667648315e-02
-1.057151928544044495e-01
-3.071377985179424286e-02
-1.506917327642440796e-01
2.574991248548030853e-02
-1.474731862545013428e-01
2.940027043223381042e-02
7.910647243261337280e-02
-8.626923710107803345e-02
4.531804472208023071e-02
-5.903593823313713074e-02
-8.773739635944366455e-02
1.872844249010086060e-02
1.027794852852821350e-01
1.433036327362060547e-01
-3.525654077529907227e-01
-4.139778316020965576e-01
-1.876503378152847290e-01
-1.278541833162307739e-01
-2.181864827871322632e-01
-3.418660536408424377e-02
9.753491729497909546e-02
4.002999514341354370e-02
1.780866384506225586e-01
5.930734425783157349e-02
-9.460709244012832642e-02
-5.532292649149894714e-02
6.416384130716323853e-02
1.078697144985198975e-01
9.249524027109146118e-02
2.611620128154754639e-01
1.689312458038330078e-01
-2.075522094964981079e-01
-3.321253359317779541e-01
3.567308932542800903e-02
5.346740782260894775e-02
7.374413311481475830e-02
-6.734004616737365723e-02
-5.115057528018951416e-02
-1.023695990443229675e-01
6.336738914251327515e-02
3.595713153481483459e-02
-7.110880315303802490e-02
-1.405442412942647934e-02
-7.187538594007492065e-02
-2.680198475718498230e-02
-7.587193697690963745e-02
-3.246922045946121216e-02
1.196155548095703125e-01
3.295351192355155945e-02
-8.575450628995895386e-02
-2.567130699753761292e-02
-6.534400582313537598e-02
1.054499745368957520e-01
9.902648627758026123e-02
9.890821576118469238e-02
-6.845359504222869873e-02
-2.793059684336185455e-02
-7.659360766410827637e-02
8.983774483203887939e-02
9.690463542938232422e-02
1.326225548982620239e-01
-2.654128670692443848e-01
-2.028059363365173340e-01
-1.532620340585708618e-01
-1.417075190693140030e-02
1.151158958673477173e-01
-2.008966207504272461e-01
-2.660354971885681152e-01
-1.921631991863250732e-01
-1.622396111488342285e-01
-1.502511352300643921e-01
1.394807547330856323e-01
3.920483216643333435e-02
-1.502997577190399170e-01
-8.256796002388000488e-02
-1.005221307277679443e-01
-1.608224958181381226e-01
9.925489872694015503e-02
1.047560647130012512e-01
2.079490274190902710e-01
-7.203167676925659180e-02
-3.470169752836227417e-02
4.708469659090042114e-02
1.232202872633934021e-01
1.224690973758697510e-01
-3.838276956230401993e-03
-4.991181194782257080e-03
-1.935784369707107544e-01
-2.327206730842590332e-01
-1.591999828815460205e-01
-5.457526072859764099e-02
1.292537450790405273e-01
4.750341176986694336e-02
-2.961305668577551842e-03
5.369098857045173645e-02
-4.076724126935005188e-02
-1.306196581572294235e-02
6.394311040639877319e-02
-4.461706802248954773e-02
-5.045005679130554199e-02
-5.900407955050468445e-02
4.026978835463523865e-02
7.600143551826477051e-02
1.211316287517547607e-01
4.407356679439544678e-02
-7.339242100715637207e-02
-1.060065533965826035e-02
4.894922673702239990e-02
1.368612647056579590e-01
1.392655223608016968e-01
-8.348935842514038086e-02
-7.761475443840026855e-02
-5.301056429743766785e-03
4.046478867530822754e-02
-1.673493161797523499e-02
1.270722784101963043e-02
-1.608948111534118652e-01
1.946075074374675751e-02
-7.670600712299346924e-02
-1.522914767265319824e-01
-3.524373471736907959e-01
-1.269660983234643936e-02
-5.083112418651580811e-02
-4.254774749279022217e-02
-1.963538527488708496e-01
-2.605284154415130615e-01
-8.116336539387702942e-03
-1.165707185864448547e-01
-5.587092787027359009e-02
-2.211608290672302246e-01
-5.822930857539176941e-02
-1.235001534223556519e-02
-1.588317006826400757e-02
-6.384718418121337891e-02
-1.116460561752319336e-01
-1.000188589096069336e-01
3.579097986221313477e-02
8.729141950607299805e-02
-3.338821977376937866e-02
-3.502603247761726379e-02
3.669702634215354919e-02
-1.891471073031425476e-02
-6.249548494815826416e-02
-7.518965750932693481e-02
-7.528772950172424316e-02
-1.356687545776367188e-01
-1.477267779409885406e-02
1.010761037468910217e-01
-2.806732803583145142e-02
2.190561033785343170e-02
-7.042451947927474976e-02
8.284839242696762085e-02
3.589386492967605591e-02
1.871200650930404663e-02
8.982459455728530884e-02
6.452400982379913330e-02
-3.777318634092807770e-03
7.846238464117050171e-02
1.113979965448379517e-01
6.481991708278656006e-02
-4.094315320253372192e-02
2.115581557154655457e-02
-1.636107265949249268e-02
-6.024827063083648682e-02
7.143227010965347290e-02
1.237224042415618896e-01
-1.222658455371856689e-01
-4.213786683976650238e-03
-6.953135877847671509e-02
-3.042212338186800480e-04
-1.154085993766784668e-01
-1.071086525917053223e-01
-4.616221878677606583e-03
-2.431922359392046928e-03
-3.458250686526298523e-02
2.077922411262989044e-02
-1.304398477077484131e-01
-1.351806074380874634e-01
-4.733055084943771362e-02
-9.356869757175445557e-02
-1.219365075230598450e-01
5.290398374199867249e-02
4.671701788902282715e-02
5.112589895725250244e-02
8.878584206104278564e-02
4.203340038657188416e-02
1.104765683412551880e-01
-3.412966430187225342e-02
1.873186975717544556e-02
-7.129009347409009933e-03
1.101694926619529724e-01
7.479286938905715942e-02
7.268156111240386963e-02
2.133530564606189728e-02
-8.945845812559127808e-02
-2.017012387514114380e-01
5.063228309154510498e-02
-5.199208855628967285e-02
-1.081948280334472656e-01
-2.179601788520812988e-01
-9.796974062919616699e-02
-8.698753267526626587e-02
-1.146522611379623413e-01
-2.015015631914138794e-01
-2.705469131469726562e-01
-1.046189367771148682e-01
-8.261862397193908691e-02
-1.339287310838699341e-01
-9.103971719741821289e-02
-1.331916451454162598e-01
-1.516107469797134399e-01
-7.567007839679718018e-02
-1.203224137425422668e-01
-2.490690648555755615e-01
1.141166128218173981e-02
-7.060504704713821411e-02
1.125518977642059326e-01
3.259234130382537842e-02
7.201208919286727905e-02
-1.585437729954719543e-02
2.923097461462020874e-02
9.530635178089141846e-02
1.405192073434591293e-02
-1.786452159285545349e-02
-1.101926341652870178e-02
-3.016197355464100838e-03
4.756193235516548157e-02
-5.866010487079620361e-02
-8.805143088102340698e-02
-3.268301859498023987e-02
1.315560424700379372e-03
-3.372636437416076660e-02
-8.710569888353347778e-02
-1.454147696495056152e-01
-1.070508584380149841e-01
-7.656329125165939331e-02
-1.108874753117561340e-01
-8.879491686820983887e-02
-1.517670750617980957e-01
-1.590168327093124390e-01
-1.745766252279281616e-01
7.880312204360961914e-02
2.836220338940620422e-02
4.570487141609191895e-02
3.830256685614585876e-02
-7.028915453702211380e-03
1.007934845983982086e-02
-1.911061070859432220e-02
-3.271344304084777832e-02
5.740734562277793884e-02
-1.010539103299379349e-02
1.005901694297790527e-01
8.916708081960678101e-02
4.432879853993654251e-03
-4.183806851506233215e-02
-4.091022163629531860e-02
-1.548792608082294464e-02
4.834585264325141907e-02
1.039686053991317749e-01
2.145568281412124634e-02
6.365012377500534058e-02
6.488129962235689163e-03
1.382814198732376099e-01
1.464402228593826294e-01
7.421354949474334717e-02
9.915184974670410156e-02
-1.028584241867065430e-01
7.355476915836334229e-02
-1.220551691949367523e-02
-3.406437858939170837e-02
1.939440518617630005e-02
5.578821152448654175e-02
-2.144777774810791016e-02
1.704910248517990112e-01
1.182923614978790283e-01
1.776309311389923096e-01
1.438303738832473755e-01
1.723773926496505737e-01
1.560069322586059570e-01
9.700016677379608154e-02
5.022044852375984192e-02
-5.623951181769371033e-02
7.371393963694572449e-03
9.897061437368392944e-02
2.254241108894348145e-01
1.817536652088165283e-01
1.360222995281219482e-01
7.745827734470367432e-02
2.307687550783157349e-01
1.441261768341064453e-01
9.093182533979415894e-02
-6.921492516994476318e-02
-1.640357375144958496e-01
-3.724394738674163818e-02
5.603402853012084961e-02
5.517003685235977173e-02
4.143807105720043182e-03
7.683103531599044800e-02
-2.156401611864566803e-02
6.712817400693893433e-02
-4.385317862033843994e-02
-6.395369023084640503e-02
1.248925626277923584e-01
3.608535975217819214e-02
1.734165288507938385e-02
2.152047306299209595e-02
-1.375871300697326660e-01
-1.121994256973266602e-01
8.268363773822784424e-02
1.497405320405960083e-01
6.503394246101379395e-02
-8.362947404384613037e-02
4.999567568302154541e-02
3.601913526654243469e-02
8.515075594186782837e-02
1.422412544488906860e-01
-8.566794544458389282e-02
-1.002520546317100525e-01
-9.204582870006561279e-02
-1.123778000473976135e-01
5.846276879310607910e-02
-2.836345508694648743e-02
-1.992096379399299622e-02
-1.538292020559310913e-01
-1.896054297685623169e-01
-2.238994687795639038e-01
-2.565719559788703918e-02
-2.353760749101638794e-01
-1.710638701915740967e-01
-1.432639509439468384e-01
-2.860021218657493591e-02
3.374285250902175903e-02
-1.894341260194778442e-01
-1.094840914011001587e-01
-1.868871748447418213e-01
-7.507555186748504639e-02
1.078345775604248047e-01
2.590872161090373993e-02
1.040500774979591370e-01
7.065179944038391113e-02
1.471418142318725586e-01
6.582582835108041763e-03
1.254282444715499878e-01
7.283231616020202637e-02
1.614417284727096558e-01
-4.896318912506103516e-02
4.043014254420995712e-03
4.860017448663711548e-02
9.879514575004577637e-02
7.315962016582489014e-02
-4.173690453171730042e-02
-1.874902099370956421e-01
2.173442207276821136e-02
-8.188457787036895752e-02
-7.885282486677169800e-02
-7.243765890598297119e-02
-1.374734491109848022e-01
-1.032638624310493469e-01
-1.279250532388687134e-01
-8.576066046953201294e-02
-1.177697107195854187e-01
-2.860692143440246582e-02
-8.997079730033874512e-02
-1.525789350271224976e-01
-3.405095264315605164e-02
-3.144505992531776428e-02
5.195284634828567505e-02
9.632704406976699829e-02
4.932222515344619751e-02
1.860800571739673615e-02
-8.288502693176269531e-02
-1.348883956670761108e-01
5.077624320983886719e-02
8.069152384996414185e-02
7.942154258489608765e-02
2.866308949887752533e-02
-2.693316042423248291e-01
-1.635355055332183838e-01
2.042411640286445618e-02
5.107442289590835571e-02
-6.675183773040771484e-02
-9.505295753479003906e-02
1.155947335064411163e-02
-5.876934155821800232e-02
-5.443255975842475891e-02
-2.550532296299934387e-02
-8.439978957176208496e-02
-2.717099189758300781e-01
-1.443780511617660522e-01
-1.213659197092056274e-01
-1.098096370697021484e-02
2.304472178220748901e-01
7.783310860395431519e-02
3.875663504004478455e-02
-1.157266553491353989e-02
4.519325494766235352e-02
5.156195908784866333e-02
1.149125322699546814e-01
-6.547997146844863892e-02
-2.634653076529502869e-02
-5.066256504505872726e-03
-1.532059907913208008e-02
-5.491350591182708740e-02
-2.258673012256622314e-01
-3.680980205535888672e-02
-5.446947365999221802e-02
-4.154033586382865906e-02
-2.154537849128246307e-02
-1.241401284933090210e-01
-1.782998740673065186e-01
-9.980434924364089966e-02
1.292663626372814178e-02
-5.861290264874696732e-03
-1.853261739015579224e-01
-1.174847781658172607e-01
-2.916555702686309814e-01
-4.052312299609184265e-02
4.117086902260780334e-02
2.969602122902870178e-02
4.850706830620765686e-02
-1.652529276907444000e-02
9.147853404283523560e-02
1.770226806402206421e-01
1.147843524813652039e-01
3.150695189833641052e-02
1.627794355154037476e-01
-5.669016391038894653e-03
-5.438822135329246521e-02
-7.647342234849929810e-02
1.175999343395233154e-01
3.193468600511550903e-02
1.317633967846632004e-02
4.160499945282936096e-02
1.506731659173965454e-01
1.200015377253293991e-02
5.250543728470802307e-02
-1.671663820743560791e-01
-2.141400426626205444e-02
-1.878490857779979706e-02
7.451206445693969727e-02
1.959825307130813599e-01
3.006205521523952484e-02
2.665766142308712006e-02
-1.920942403376102448e-02
-1.592652685940265656e-02
-1.302624642848968506e-01
-1.140882074832916260e-02
-2.634553983807563782e-02
3.116681985557079315e-02
3.814553841948509216e-02
6.078238599002361298e-03
-7.870846986770629883e-02
-7.031925022602081299e-02
-8.198265917599201202e-03
5.892512947320938110e-02
-2.615442685782909393e-02
-2.973090484738349915e-02
-1.670733466744422913e-02
-2.336830645799636841e-02
2.238203585147857666e-02
6.095060147345066071e-03
-2.973488159477710724e-02
-5.550846830010414124e-02
-2.597083523869514465e-02
8.280653506517410278e-02
2.692875079810619354e-02
1.336426008492708206e-02
-3.377698361873626709e-02
9.310555644333362579e-03
1.101918295025825500e-01
1.170183345675468445e-01
-4.257920384407043457e-02
6.151108071208000183e-02
9.815771877765655518e-02
1.326665580272674561e-01
7.956787198781967163e-02
-2.226876169443130493e-01
2.000498585402965546e-03
-2.460206160321831703e-03
3.215658664703369141e-02
-2.253912016749382019e-02
-1.174541413784027100e-01
-1.372370719909667969e-01
-6.805349141359329224e-02
6.212909147143363953e-02
-7.313928008079528809e-02
-1.526695340871810913e-01
-6.258213520050048828e-02
-2.162640355527400970e-02
1.046072542667388916e-01
9.385541081428527832e-02
-9.784970432519912720e-02
-1.439400762319564819e-01
1.997564174234867096e-02
-1.731105730868875980e-03
9.891296178102493286e-02
1.525370683521032333e-02
-8.747716993093490601e-02
5.002005398273468018e-02
-3.968246653676033020e-02
-4.210381954908370972e-02
-4.668029025197029114e-02
-6.477290764451026917e-03
7.825881242752075195e-03
5.733781028538942337e-03
6.185625214129686356e-03
-9.317933022975921631e-02
-6.367050111293792725e-02
-5.992973223328590393e-02
1.044577062129974365e-01
6.222728407010436058e-04
1.172886975109577179e-02
-4.675412550568580627e-02
-5.164174363017082214e-02
-9.753456339240074158e-03
5.916282534599304199e-02
-1.337750535458326340e-02
1.017327234148979187e-01
-2.961213886737823486e-01
-3.976019844412803650e-02
1.191283315420150757e-01
-2.091540992259979248e-01
-7.169869542121887207e-02
-7.302902638912200928e-02
1.153683569282293320e-02
-1.314429100602865219e-03
3.255965933203697205e-02
1.094558858312666416e-03
7.204551249742507935e-02
1.615777611732482910e-01
1.200630292296409607e-01
-8.898238837718963623e-02
1.526890415698289871e-02
-4.750808328390121460e-02
1.478192806243896484e-01
2.424895577132701874e-02
-9.100943803787231445e-02
-6.601747125387191772e-02
4.726438969373703003e-02
1.209384389221668243e-02
-1.880443468689918518e-02
-5.106765776872634888e-02
-2.306980788707733154e-01
-6.556767225265502930e-02
-2.245473116636276245e-02
-1.400321535766124725e-02
-1.787676364183425903e-01
-3.410426080226898193e-01
-4.565400630235671997e-02
-4.746526479721069336e-03
7.149342447519302368e-02
-2.478727884590625763e-02
-2.872364595532417297e-02
5.215434730052947998e-02
3.839556872844696045e-02
1.491989940404891968e-01
-7.241614162921905518e-02
-7.396104931831359863e-02
-1.069157496094703674e-01
-3.477994725108146667e-02
4.616685956716537476e-02
-6.777824368327856064e-03
-1.950563117861747742e-02
-3.826108574867248535e-02
3.167271241545677185e-02
-6.205957382917404175e-02
1.335500478744506836e-01
8.308051526546478271e-02
-8.390665054321289062e-02
-2.880966961383819580e-01
-1.884537190198898315e-01
-9.667477756738662720e-02
4.905871674418449402e-02
-6.920600682497024536e-02
1.171929202973842621e-02
-6.012589484453201294e-02
-6.687654554843902588e-02
-3.294524177908897400e-02
-1.490001231431961060e-01
8.179299533367156982e-03
4.287476465106010437e-02
4.457496572285890579e-03
-1.972468644380569458e-01
-3.841257095336914062e-02
-3.098548389971256256e-02
8.009025454521179199e-02
-1.646825522184371948e-01
-1.640652120113372803e-01
-3.731111809611320496e-02
2.188273519277572632e-01
5.687683448195457458e-02
-3.076892904937267303e-02
4.030906409025192261e-02
-3.913137689232826233e-02
4.677040874958038330e-02
1.128673106431961060e-01
-1.618726179003715515e-02
-6.057411059737205505e-02
8.949763327836990356e-02
7.013810425996780396e-02
-1.019382923841476440e-01
1.054141744971275330e-01
-2.446751482784748077e-02
1.714316457509994507e-01
8.782177418470382690e-02
6.039399653673171997e-02
9.937112778425216675e-02
4.902428016066551208e-02
2.582308053970336914e-01
1.267609149217605591e-01
1.160138994455337524e-01
9.715796448290348053e-03
-7.270482182502746582e-02
1.136296093463897705e-01
7.821188867092132568e-02
-7.311677187681198120e-02
1.350549980998039246e-02
-4.986199736595153809e-02
-1.420084759593009949e-02
-5.465830489993095398e-02
4.793649911880493164e-02
-8.512832224369049072e-02
2.832846343517303467e-02
-3.221901506185531616e-02
-1.006386205554008484e-01
-4.091393575072288513e-02
-4.960918426513671875e-02
1.141967475414276123e-01
-6.726324558258056641e-02
-9.098683949559926987e-04
-6.592795997858047485e-02
1.108584702014923096e-01
1.990567892789840698e-02
-2.219199202954769135e-02
-1.153938174247741699e-01
-8.820524066686630249e-02
-5.566859990358352661e-02
-1.224040687084197998e-01
-1.136634349822998047e-01
-1.727442890405654907e-01
-1.286669522523880005e-01
1.301551312208175659e-01
1.127320993691682816e-02
-9.059187024831771851e-02
-7.898391038179397583e-02
2.876968383789062500e-01
1.555009037256240845e-01
-1.962891221046447754e-02
-2.938795685768127441e-01
-2.295337021350860596e-01
-2.632421255111694336e-01
-2.526307702064514160e-01
-3.008147776126861572e-01
-2.428483068943023682e-01
-2.403582781553268433e-01
-1.498952209949493408e-01
2.128439582884311676e-02
6.317825615406036377e-02
-1.423077192157506943e-02
-6.048545986413955688e-02
1.579724550247192383e-01
1.008213758468627930e-01
2.491423860192298889e-02
-1.279180049896240234e-01
4.889970272779464722e-02
-3.290453180670738220e-02
-7.580927014350891113e-02
-2.553046941757202148e-01
-2.520674169063568115e-01
-1.635843664407730103e-01
-1.474544256925582886e-01
-1.827632188796997070e-01
-1.655416041612625122e-01
-1.053710356354713440e-01
9.962131269276142120e-03
2.661027014255523682e-01
9.561516344547271729e-04
-7.420768588781356812e-02
-1.270096749067306519e-01
-1.534214988350868225e-02
1.519584655761718750e-01
3.470685333013534546e-02
1.987963169813156128e-02
-1.706837564706802368e-01
-8.869850635528564453e-02
-7.821501791477203369e-02
-1.000481173396110535e-01
-3.244730643928050995e-03
1.485823988914489746e-01
-3.897848725318908691e-02
-9.931477718055248260e-03
-1.048610284924507141e-01
-3.781573101878166199e-02
-1.080358251929283142e-01
-4.557808116078376770e-02
7.970535010099411011e-02
7.933559268712997437e-02
-1.422427296638488770e-01
-2.691482007503509521e-01
-2.608193159103393555e-01
4.088503867387771606e-02
1.447168141603469849e-01
-2.260590530931949615e-02
-9.004339575767517090e-02
-9.210632741451263428e-02
-2.520224452018737793e-01
-1.190784387290477753e-02
1.768763177096843719e-02
6.038614735007286072e-02
-2.286301180720329285e-02
1.051957160234451294e-01
1.833451837301254272e-01
1.736305356025695801e-01
5.380109697580337524e-02
-1.501649767160415649e-01
-1.204337403178215027e-01
2.073086351156234741e-01
8.172226697206497192e-02
1.427602320909500122e-01
-3.914176225662231445e-01
-1.583083570003509521e-01
9.580212086439132690e-02
1.426026076078414917e-01
7.071089465171098709e-03
-3.174876868724822998e-01
3.339698305353522301e-03
-8.799388259649276733e-02
4.831174388527870178e-03
-9.539864212274551392e-02
-2.442272379994392395e-02
-1.387815028429031372e-01
-2.690738737583160400e-01
-3.256281092762947083e-02
-1.459200084209442139e-01
-6.229822058230638504e-03
-1.967420801520347595e-02
5.945097282528877258e-02
-2.279591113328933716e-01
-6.302244216203689575e-02
5.478078126907348633e-02
1.104508638381958008e-01
8.317396976053714752e-03
-1.894004642963409424e-01
-2.262042611837387085e-01
-8.397579938173294067e-02
2.201486378908157349e-01
-6.799055635929107666e-02
-1.516252011060714722e-01
-1.666393429040908813e-01
-7.987234741449356079e-03
-2.102071978151798248e-02
-3.539905324578285217e-02
-7.510810345411300659e-02
2.253115549683570862e-02
-1.662943512201309204e-02
-1.276522278785705566e-01
1.670986860990524292e-01
5.899693071842193604e-02
1.253168135881423950e-01
5.135075747966766357e-02
1.229493841528892517e-01
5.655457451939582825e-02
7.686365395784378052e-02
5.565091967582702637e-02
-1.210814435034990311e-02
-3.579159826040267944e-02
-5.159019306302070618e-02
-2.116611041128635406e-02
1.630640178918838501e-01
1.088237762451171875e-01
-2.145705670118331909e-01
4.952782765030860901e-02
2.439127117395401001e-02
5.431998521089553833e-02
-3.061888366937637329e-02
9.601359255611896515e-03
-1.306335031986236572e-01
1.273265779018402100e-01
1.222828309983015060e-02
-4.570325836539268494e-02
6.003971677273511887e-03
2.343206852674484253e-01
1.369870454072952271e-01
5.761115625500679016e-02
7.160037755966186523e-02
-1.969751715660095215e-02
1.842347234487533569e-01
1.475893408060073853e-01
-8.792931213974952698e-03
-3.020192123949527740e-02
-3.749793022871017456e-02
1.201895549893379211e-01
9.523092303425073624e-04
1.499646459706127644e-03
2.316435426473617554e-02
9.765639901161193848e-03
-6.841260194778442383e-02
6.483089923858642578e-02
-9.600876830518245697e-03
-1.203302070498466492e-01
2.833121642470359802e-02
-6.062913313508033752e-02
6.758379936218261719e-02
-3.668606653809547424e-02
-1.791970245540142059e-02
1.914786249399185181e-01
-9.002043306827545166e-02
1.766999997198581696e-02
-1.128466501832008362e-01
-1.052966341376304626e-01
-1.292327493429183960e-01
-1.309521198272705078e-01
-1.406095474958419800e-01
-1.582322716712951660e-01
-4.143878072500228882e-02
-1.925694644451141357e-01
-1.256642788648605347e-01
-2.410358935594558716e-01
-1.993358135223388672e-02
-4.378974065184593201e-02
-2.795725166797637939e-01
-1.628517657518386841e-01
-1.143913939595222473e-01
6.442329287528991699e-02
1.757043898105621338e-01
-2.893711812794208527e-02
-1.278625577688217163e-01
-1.716916332952678204e-03
7.569183409214019775e-02
-3.306103497743606567e-02
5.179948732256889343e-02
3.074802085757255554e-02
-7.292766869068145752e-02
7.509182672947645187e-03
-1.804970018565654755e-02
-2.334046363830566406e-02
2.102031558752059937e-02
7.814348489046096802e-02
5.388244986534118652e-02
-9.891769289970397949e-02
-1.456540375947952271e-01
6.678347289562225342e-02
-8.782158046960830688e-02
1.072295382618904114e-01
-1.661007404327392578e-01
-1.481983661651611328e-01
1.549993306398391724e-01
-4.569671303033828735e-02
7.068628817796707153e-02
-1.207981854677200317e-01
-3.116669319570064545e-02
-1.196890473365783691e-01
3.497713431715965271e-02
1.011424232274293900e-02
-5.341284722089767456e-02
2.159399352967739105e-02
-4.364548251032829285e-02
2.724453620612621307e-02
2.845590468496084213e-03
-2.241769619286060333e-02
1.294372975826263428e-02
4.322199895977973938e-02
1.084813382476568222e-02
-2.942907996475696564e-02
-6.495554000139236450e-02
-8.084516972303390503e-02
-7.521990686655044556e-02
-4.196826368570327759e-02
-1.377773880958557129e-01
-7.852105796337127686e-02
1.862917691469192505e-01
6.457476317882537842e-02
-6.000262871384620667e-02
-2.216898500919342041e-01
-1.698442250490188599e-01
-2.940509095788002014e-02
1.039352118968963623e-01
-2.736831456422805786e-02
-8.189125359058380127e-02
5.893755331635475159e-02
-2.257334440946578979e-02
1.675101369619369507e-01
1.264944672584533691e-01
9.523335844278335571e-02
-5.731708183884620667e-02
1.774073019623756409e-02
2.401743978261947632e-01
1.269740611314773560e-01
1.335632950067520142e-01
-9.605716913938522339e-02
-2.320602387189865112e-01
4.444717243313789368e-02
2.170088887214660645e-01
-2.474725246429443359e-02
-1.650999337434768677e-01
-1.584903299808502197e-01
1.924583613872528076e-01
3.273934498429298401e-02
-5.467885732650756836e-02
-2.197075188159942627e-01
-4.560098424553871155e-02
1.287466138601303101e-01
4.465596005320549011e-02
-6.171588599681854248e-02
-6.687792390584945679e-02
-8.129376173019409180e-02
-5.804432556033134460e-02
6.633115001022815704e-03
-5.207629501819610596e-02
-1.449547614902257919e-02
-1.005555316805839539e-02
2.742348983883857727e-02
-5.454123020172119141e-02
-1.332237105816602707e-02
-8.859027177095413208e-02
2.766032144427299500e-02
1.491436455398797989e-02
-7.180024683475494385e-02
-1.170793995261192322e-01
-8.646343834698200226e-03
4.630915075540542603e-02
6.765168160200119019e-02
-1.232958585023880005e-01
-8.932067453861236572e-02
-1.045361161231994629e-01
1.788413897156715393e-02
-4.530516266822814941e-02
-9.947732090950012207e-02
-1.269372925162315369e-02
-9.111789613962173462e-02
-1.741128861904144287e-01
3.284604847431182861e-02
-1.719415187835693359e-01
-5.000493302941322327e-02
4.610852524638175964e-02
3.512979671359062195e-02
1.574306376278400421e-02
1.254166066646575928e-01
-6.729535013437271118e-02
8.422495424747467041e-02
-2.537221089005470276e-02
9.954544901847839355e-02
1.804903447628021240e-01
2.345708198845386505e-02
2.096600085496902466e-02
1.871049404144287109e-02
5.864509940147399902e-02
1.241633594036102295e-01
-6.459766626358032227e-02
5.056501179933547974e-02
-9.901015460491180420e-02
-7.698575407266616821e-02
-6.536558270454406738e-02
-3.021503239870071411e-02
-5.747211724519729614e-02
-7.975123822689056396e-02
-4.619846865534782410e-02
-9.066322445869445801e-02
-1.891176402568817139e-02
-5.471947789192199707e-02
1.562950313091278076e-01
1.024190559983253479e-01
-1.441525518894195557e-01
-1.280216574668884277e-01
-1.474723219871520996e-01
-5.998551845550537109e-02
-5.870407819747924805e-02
2.264262735843658447e-02
-5.520152673125267029e-02
-8.093548566102981567e-02
-1.121611297130584717e-01
9.177227504551410675e-03
1.201444864273071289e-01
1.251625120639801025e-01
-5.946738272905349731e-02
-1.143060438334941864e-02
-8.493322134017944336e-02
-4.400084912776947021e-02
-6.129944231361150742e-03
-3.259972855448722839e-02
1.586219519376754761e-01
-1.744130551815032959e-01
1.368089169263839722e-01
-8.856056630611419678e-02
1.671423763036727905e-01
-1.131740659475326538e-01
-1.763807050883769989e-02
8.469037711620330811e-03
9.019807726144790649e-02
-7.348479237407445908e-03
-1.414365414530038834e-02
-2.956748381257057190e-02
-1.165053620934486389e-01
6.142425909638404846e-02
7.344458252191543579e-02
2.461786717176437378e-01
3.342462237924337387e-03
1.133321039378643036e-02
-1.360560506582260132e-01
-5.288329720497131348e-02
7.439158111810684204e-02
3.989657014608383179e-02
-5.465522408485412598e-02
1.167303533293306828e-03
2.596806362271308899e-02
-4.045596718788146973e-02
-8.358993381261825562e-02
1.899415627121925354e-02
-2.708634175360202789e-02
-4.395992681384086609e-02
-6.132203713059425354e-02
7.680157199501991272e-03
-1.263482868671417236e-02
4.377700760960578918e-02
-5.443981662392616272e-02
4.177335277199745178e-02
1.332858502864837646e-01
1.206584125757217407e-01
1.034508924931287766e-02
-2.961855195462703705e-02
4.673617333173751831e-02
-8.579368889331817627e-02
9.465846233069896698e-03
2.181260101497173309e-02
1.205662358552217484e-02
9.416891844011843204e-04
-7.582863420248031616e-02
1.190813723951578140e-02
-2.389574609696865082e-02
4.880371969193220139e-03
1.808696798980236053e-02
-7.279757410287857056e-02
-1.065251510590314865e-02
-8.436967432498931885e-02
-4.895646497607231140e-02
6.057024002075195312e-02
-7.117918133735656738e-02
9.991110861301422119e-02
-8.566568791866302490e-02
-4.010411724448204041e-02
-6.606229580938816071e-03
1.202157959342002869e-01
1.536309570074081421e-01
1.041919812560081482e-01
-2.426976338028907776e-02
-9.342110157012939453e-02
6.520438194274902344e-02
8.486624807119369507e-03
1.322509534657001495e-02
6.922386586666107178e-02
1.259238123893737793e-01
9.203801304101943970e-02
8.559744805097579956e-02
-2.535662651062011719e-01
-1.907991468906402588e-01
-1.015123799443244934e-01
1.006332859396934509e-01
2.273184619843959808e-02
-9.339679777622222900e-02
-1.841855794191360474e-01
-1.930432915687561035e-01
6.914308667182922363e-02
-5.827035382390022278e-02
-1.005801558494567871e-01
-8.876791596412658691e-02
8.795344084501266479e-02
2.097702771425247192e-02
1.637705415487289429e-01
5.746033042669296265e-02
-1.795420981943607330e-02
-1.165347918868064880e-01
1.028509959578514099e-01
8.765984326601028442e-03
1.319998800754547119e-01
1.968069970607757568e-01
-1.871645301580429077e-01
-4.397829622030258179e-02
-5.986668169498443604e-02
-3.521353378891944885e-02
-1.881373524665832520e-01
8.512012660503387451e-02
-1.016451194882392883e-01
6.473393179476261139e-03
1.340412646532058716e-01
-2.192459627985954285e-02
3.830995410680770874e-02
1.463557034730911255e-01
-5.744720809161663055e-03
-2.442795932292938232e-01
4.423314332962036133e-02
-2.013288140296936035e-01
-2.676374316215515137e-01
-5.438908934593200684e-02
8.052040636539459229e-02
-4.171572998166084290e-02
-2.243926748633384705e-02
1.933022029697895050e-02
-1.278221458196640015e-01
-1.945773512125015259e-01
8.510979264974594116e-02
1.067934632301330566e-01
7.009856402873992920e-02
1.807103753089904785e-01
-1.121067907661199570e-02
-2.630323171615600586e-01
-8.114207535982131958e-02
9.730234742164611816e-02
9.207101166248321533e-02
5.165072530508041382e-02
-3.466934338212013245e-02
-2.387149631977081299e-01
2.759226411581039429e-02
1.353998929262161255e-01
3.079584054648876190e-02
8.610421419143676758e-02
9.093368798494338989e-02
-1.239069476723670959e-01
7.613327354192733765e-02
2.203661948442459106e-02
8.741511264815926552e-04
-2.231698930263519287e-01
1.371461153030395508e-01
-2.988971769809722900e-02
-9.465744346380233765e-02
-8.387809246778488159e-02
-1.182546094059944153e-02
3.556079044938087463e-02
5.751238204538822174e-03
-7.382748182862997055e-03
-1.689000874757766724e-01
4.931857809424400330e-02
-8.857936412096023560e-02
-1.513551473617553711e-01
3.437331318855285645e-02
-1.194011885672807693e-02
-4.218901041895151138e-03
1.316267699003219604e-01
4.782941937446594238e-02
-1.007291525602340698e-01
1.637154817581176758e-01
-1.052217632532119751e-01
-2.535339891910552979e-01
-2.619497179985046387e-01
-1.221441775560379028e-01
3.502495214343070984e-02
9.067741781473159790e-02
6.671636551618576050e-02
-1.269317418336868286e-01
-1.924010068178176880e-01
-6.125188246369361877e-02
1.064309924840927124e-01
3.360532969236373901e-02
8.645321428775787354e-02
1.126288250088691711e-02
-2.828060686588287354e-01
-4.721400514245033264e-02
-1.191075891256332397e-02
7.815307378768920898e-02
1.247874349355697632e-01
-7.834047079086303711e-03
-2.661513388156890869e-01
-7.733622938394546509e-02
-4.355837404727935791e-02
1.156713441014289856e-01
1.065136864781379700e-01
6.660863012075424194e-02
-7.676520384848117828e-03
-2.184738963842391968e-01
-1.124716326594352722e-01
3.076649457216262817e-02
-1.549554318189620972e-01
-6.464450061321258545e-02
-7.958852499723434448e-02
4.082288965582847595e-02
3.499986603856086731e-02
-6.965955346822738647e-02
7.974459975957870483e-02
3.226914256811141968e-02
1.111028250306844711e-02
1.855816096067428589e-01
-4.376687854528427124e-02
-2.304035574197769165e-01
4.346514120697975159e-02
5.006325989961624146e-02
6.369610875844955444e-02
3.418718650937080383e-02
-1.796793043613433838e-01
-1.941771954298019409e-01
1.257306486368179321e-01
8.100076019763946533e-02
2.255998551845550537e-02
1.489896923303604126e-01
1.752170920372009277e-01
3.252020478248596191e-02
-4.202551394701004028e-02
1.204183921217918396e-01
2.522903680801391602e-02
5.034927278757095337e-02
-1.011708155274391174e-01
-5.135034024715423584e-02
-6.059857830405235291e-02
-1.645189523696899414e-01
3.275145217776298523e-02
1.948412135243415833e-02
-7.394792139530181885e-02
-8.181022480130195618e-03
-1.779364794492721558e-02
-1.425796598196029663e-01
-3.594128787517547607e-02
-4.169586300849914551e-02
3.986359015107154846e-02
3.035209700465202332e-02
-5.065272748470306396e-02
-8.796098083257675171e-02
-1.147077381610870361e-01
-2.605384960770606995e-02
-7.607578486204147339e-02
-1.591619700193405151e-01
-8.429054170846939087e-02
-2.215518802404403687e-01
-1.906080096960067749e-01
9.918967634439468384e-02
1.255020499229431152e-01
1.266290694475173950e-01
-1.525611579418182373e-01
-1.344220712780952454e-02
5.846570804715156555e-02
4.509711265563964844e-02
1.547755897045135498e-01
1.517065763473510742e-01
-1.287273615598678589e-01
-5.285486206412315369e-02
1.903927773237228394e-01
1.375121474266052246e-01
8.694912493228912354e-02
2.942362427711486816e-01
-1.614799499511718750e-01
1.194334998726844788e-01
3.119212575256824493e-02
1.087314188480377197e-01
1.355259269475936890e-01
-4.794897511601448059e-02
-1.479476839303970337e-01
-1.492531448602676392e-01
-9.629984945058822632e-02
-2.022383809089660645e-01
-7.402262091636657715e-02
-3.337734937667846680e-02
-7.042635977268218994e-02
-1.862043887376785278e-01
-2.626119256019592285e-01
6.737048178911209106e-02
5.904687941074371338e-02
2.107880264520645142e-02
9.947729855775833130e-02
-1.106545701622962952e-01
-1.604391261935234070e-02
-1.065713316202163696e-01
-3.374272584915161133e-02
-9.853469207882881165e-03
1.255255937576293945e-01
-2.400490790605545044e-01
-1.780005171895027161e-02
2.143982239067554474e-02
1.741309091448783875e-02
7.952257990837097168e-02
-3.465397357940673828e-01
-1.860618591308593750e-01
-5.187404458411037922e-04
5.311347544193267822e-02
-2.164150774478912354e-02
1.232578754425048828e-01
3.489540424197912216e-03
-3.947106301784515381e-01
3.355703502893447876e-02
1.108071580529212952e-01
6.279496848583221436e-02
2.187516689300537109e-01
1.185635253787040710e-01
-3.488249778747558594e-01
-1.356284320354461670e-01
2.981051802635192871e-02
3.133552893996238708e-02
1.496730297803878784e-01
1.361776590347290039e-01
-8.671625703573226929e-02
-6.309670209884643555e-02
6.093107163906097412e-02
-2.238283865153789520e-03
2.436743117868900299e-02
1.228852663189172745e-02
-2.303152382373809814e-01
-6.438218802213668823e-02
-5.173387005925178528e-02
-3.486694023013114929e-02
2.567518677096813917e-04
-5.488406494259834290e-02
-1.539177894592285156e-01
-5.891849473118782043e-02
-1.927825361490249634e-01
-6.213348731398582458e-02
4.594761878252029419e-02
-1.721348799765110016e-02
-8.881534636020660400e-02
-1.515661627054214478e-01
-1.810226589441299438e-01
3.992759808897972107e-02
5.640946328639984131e-02
1.477562822401523590e-02
9.644734859466552734e-02
-1.238603144884109497e-01
-1.200144290924072266e-01
8.972063660621643066e-02
1.989792566746473312e-03
7.191463559865951538e-02
1.165997684001922607e-01
-9.330283850431442261e-02
-6.229129061102867126e-02
-4.660413414239883423e-02
1.466699410229921341e-02
3.163364529609680176e-02
5.032860487699508667e-02
4.799787327647209167e-02
-1.095806956291198730e-01
-1.927158981561660767e-01
-5.716148763895034790e-02
1.666783243417739868e-01
1.454825326800346375e-02
-7.843407988548278809e-02
-7.165366411209106445e-02
3.653630986809730530e-02
1.204228848218917847e-01
9.076369553804397583e-02
-7.259783800691366196e-03
-1.471489761024713516e-02
-8.419533073902130127e-02
1.157653555274009705e-01
8.387903124094009399e-02
-4.038316756486892700e-02
-1.117220744490623474e-01
-1.806395351886749268e-01
8.141428977251052856e-02
1.097571030259132385e-01
-1.304539889097213745e-01
-2.893027067184448242e-01
-6.697540730237960815e-02
9.536005556583404541e-02
9.515186399221420288e-02
1.124019622802734375e-01
4.972110316157341003e-02
-2.215212211012840271e-02
-2.328094094991683960e-02
-1.050487756729125977e-01
-9.862609207630157471e-02
1.545911375433206558e-02
2.004388123750686646e-01
-1.731512695550918579e-01
-1.894701085984706879e-02
5.343496054410934448e-02
2.505667321383953094e-02
1.065479293465614319e-01
-1.984193548560142517e-02
-3.224465996026992798e-02
-4.234395548701286316e-02
1.275241095572710037e-02
9.190440177917480469e-02
4.585480317473411560e-02
-4.232338815927505493e-02
-8.452300727367401123e-02
-1.902701407670974731e-01
-1.402606964111328125e-01
1.403323709964752197e-01
2.048578672111034393e-02
9.407234191894531250e-02
-9.444244205951690674e-02
-4.839965328574180603e-02
1.007916703820228577e-01
7.105236500501632690e-02
-1.343799978494644165e-01
-6.216967105865478516e-02
-6.208529230207204819e-03
6.888131052255630493e-02
-4.540148947853595018e-04
2.748801186680793762e-02
-2.048804238438606262e-02
7.240289123728871346e-04
-3.107189014554023743e-02
5.811029672622680664e-02
8.279431611299514771e-02
1.655098795890808105e-01
1.076579838991165161e-01
3.550648316740989685e-02
-5.843721330165863037e-02
1.873268559575080872e-02
4.049653559923171997e-02
6.332288682460784912e-02
1.503118574619293213e-01
-8.882255852222442627e-02
-6.302276253700256348e-02
-1.327882707118988037e-01
-1.612526327371597290e-01
1.330643892288208008e-01
1.326060108840465546e-02
-5.574426054954528809e-02
-3.965719789266586304e-02
-3.436393570154905319e-03
-3.299877047538757324e-03
1.093187928199768066e-01
3.457036986947059631e-02
-1.071253716945648193e-01
-7.747932523488998413e-02
-1.082757711410522461e-01
6.852212548255920410e-02
-6.402641069144010544e-03
-9.669060260057449341e-02
4.859681800007820129e-02
4.834436997771263123e-02
-6.719223409891128540e-02
1.031322702765464783e-01
-1.914014816284179688e-01
-4.817691445350646973e-02
4.526839591562747955e-03
-4.348685964941978455e-02
5.002423748373985291e-02
-2.583801001310348511e-02
8.658002316951751709e-02
-4.872081801295280457e-02
-3.256378322839736938e-02
2.469894662499427795e-02
-5.664312094449996948e-02
1.746616214513778687e-01
7.154953479766845703e-02
-2.497997693717479706e-02
-4.506533220410346985e-02
-8.848956227302551270e-02
9.411582723259925842e-03
-2.669654786586761475e-02
-8.317153900861740112e-02
-1.636718064546585083e-01
-2.252119183540344238e-01
-2.554057240486145020e-01
-5.391965061426162720e-02
-1.318679898977279663e-01
-1.068213209509849548e-01
1.335943341255187988e-01
2.093508988618850708e-01
-1.867339313030242920e-01
-3.383603096008300781e-01
-2.780767381191253662e-01
-1.038861274719238281e-01
-2.113832719624042511e-02
-2.986578084528446198e-02
-5.795707181096076965e-02
-4.805452376604080200e-02
-3.025743663311004639e-01
-3.538738191127777100e-01
1.380346994847059250e-02
-1.010278016328811646e-01
-9.980271756649017334e-02
-8.361946791410446167e-02
1.233475953340530396e-01
4.459705948829650879e-02
6.929410994052886963e-02
1.151823066174983978e-02
1.716196723282337189e-02
-3.152634203433990479e-02
5.621055513620376587e-02
1.472951173782348633e-01
1.219073235988616943e-01
-7.957346737384796143e-02
2.340207248926162720e-01
1.220715697854757309e-02
3.675071150064468384e-02
-2.955225482583045959e-02
1.453921049833297729e-01
2.314497530460357666e-01
-1.233996823430061340e-01
-2.836891710758209229e-01
-5.279018729925155640e-02
-1.290720850229263306e-01
2.046615630388259888e-01
-1.306002885103225708e-01
-2.091734260320663452e-01
-7.784885913133621216e-02
5.251875892281532288e-02
1.467833817005157471e-01
-1.679429113864898682e-01
-1.544731408357620239e-01
-8.394659310579299927e-02
-4.269592091441154480e-02
9.401413798332214355e-02
-4.261757805943489075e-02
-8.872256428003311157e-02
-4.611315950751304626e-02
-3.281712159514427185e-02
-2.467074198648333549e-03
-3.368731960654258728e-02
-1.191313564777374268e-01
-4.018585681915283203e-01
1.145116016268730164e-01
1.250634789466857910e-01
7.001419086009263992e-03
-1.023942381143569946e-01
-3.331963717937469482e-01
-4.126711785793304443e-01
-3.456291854381561279e-01
-1.525168865919113159e-01
-1.005867198109626770e-01
2.188261412084102631e-02
1.275408864021301270e-01
5.131541937589645386e-02
-1.589557677507400513e-01
-1.845880225300788879e-02
2.099392237141728401e-03
5.380361527204513550e-02
1.711535751819610596e-01
5.468166619539260864e-02
9.123975038528442383e-02
-1.338566541671752930e-01
-7.765073329210281372e-02
2.356506288051605225e-01
1.141627654433250427e-01
-3.061894560232758522e-03
-1.265984624624252319e-01
-1.331816464662551880e-01
-1.746351718902587891e-01
2.049986720085144043e-01
2.859602309763431549e-02
1.999006420373916626e-02
-1.136523112654685974e-01
-1.565642654895782471e-01
5.748451873660087585e-02
-1.149737015366554260e-01
-1.219532117247581482e-01
-2.325227707624435425e-01
-4.180669039487838745e-02
3.906870726495981216e-03
5.051208287477493286e-02
5.951240193098783493e-03
-1.687656193971633911e-01
-4.410591721534729004e-02
-1.175502091646194458e-01
-1.943234801292419434e-01
-4.324784502387046814e-02
2.104496955871582031e-01
1.407951265573501587e-01
-1.937003433704376221e-02
-1.855916082859039307e-01
-2.773766517639160156e-01
-7.126389071345329285e-03
-5.148921906948089600e-02
-2.067440189421176910e-02
3.447625413537025452e-02
-2.279127389192581177e-01
-2.386415004730224609e-01
-1.806565672159194946e-01
-1.190379634499549866e-02
-6.518380716443061829e-03
-3.390757367014884949e-02
-3.368948353454470634e-03
-9.203486144542694092e-03
-1.324092447757720947e-01
-8.157769590616226196e-02
3.593893349170684814e-02
6.455643102526664734e-03
1.554358899593353271e-01
1.463505774736404419e-01
-4.498650878667831421e-02
-9.280866943299770355e-03
1.618354469537734985e-01
7.165461033582687378e-02
1.536788046360015869e-01
1.411978900432586670e-01
-1.109195873141288757e-01
1.569809168577194214e-01
6.756223272532224655e-03
1.088801249861717224e-01
8.361988514661788940e-02
-6.823752075433731079e-02
1.188725456595420837e-01
-4.901619628071784973e-02
-1.631514355540275574e-02
-2.812420949339866638e-02
-3.616061061620712280e-02
-1.182504445314407349e-01
-4.775698296725749969e-03
-1.322795450687408447e-01
-2.059456855058670044e-01
-3.210093080997467041e-02
-4.534388333559036255e-02
1.290883719921112061e-01
5.560515820980072021e-02
-7.565047126263380051e-03
-4.194410052150487900e-03
-1.703105717897415161e-01
-6.671652197837829590e-02
-4.632820561528205872e-02
5.290630459785461426e-02
1.665146462619304657e-02
-1.136927455663681030e-01
1.026283875107765198e-01
4.185991361737251282e-02
8.717067539691925049e-02
9.549380838871002197e-02
1.980766840279102325e-02
1.201074793934822083e-01
3.791004046797752380e-02
9.979843348264694214e-02
7.219925522804260254e-02
-2.269232124090194702e-01
-1.755343563854694366e-02
2.378423884510993958e-02
-2.752555534243583679e-02
-1.278160512447357178e-01
-2.835847139358520508e-01
-1.769566833972930908e-01
2.284299135208129883e-01
-2.376758120954036713e-02
-1.118770837783813477e-01
-1.251559853553771973e-01
-9.651730954647064209e-02
1.663520038127899170e-01
1.029095984995365143e-02
1.061888262629508972e-01
1.281062513589859009e-01
-1.274438202381134033e-01
6.701223552227020264e-02
-1.561244875192642212e-01
2.322218753397464752e-02
1.362645775079727173e-01
2.774432301521301270e-01
-1.817670315504074097e-01
-6.709851324558258057e-02
-7.321008015424013138e-03
-5.020637996494770050e-03
1.390207856893539429e-01
-7.833934575319290161e-02
4.170262441039085388e-02
1.072299480438232422e-01
1.645243912935256958e-01
1.524414420127868652e-01
-9.401333332061767578e-02
-1.305091232061386108e-01
-1.336081326007843018e-01
-4.341089725494384766e-02
-1.095184609293937683e-01
1.147246882319450378e-01
-2.424702688585966825e-04
4.343307763338088989e-02
-2.897733822464942932e-02
-1.021318212151527405e-01
4.163806512951850891e-02
1.105815693736076355e-01
1.203896105289459229e-01
1.840075254440307617e-01
-9.727354045026004314e-04
-3.408740833401679993e-02
-1.837585307657718658e-02
-1.629457622766494751e-02
-9.974276646971702576e-03
5.802188813686370850e-02
6.750857457518577576e-03
-1.124062389135360718e-01
-4.608836024999618530e-03
3.795732185244560242e-02
1.770160160958766937e-02
-4.629466217011213303e-03
-9.370844066143035889e-02
-5.666664987802505493e-02
1.162978857755661011e-01
1.075648069381713867e-01
7.308370620012283325e-02
4.432913381606340408e-03
-4.063063263893127441e-01
-2.691701985895633698e-02
7.762952893972396851e-02
-1.046771556138992310e-01
-2.600125782191753387e-02
-1.542649269104003906e-01
-1.194162219762802124e-01
-2.799870073795318604e-01
-2.854225337505340576e-01
4.386065993458032608e-03
-3.986896201968193054e-02
1.225233078002929688e-01
5.616177991032600403e-02
-1.105969920754432678e-01
-3.494696319103240967e-02
4.092315584421157837e-02
4.407172277569770813e-02
1.218430027365684509e-01
1.003000214695930481e-01
5.681232735514640808e-02
6.680758297443389893e-02
4.992099478840827942e-03
-6.578891724348068237e-02
2.088004257529973984e-03
-7.031396776437759399e-02
-1.344122290611267090e-01
-1.604902893304824829e-01
-6.393734365701675415e-02
5.613685026764869690e-02
-4.793145926669239998e-04
-5.217174813151359558e-02
-1.275322437286376953e-01
-8.014854788780212402e-02
3.776784054934978485e-03
1.439756061881780624e-02
4.636267945170402527e-02
8.763363212347030640e-02
6.434218585491180420e-02
5.533350631594657898e-02
6.818301230669021606e-02
2.103730104863643646e-03
9.563194960355758667e-02
2.229198664426803589e-01
-5.909037217497825623e-02
-3.215227127075195312e-01
7.439371943473815918e-02
5.111909657716751099e-02
2.280623279511928558e-02
-8.513639867305755615e-02
-5.233826115727424622e-02
1.652022600173950195e-01
-1.828455179929733276e-02
-2.176951430737972260e-02
-1.714570671319961548e-01
-2.513840608298778534e-02
2.716890536248683929e-02
-2.619905769824981689e-01
-1.471510231494903564e-01
-3.350462764501571655e-03
5.532829463481903076e-02
9.143663942813873291e-02
3.628840669989585876e-02
-1.622271984815597534e-01
5.703281611204147339e-02
3.142764046788215637e-02
6.223651021718978882e-02
-5.530805140733718872e-02
-2.107952237129211426e-01
8.453862369060516357e-02
3.492151573300361633e-02
2.524639964103698730e-01
-6.660875864326953888e-03
1.378533546812832355e-03
2.296458184719085693e-01
2.630420029163360596e-01
3.574234619736671448e-02
5.632683262228965759e-02
5.942233651876449585e-02
-1.400097906589508057e-01
-6.368590146303176880e-02
-8.779545873403549194e-02
-6.598605960607528687e-02
9.769932925701141357e-02
-9.692126512527465820e-02
-1.431890130043029785e-01
1.642774045467376709e-02
-2.733346261084079742e-02
1.031177863478660583e-01
-4.234019666910171509e-02
-1.756593734025955200e-01
-2.366375923156738281e-01
-4.080668836832046509e-02
-1.926283836364746094e-01
-1.549838110804557800e-02
-1.405404657125473022e-01
-2.028076052665710449e-01
5.688004568219184875e-02
2.977902069687843323e-02
3.034851886332035065e-02
5.629962310194969177e-02
7.151318341493606567e-02
9.792608022689819336e-02
-5.774724483489990234e-02
2.140513435006141663e-02
-3.224783018231391907e-02
6.320903450250625610e-02
6.143770366907119751e-02
-1.448351144790649414e-01
-3.342322632670402527e-02
1.994155496358871460e-01
1.538241058588027954e-01
3.466586023569107056e-02
-6.538459658622741699e-02
1.246608942747116089e-01
7.204364240169525146e-02
9.667854756116867065e-02
3.059181151911616325e-03
-1.925704628229141235e-01
-2.879827618598937988e-01
-2.678799927234649658e-01
1.676443815231323242e-01
-4.651125147938728333e-02
-1.990143209695816040e-01
-2.582851946353912354e-01
-8.051831275224685669e-02
2.060320973396301270e-02
-1.681330353021621704e-01
-3.122474849224090576e-01
-5.780341476202011108e-02
8.621393702924251556e-03
8.311581611633300781e-02
-1.724541336297988892e-01
-1.656075567007064819e-01
-1.229357123374938965e-01
7.818952202796936035e-02
5.774678662419319153e-02
-2.668328881263732910e-01
-2.619921043515205383e-02
-1.564504951238632202e-01
-8.843896538019180298e-02
1.819730550050735474e-01
-1.140771731734275818e-01
7.211489230394363403e-02
1.016465574502944946e-01
5.824267864227294922e-02
-6.749795377254486084e-02
-6.052519381046295166e-02
3.205619752407073975e-02
1.902865990996360779e-02
5.579525232315063477e-02
-4.100723192095756531e-02
4.396077618002891541e-02
2.720239944756031036e-02
1.540579497814178467e-01
2.353716492652893066e-01
8.491493016481399536e-02
1.196877378970384598e-02
1.114226952195167542e-01
7.733915001153945923e-02
1.531948149204254150e-01
2.476624585688114166e-02
2.167360298335552216e-02
-5.541791324503719807e-05
-1.404512766748666763e-02
4.679391160607337952e-02
-1.116906628012657166e-01
-6.543045490980148315e-02
-2.023051530122756958e-01
1.701072603464126587e-01
6.835843622684478760e-02
-1.545894443988800049e-01
-2.342378348112106323e-01
-2.376702427864074707e-02
7.790524512529373169e-02
-1.120841950178146362e-01
-1.190812811255455017e-01
-1.529313027858734131e-01
-1.366025805473327637e-01
1.701816916465759277e-01
-2.505583167076110840e-01
-1.283016651868820190e-01
-1.523370146751403809e-01
8.243300765752792358e-02
6.900685280561447144e-02
1.330921649932861328e-01
9.489186853170394897e-02
-4.431514814496040344e-02
3.963429480791091919e-02
2.028848081827163696e-01
1.688179671764373779e-01
-1.352941058576107025e-02
-6.537313014268875122e-02
-1.413824260234832764e-01
1.733974218368530273e-01
9.756864607334136963e-02
2.732182443141937256e-01
1.411326080560684204e-01
4.094233736395835876e-02
2.531540989875793457e-01
3.441008627414703369e-01
1.060710698366165161e-01
-2.996760234236717224e-02
4.914872720837593079e-02
-5.736165493726730347e-02
-4.844157025218009949e-02
-9.866972453892230988e-03
-6.767260283231735229e-02
-6.837950646877288818e-02
2.023305743932723999e-01
1.030829399824142456e-01
-1.138138994574546814e-01
-1.124836578965187073e-01
9.770110994577407837e-02
8.073768019676208496e-02
-1.424804329872131348e-01
-1.961979866027832031e-01
-2.393743693828582764e-01
-2.069554477930068970e-01
6.740565598011016846e-02
6.714312732219696045e-02
-1.768223196268081665e-02
-8.473441004753112793e-02
-3.632332012057304382e-02
6.104252114892005920e-02
9.543235599994659424e-02
-7.073446363210678101e-02
-4.480167850852012634e-02
-9.793219715356826782e-02
5.339667201042175293e-02
1.055913716554641724e-01
-1.001517325639724731e-01
-2.422648817300796509e-01
-3.122105821967124939e-02
-7.080072909593582153e-02
-2.967846989631652832e-01
-2.105618119239807129e-01
-1.598573774099349976e-01
5.125382170081138611e-02
8.295816183090209961e-02
1.573196426033973694e-02
2.056743390858173370e-02
2.840314805507659912e-02
1.161289513111114502e-01
-5.715146195143461227e-03
-5.092751234769821167e-02
1.361246556043624878e-01
-2.685790359973907471e-01
-1.201721653342247009e-01
-1.044365167617797852e-01
-1.759854257106781006e-01
-1.126655712723731995e-01
-8.126367628574371338e-02
-1.301944553852081299e-01
-1.644738912582397461e-01
-3.141821622848510742e-01
-4.423262178897857666e-02
-1.955699324607849121e-01
-7.540244609117507935e-02
-3.075955808162689209e-01
3.470586379989981651e-03
3.878086432814598083e-02
2.923853695392608643e-02
-5.204054713249206543e-02
6.338699255138635635e-03
1.309907138347625732e-01
1.140539348125457764e-02
1.156499832868576050e-01
1.234079450368881226e-01
7.965411245822906494e-02
-5.647220090031623840e-02
-9.666274487972259521e-02
-1.643518656492233276e-01
-6.750928610563278198e-02
-3.320360928773880005e-02
-7.290938496589660645e-02
-3.435993939638137817e-02
3.032878413796424866e-02
-1.134314537048339844e-01
-1.039383411407470703e-01
-7.765107601881027222e-02
5.332695692777633667e-02
-4.072075337171554565e-02
-1.479878723621368408e-01
-6.039039045572280884e-02
-1.371115744113922119e-01
5.250207148492336273e-03
-4.192471131682395935e-02
1.105040982365608215e-01
4.846832901239395142e-02
-1.970699802041053772e-02
2.608220651745796204e-02
6.819443404674530029e-02
1.295404583215713501e-01
-2.830050885677337646e-01
-9.710335731506347656e-02
-5.904202163219451904e-02
-1.123199388384819031e-01
-4.536004364490509033e-02
-8.900206536054611206e-02
-1.194342076778411865e-01
1.001236066222190857e-01
-2.371398918330669403e-02
-4.713886231184005737e-02
-4.326199740171432495e-02
-6.109330058097839355e-02
7.298762351274490356e-02
4.686699807643890381e-02
-4.419009760022163391e-02
-2.924216091632843018e-01
-2.085489481687545776e-01
4.433214664459228516e-02
1.125949174165725708e-01
1.456861617043614388e-03
-2.127593308687210083e-01
-3.817697167396545410e-01
7.866258174180984497e-02
3.552602231502532959e-02
8.614951372146606445e-02
1.085306257009506226e-01
8.964673429727554321e-02
3.693192824721336365e-02
-8.308433741331100464e-02
-5.668614991009235382e-03
4.430311918258666992e-02
-2.756085991859436035e-02
-4.799584299325942993e-02
-1.193663179874420166e-01
8.379045128822326660e-02
2.913967892527580261e-02
7.451957464218139648e-02
-2.894728444516658783e-03
-2.828017110005021095e-03
1.392390858381986618e-02
6.282404065132141113e-02
5.387619882822036743e-02
6.548688560724258423e-02
-6.282218545675277710e-02
7.617002818733453751e-03
-1.771430373191833496e-01
3.850349038839340210e-02
-1.044892817735671997e-01
-2.772395731881260872e-03
-2.236638963222503662e-01
-9.609611332416534424e-02
1.499754041433334351e-01
1.765030026435852051e-01
4.730141535401344299e-02
-5.771713331341743469e-02
1.334332972764968872e-01
2.100072801113128662e-01
9.018093347549438477e-02
2.346073836088180542e-02
2.804324217140674591e-02
1.222593560814857483e-01
2.067127674818038940e-01
-9.105571359395980835e-02
3.130545839667320251e-02
-7.398393750190734863e-02
-1.063107252120971680e-01
-2.254965752363204956e-01
-6.879682838916778564e-02
6.576346606016159058e-02
-1.647666394710540771e-01
-7.321661338210105896e-03
-3.028786778450012207e-01
-1.324540376663208008e-01
-7.591502368450164795e-02
-1.787198036909103394e-01
-1.639851182699203491e-01
7.110097259283065796e-02
-1.249409243464469910e-01
-8.742084354162216187e-02
-2.152789197862148285e-02
-9.881875663995742798e-02
3.206999599933624268e-02
8.153652399778366089e-02
-4.800192080438137054e-03
6.700871884822845459e-02
5.905025452375411987e-02
6.381682306528091431e-02
1.161937713623046875e-01
4.452303797006607056e-02
3.923210874199867249e-02
-7.166470587253570557e-02
-3.752901032567024231e-02
1.321379989385604858e-01
8.852079510688781738e-02
9.895392507314682007e-02
2.998881228268146515e-02
3.979725018143653870e-02
9.388835728168487549e-02
-5.296069383621215820e-02
7.514203339815139771e-02
7.883915305137634277e-02
6.019469723105430603e-02
1.514430940151214600e-01
-1.092757955193519592e-01
-6.189067289233207703e-02
9.811109863221645355e-03
2.212744206190109253e-01
3.356998041272163391e-02
2.634061872959136963e-02
-2.430480718612670898e-01
2.170781232416629791e-02
-5.924350395798683167e-02
-8.861721307039260864e-02
-1.962624937295913696e-01
-6.872983649373054504e-03
-4.990578815340995789e-02
-2.883038222789764404e-01
-5.180860310792922974e-02
3.463840112090110779e-02
9.569633007049560547e-02
-5.606479942798614502e-02
-1.037223115563392639e-01
-1.149694249033927917e-01
-3.406589850783348083e-03
9.394173324108123779e-02
-6.662859022617340088e-02
4.532746598124504089e-02
3.911842405796051025e-02
-1.129806339740753174e-01
-7.299287617206573486e-02
-1.296336352825164795e-01
6.439539790153503418e-02
-1.846717111766338348e-02
-1.015257686376571655e-01
1.408230885863304138e-02
-5.427996814250946045e-02
2.454116493463516235e-01
6.716863811016082764e-02
4.491477273404598236e-03
2.691014297306537628e-02
5.315863713622093201e-02
1.142447590827941895e-01
-6.379245780408382416e-03
6.583038717508316040e-02
7.658375892788171768e-03
-5.237589590251445770e-03
2.484343014657497406e-02
7.189651578664779663e-02
4.579207301139831543e-02
4.465685039758682251e-02
2.176695503294467926e-03
1.608795113861560822e-02
-4.547287896275520325e-02
4.667014256119728088e-02
2.039330899715423584e-01
2.173971533775329590e-01
8.772459812462329865e-03
-8.226810395717620850e-02
1.768828928470611572e-01
1.915985792875289917e-01
1.243557557463645935e-01
-1.714662313461303711e-01
-1.409874409437179565e-01
1.064740866422653198e-02
6.807488203048706055e-02
3.010200522840023041e-02
-5.251361429691314697e-02
-3.116380795836448669e-02
1.118812989443540573e-02
-1.026372537016868591e-01
-8.742412924766540527e-02
-1.614536494016647339e-01
-8.637839555740356445e-02
-2.927179075777530670e-02
-1.250060796737670898e-01
-5.873706564307212830e-02
-1.502041667699813843e-01
-2.776232957839965820e-01
-9.579756855964660645e-02
9.603825211524963379e-02
-2.481698691844940186e-01
-1.035090088844299316e-01
-1.178373247385025024e-01
-1.719464547932147980e-03
7.716186344623565674e-02
-1.613351106643676758e-01
-2.034322321414947510e-01
-9.268958121538162231e-02
6.119911745190620422e-02
-5.310509353876113892e-02
-2.489041723310947418e-02
2.368757426738739014e-01
1.710792481899261475e-01
-4.384229704737663269e-02
-1.652399152517318726e-01
-2.334787547588348389e-01
-2.136993110179901123e-01
-2.330716699361801147e-01
-2.260524332523345947e-01
-2.328442037105560303e-01
2.865351736545562744e-02
4.035772383213043213e-02
-6.035009399056434631e-02
-6.478010118007659912e-02
-2.372122369706630707e-02
-2.312531135976314545e-02
1.192377954721450806e-01
2.563474699854850769e-02
1.497093401849269867e-02
9.870233386754989624e-02
4.831832274794578552e-02
-2.914181724190711975e-02
-9.442181885242462158e-02
9.039415419101715088e-02
1.132617071270942688e-01
-1.332790702581405640e-01
4.669013991951942444e-02
6.381496787071228027e-02
4.711742978543043137e-03
5.214389413595199585e-02
-1.192721500992774963e-01
-8.981563895940780640e-02
-1.174625530838966370e-01
6.529547274112701416e-02
9.663891047239303589e-02
1.187767386436462402e-01
1.299957334995269775e-01
1.078851521015167236e-01
1.301530599594116211e-01
4.713374376296997070e-02
1.668587923049926758e-01
-1.440893579274415970e-02
-1.180567145347595215e-01
1.089334674179553986e-02
4.867167025804519653e-02
1.131294369697570801e-01
-1.361853927373886108e-01
-1.632233411073684692e-01
5.197812616825103760e-02
2.805704809725284576e-02
-3.358050063252449036e-02
-5.072528496384620667e-02
-1.517725884914398193e-01
6.073725968599319458e-02
-6.858237087726593018e-02
-6.093505024909973145e-02
1.912393048405647278e-02
1.703891158103942871e-01
2.651049196720123291e-01
-1.416618078947067261e-01
4.443133249878883362e-02
-1.734644919633865356e-01
-9.714103303849697113e-03
-2.226164378225803375e-02
-6.541351228952407837e-02
-5.836382508277893066e-02
-9.846393950283527374e-03
4.384309053421020508e-03
-6.957769393920898438e-02
-7.907725870609283447e-02
4.284729808568954468e-02
-1.788897365331649780e-01
-8.682170510292053223e-02
-2.248939573764801025e-01
-1.074689328670501709e-01
-5.533789470791816711e-02
-1.291850060224533081e-01
-3.230802118778228760e-01
-2.283534705638885498e-01
1.082381419837474823e-02
-8.765107952058315277e-03
-2.351076900959014893e-01
-1.536438167095184326e-01
-6.135710515081882477e-03
2.729598991572856903e-02
-1.482699662446975708e-01
-1.664604246616363525e-02
-7.635087519884109497e-02
2.388847526162862778e-03
1.137741282582283020e-01
-1.454283446073532104e-01
-1.007343083620071411e-01
-2.181668281555175781e-01
3.175969421863555908e-02
7.991936802864074707e-02
8.239831775426864624e-02
1.715670824050903320e-01
2.454307228326797485e-01
2.276072949171066284e-01
5.739546939730644226e-02
1.165154874324798584e-01
3.940616268664598465e-03
1.411861181259155273e-01
5.232740938663482666e-02
1.461536586284637451e-01
7.540686428546905518e-02
1.243358030915260315e-01
-1.615957822650671005e-03
-3.170398622751235962e-02
-2.551194131374359131e-01
-6.196579933166503906e-01
-2.867937982082366943e-01
-2.209134101867675781e-01
-2.015921920537948608e-01
-9.870100766420364380e-02
-1.712125092744827271e-01
-7.611019909381866455e-02
6.617356836795806885e-02
1.115202084183692932e-01
1.259237974882125854e-01
-1.558813899755477905e-01
-4.223856143653392792e-03
1.789603680372238159e-01
2.354529350996017456e-01
1.614542603492736816e-01
6.200734525918960571e-02
2.436591535806655884e-01
3.277256190776824951e-01
2.401748299598693848e-01
-1.766248978674411774e-02
1.319622695446014404e-01
1.179926618933677673e-01
4.341231286525726318e-02
-8.134784549474716187e-02
-4.902238398790359497e-02
-3.396044299006462097e-02
-1.096905320882797241e-01
-2.337352633476257324e-01
-1.221815198659896851e-01
-2.673370540142059326e-01
-7.849294692277908325e-02
-2.738983035087585449e-01
-3.638546764850616455e-01
-2.410278916358947754e-01
-3.165071606636047363e-01
-4.829352721571922302e-02
1.479264050722122192e-01
6.730692833662033081e-02
-4.183211550116539001e-02
9.227605536580085754e-03
-4.919403418898582458e-02
3.922867402434349060e-02
1.413452923297882080e-01
1.934716403484344482e-01
4.503113403916358948e-02
1.195652186870574951e-01
2.674584388732910156e-01
1.873880922794342041e-01
3.620429337024688721e-02
-1.423036009073257446e-01
1.359686702489852905e-01
2.557243108749389648e-01
2.215644717216491699e-01
7.299610227346420288e-02
1.430032029747962952e-02
1.097659766674041748e-01
-4.788953065872192383e-02
-1.075439676642417908e-01
-1.271464526653289795e-01
6.634835153818130493e-02
-7.045980542898178101e-02
-1.291379928588867188e-01
-9.609177708625793457e-02
-2.267037145793437958e-02
7.659069728106260300e-03
8.595087379217147827e-02
-1.501201689243316650e-01
5.505557730793952942e-02
2.179579995572566986e-02
2.025599777698516846e-01
-6.259456276893615723e-03
1.650071889162063599e-01
2.958407811820507050e-02
7.063998281955718994e-02
1.219755634665489197e-01
7.079258561134338379e-02
4.154574871063232422e-02
-1.101859509944915771e-01
-2.234023660421371460e-01
-1.269708573818206787e-01
1.229636836796998978e-02
-5.602502077817916870e-02
-2.807295918464660645e-01
-2.449255436658859253e-01
-8.788461238145828247e-02
5.763549357652664185e-02
4.359276965260505676e-02
1.343798078596591949e-02
1.389892958104610443e-02
-6.916751712560653687e-02
9.519844502210617065e-02
7.771728932857513428e-02
8.799568749964237213e-03
4.474227130413055420e-02
-2.018466442823410034e-01
1.351649290882050991e-03
3.552970476448535919e-03
-4.687906056642532349e-02
5.225693434476852417e-02
-2.245001196861267090e-01
-2.134581841528415680e-02
1.361991167068481445e-01
9.218189120292663574e-02
2.140811085700988770e-01
-5.747588351368904114e-02
-5.837314948439598083e-02
2.306797653436660767e-01
-4.340062383562326431e-03
-7.864890992641448975e-02
-1.641950160264968872e-01
-3.806033730506896973e-02
1.263737231492996216e-01
1.999396644532680511e-02
-6.798052228987216949e-03
-5.199401825666427612e-02
1.779333651065826416e-01
1.098036915063858032e-01
6.344231218099594116e-02
5.053503438830375671e-02
2.117920480668544769e-02
2.502372115850448608e-02
-2.976316958665847778e-02
-2.363834530115127563e-01
-6.600674986839294434e-02
-8.371794223785400391e-02
1.126523129642009735e-02
-1.180407032370567322e-01
-1.700743883848190308e-01
-7.147890329360961914e-02
6.503258645534515381e-02
1.898873597383499146e-02
-1.693172156810760498e-01
-8.705996721982955933e-02
-1.366325318813323975e-01
2.103638462722301483e-02
-1.144113093614578247e-01
-1.193597763776779175e-01
-6.238462403416633606e-02
-1.894648820161819458e-01
-2.576787471771240234e-01
-1.419848948717117310e-01
-2.966773211956024170e-01
-3.059841990470886230e-01
-2.911622226238250732e-01
5.582578480243682861e-03
-8.758140355348587036e-02
-1.250096708536148071e-01
-1.633257269859313965e-01
1.881986483931541443e-02
-2.713161334395408630e-02
-9.279923141002655029e-02
-1.874975264072418213e-01
-1.465677618980407715e-01
5.525359138846397400e-02
-7.387105375528335571e-02
2.904440835118293762e-02
-3.774736076593399048e-03
9.387750178575515747e-02
-9.168959222733974457e-03
-1.856285147368907928e-02
-6.270065903663635254e-02
1.287802606821060181e-01
1.333584636449813843e-01
7.674252241849899292e-02
1.243963241577148438e-01
9.723564237356185913e-02
1.940772384405136108e-01
1.411284506320953369e-01
-7.056492567062377930e-02
-1.775952577590942383e-01
7.759444415569305420e-02
-2.184886336326599121e-01
-2.052034735679626465e-01
-3.831352293491363525e-01
-3.353805243968963623e-01
-1.305221952497959137e-02
6.487303879112005234e-03
-1.243155971169471741e-01
-9.466096758842468262e-02
-9.399899840354919434e-02
-1.192660257220268250e-01
6.545839458703994751e-02
-6.785518676042556763e-02
-1.212154850363731384e-01
-9.785851091146469116e-02
-4.255092144012451172e-02
3.574950620532035828e-02
1.071888506412506104e-01
6.790313869714736938e-02
4.661036282777786255e-02
5.038661509752273560e-02
1.687850058078765869e-01
3.133214637637138367e-02
5.420387908816337585e-02
4.559794068336486816e-02
3.537891805171966553e-02
-1.123038306832313538e-01
-2.106198966503143311e-01
-2.724907100200653076e-01
-1.955697238445281982e-01
-9.106273204088211060e-02
-2.637736499309539795e-01
-3.513326048851013184e-01
-2.926350831985473633e-01
-2.000167667865753174e-01
-1.210995912551879883e-01
-1.298364102840423584e-01
-2.769859135150909424e-01
-1.983468532562255859e-01
-2.110136002302169800e-01
-5.284348875284194946e-02
1.528718918561935425e-01
2.107571214437484741e-01
6.272496283054351807e-02
-9.917744994163513184e-02
9.638016670942306519e-02
7.905954122543334961e-02
5.157292261719703674e-02
1.118393801152706146e-02
7.460409775376319885e-03
1.325839105993509293e-02
6.574781239032745361e-02
6.496333330869674683e-02
-8.661439269781112671e-02
-2.014260143041610718e-01
2.014493755996227264e-02
2.151361107826232910e-02
-1.178414300084114075e-01
-1.645440012216567993e-01
-3.095676898956298828e-01
7.343634217977523804e-02
-2.208531834185123444e-02
-1.308627724647521973e-01
-2.634856998920440674e-01
-1.475538611412048340e-01
-1.264150999486446381e-02
-6.575378589332103729e-03
-5.307214707136154175e-02
-9.141428768634796143e-02
-3.435106948018074036e-02
1.132295094430446625e-02
2.269291877746582031e-02
-1.998787373304367065e-02
7.644072175025939941e-02
4.906173422932624817e-02
1.367599666118621826e-01
1.262450665235519409e-01
1.277476549148559570e-01
6.842416524887084961e-02
1.033474951982498169e-01
-1.413399279117584229e-01
-2.582367062568664551e-01
-3.279023170471191406e-01
-3.752907216548919678e-01
-5.591315776109695435e-02
-1.580362319946289062e-01
-9.717737883329391479e-02
-2.155232988297939301e-02
-1.995290815830230713e-01
-2.520259618759155273e-01
-5.809197574853897095e-02
2.838280424475669861e-02
4.201591480523347855e-03
-5.728631466627120972e-02
-5.646822229027748108e-02
-4.552214592695236206e-02
-8.193070441484451294e-02
1.824703067541122437e-02
-1.341775655746459961e-01
-1.321496069431304932e-01
4.927194118499755859e-02
-1.282332688570022583e-01
-1.392849683761596680e-01
-9.957786649465560913e-02
-1.173357069492340088e-01
-6.296373903751373291e-02
-1.406307816505432129e-01
-3.859327733516693115e-02
-1.134820003062486649e-02
1.819300837814807892e-02
-2.614037692546844482e-01
-6.768581271171569824e-02
1.364723443984985352e-01
1.251082718372344971e-01
2.373203460592776537e-04
-1.170718343928456306e-03
1.110238730907440186e-01
1.194582358002662659e-01
9.788735955953598022e-02
2.543960213661193848e-01
-1.369443535804748535e-01
1.079894974827766418e-02
2.375788614153862000e-02
1.913317851722240448e-02
1.377231627702713013e-01
-1.242830324918031693e-02
-2.528631389141082764e-01
-4.817958921194076538e-02
-1.546187996864318848e-01
1.150467898696660995e-02
1.755030602216720581e-01
-2.484955824911594391e-02
-2.231591641902923584e-01
-2.623414993286132812e-01
-1.569482088088989258e-01
-7.818388752639293671e-03
2.380766719579696655e-02
-1.053914204239845276e-01
7.906613498926162720e-02
-1.044154837727546692e-01
-6.991138216108083725e-03
3.332837298512458801e-02
-7.628223299980163574e-02
-1.246586292982101440e-01
7.163478434085845947e-02
-4.784855991601943970e-02
-4.103064909577369690e-02
-1.010825783014297485e-01
-4.256622865796089172e-02
-1.014258265495300293e-01
-7.506426423788070679e-03
1.508650369942188263e-02
-8.305865526199340820e-02
-3.365269303321838379e-02
6.671847403049468994e-02
-7.952974177896976471e-03
-1.512484997510910034e-01
-2.066022455692291260e-01
-2.573624849319458008e-01
1.162916943430900574e-01
-1.766481250524520874e-01
3.471806645393371582e-03
-2.241345345973968506e-01
-2.828270792961120605e-01
-4.054762423038482666e-02
3.338624164462089539e-02
-6.807360053062438965e-02
-1.045854389667510986e-01
-7.262762170284986496e-03
-7.172747701406478882e-02
7.357613742351531982e-02
-4.137466847896575928e-02
-7.254940271377563477e-02
1.101580448448657990e-03
-1.929546445608139038e-01
1.211665570735931396e-01
-1.114515736699104309e-01
1.235996186733245850e-01
-2.187723480165004730e-02
-3.145789727568626404e-02
4.750677943229675293e-02
5.235705524682998657e-02
6.298921257257461548e-02
8.928672224283218384e-02
4.291124641895294189e-02
1.428183615207672119e-01
1.269062608480453491e-01
2.162849716842174530e-02
1.961603760719299316e-02
2.323181182146072388e-02
7.660391181707382202e-02
-1.518635824322700500e-02
-1.226199045777320862e-01
-5.404638126492500305e-02
4.733093827962875366e-02
-2.907845890149474144e-03
3.848910331726074219e-02
-1.119226217269897461e-01
-6.228429824113845825e-02
-6.859744340181350708e-02
6.891167163848876953e-02
1.344864219427108765e-01
-1.019702926278114319e-01
-2.406521514058113098e-02
-1.105199456214904785e-01
1.651035435497760773e-02
-5.306811258196830750e-02
-1.994993388652801514e-01
-4.352582991123199463e-02
9.041245281696319580e-02
-1.698921620845794678e-01
-2.151941508054733276e-01
-1.635824143886566162e-01
-1.556160748004913330e-01
-1.558611635118722916e-02
4.987782239913940430e-02
1.673868671059608459e-02
2.527633309364318848e-01
6.218826398253440857e-02
-1.516171097755432129e-01
-2.619694918394088745e-02
1.193564310669898987e-01
7.505866140127182007e-02
-5.042605847120285034e-02
1.237179711461067200e-01
-4.123703017830848694e-02
1.925598457455635071e-02
9.958832710981369019e-02
-6.482713669538497925e-02
-6.533053237944841385e-03
-7.090448737144470215e-01
-4.188464879989624023e-01
1.814399659633636475e-02
2.048021554946899414e-01
2.639417536556720734e-02
-4.670692682266235352e-01
-1.867915689945220947e-01
1.575513742864131927e-02
8.724630624055862427e-02
1.706945449113845825e-01
-2.793498039245605469e-01
-9.591849148273468018e-02
1.582034677267074585e-02
1.709174215793609619e-01
2.184059768915176392e-01
-7.407306879758834839e-02
1.207693479955196381e-03
4.582181945443153381e-02
1.066102236509323120e-01
1.976767182350158691e-01
2.551350276917219162e-03
-1.956220865249633789e-01
4.489966668188571930e-03
6.467691063880920410e-02
8.870055526494979858e-02
-3.211065530776977539e-01
-1.686570346355438232e-01
-2.468245476484298706e-02
1.581098325550556183e-02
2.709403634071350098e-02
-2.223031967878341675e-01
-3.551917970180511475e-01
-4.459970295429229736e-01
1.019901633262634277e-01
2.062590867280960083e-01
9.941581636667251587e-02
-7.525277137756347656e-02
4.707334935665130615e-02
5.924083665013313293e-02
-8.164284378290176392e-02
-1.328695565462112427e-02
-4.079886525869369507e-02
3.319570794701576233e-02
2.004626244306564331e-01
2.147447317838668823e-01
-1.477800011634826660e-01
-1.946428567171096802e-01
5.314510315656661987e-02
7.027739286422729492e-02
4.877260327339172363e-02
1.186966821551322937e-01
1.551275402307510376e-01
6.001979485154151917e-02
-3.407438695430755615e-01
-3.741632997989654541e-01
2.802857570350170135e-02
-1.907788775861263275e-02
2.231837436556816101e-02
-2.992326617240905762e-01
-4.169853031635284424e-01
-8.354632183909416199e-03
2.300466783344745636e-02
5.696193873882293701e-02
-5.084769800305366516e-02
-1.614970266819000244e-01
9.614781476557254791e-03
3.135009109973907471e-02
2.566904760897159576e-02
-3.784155473113059998e-02
-1.231208965182304382e-01
2.774181589484214783e-02
7.473009079694747925e-02
-3.064500913023948669e-02
-1.146663203835487366e-01
-1.686851680278778076e-02
-7.083591073751449585e-02
-2.156585901975631714e-01
-2.997153401374816895e-01
-1.539186835289001465e-01
1.534088701009750366e-01
-7.663735747337341309e-02
-1.252472996711730957e-01
-3.036419451236724854e-01
-1.695801913738250732e-01
3.095034696161746979e-02
2.491905353963375092e-02
-8.288838714361190796e-02
-2.188479155302047729e-02
-8.940494805574417114e-02
-1.278242915868759155e-01
-5.675369873642921448e-03
-1.367390602827072144e-01
-3.785118460655212402e-02
6.402134895324707031e-02
6.605235487222671509e-02
-4.610794037580490112e-02
-1.509639173746109009e-01
6.313871592283248901e-02
6.727250665426254272e-02
7.254885882139205933e-02
1.181414630264043808e-02
1.100205257534980774e-01
1.928631663322448730e-01
3.482022136449813843e-02
-6.679905205965042114e-02
8.122152090072631836e-02
1.345890909433364868e-01
-3.204671293497085571e-02
1.092546954751014709e-01
6.694137305021286011e-02
8.600080758333206177e-02
3.235316276550292969e-02
-4.010406881570816040e-02
3.715812461450695992e-03
2.035135477781295776e-01
9.939469397068023682e-02
-9.082798659801483154e-02
-1.195507049560546875e-01
6.444751471281051636e-02
1.256507784128189087e-01
-8.133037015795707703e-03
-7.235682755708694458e-02
-1.748327314853668213e-01
-3.228328377008438110e-02
1.639837771654129028e-01
1.200846433639526367e-01
1.226746141910552979e-01
-2.610727772116661072e-02
-4.674698039889335632e-02
1.314984112977981567e-01
1.459288448095321655e-01
2.080546021461486816e-01
3.239030763506889343e-02
-6.256680190563201904e-02
3.099348209798336029e-02
4.863957315683364868e-02
7.006596028804779053e-02
-4.446347802877426147e-02
-1.688944250345230103e-01
-4.579188674688339233e-02
7.232706248760223389e-02
2.179424464702606201e-02
-1.960012316703796387e-01
-2.423212677240371704e-01
-1.838138699531555176e-01
9.477662295103073120e-02
4.988416284322738647e-02
-4.512161016464233398e-02
-1.857344806194305420e-01
-9.483768790960311890e-02
-1.120168119668960571e-01
-1.623379439115524292e-01
-1.830256916582584381e-02
-1.722328811883926392e-01
-2.311464846134185791e-01
-1.697215586900711060e-01
1.803069002926349640e-02
4.532528668642044067e-02
9.923550486564636230e-02
-2.117781639099121094e-01
-5.867920070886611938e-02
6.587995588779449463e-02
2.418716065585613251e-02
1.754560172557830811e-01
3.018917441368103027e-01
-4.791070520877838135e-02
4.665001295506954193e-03
9.596858173608779907e-02
2.493441700935363770e-01
1.700853258371353149e-01
-2.979481518268585205e-01
-1.436987966299057007e-01
-1.894969642162322998e-01
6.551074981689453125e-02
4.727493226528167725e-02
2.883943617343902588e-01
2.618171647191047668e-02
1.298237890005111694e-01
-1.058551594614982605e-01
-1.461583226919174194e-01
1.496751457452774048e-01
1.281342059373855591e-01
9.514573216438293457e-02
7.082578260451555252e-03
-2.031153142452239990e-01
4.900180920958518982e-02
1.822195202112197876e-02
-1.228690380230545998e-03
3.996193874627351761e-03
-2.814378030598163605e-02
2.014256641268730164e-02
-2.682404592633247375e-02
4.637606441974639893e-02
8.039333671331405640e-02
7.801214605569839478e-02
-1.023316085338592529e-01
-9.331285953521728516e-02
-2.327607199549674988e-02
-2.247993275523185730e-02
8.463213592767715454e-02
-4.120534658432006836e-01
-2.983357608318328857e-01
-2.663726806640625000e-01
2.342090457677841187e-01
1.943559944629669189e-01
-2.146824151277542114e-01
-3.405516147613525391e-01
-2.032374441623687744e-01
1.739466795697808266e-03
1.716305166482925415e-01
1.035269722342491150e-01
-7.894081622362136841e-02
-4.567215219140052795e-03
3.667290210723876953e-01
1.635692566633224487e-01
-7.424178766086697578e-04
1.592680253088474274e-02
4.158221185207366943e-02
1.376820355653762817e-01
1.533331573009490967e-01
-1.750753968954086304e-01
-1.662829965353012085e-01
1.361171714961528778e-02
3.754113987088203430e-02
2.728970907628536224e-02
1.030977666378021240e-01
1.604177951812744141e-01
8.487078547477722168e-02
-1.070930287241935730e-01
-1.461581140756607056e-01
2.355501353740692139e-01
6.053331866860389709e-02
-9.519401192665100098e-02
-3.414953351020812988e-01
-1.134729385375976562e-01
1.524739712476730347e-01
3.792273253202438354e-02
-5.973284691572189331e-02
-4.425920546054840088e-02
-2.493670135736465454e-01
3.572745248675346375e-02
-5.175723135471343994e-02
1.353797037154436111e-03
-2.555415779352188110e-02
5.795375257730484009e-02
-2.020341716706752777e-02
-2.502689138054847717e-02
-2.802861854434013367e-02
6.128657609224319458e-02
-3.298176079988479614e-02
5.176107585430145264e-02
2.346223741769790649e-01
6.773189455270767212e-02
1.951977610588073730e-01
3.163297474384307861e-02
1.538958996534347534e-01
4.866274446249008179e-02
2.725647203624248505e-02
-7.352559268474578857e-02
4.858920350670814514e-02
1.259131878614425659e-01
9.832856804132461548e-02
-7.585374265909194946e-02
8.815313130617141724e-02
1.432230472564697266e-01
9.294644743204116821e-02
-1.016573086380958557e-01
-2.216585874557495117e-01
1.392545700073242188e-01
6.311244517564773560e-02
-3.695944556966423988e-03
-1.183813363313674927e-01
-1.986243128776550293e-01
-1.281341612339019775e-01
2.672530524432659149e-02
1.625054031610488892e-01
2.500981688499450684e-01
1.496979892253875732e-01
6.261505931615829468e-02
1.830225735902786255e-01
2.547155022621154785e-01
7.068832963705062866e-02
-8.076227270066738129e-03
-1.843338012695312500e-01
1.517612487077713013e-02
8.111543208360671997e-02
3.207809105515480042e-02
-5.246203765273094177e-02
-4.245019052177667618e-03
5.397980287671089172e-02
-1.472716871649026871e-02
6.622332334518432617e-02
7.229375839233398438e-02
1.350448429584503174e-01
1.756134182214736938e-01
-2.016157805919647217e-01
-2.248558104038238525e-01
5.498160421848297119e-02
1.796559616923332214e-02
-2.784060128033161163e-02
6.514642387628555298e-02
-3.951972757931798697e-04
-1.944199204444885254e-02
-1.490949094295501709e-02
5.317936092615127563e-02
1.049715280532836914e-01
-1.771221496164798737e-02
5.888500064611434937e-02
-1.229080110788345337e-01
1.847858168184757233e-02
2.046476677060127258e-02
5.158049613237380981e-02
-5.940339528024196625e-03
-4.460450261831283569e-03
9.374319016933441162e-02
-7.808060618117451668e-04
6.824405491352081299e-02
1.158979814499616623e-02
2.649892121553421021e-02
8.674613200128078461e-03
-1.437752246856689453e-01
5.496158450841903687e-02
3.510901331901550293e-02
7.888332009315490723e-02
1.248857602477073669e-01
8.139324188232421875e-02
1.483556032180786133e-01
1.529306173324584961e-01
4.664955660700798035e-02
1.147925183176994324e-01
1.170222163200378418e-01
1.413533687591552734e-01
-6.882641464471817017e-02
1.088325399905443192e-02
1.046919152140617371e-01
1.115421429276466370e-01
7.814066857099533081e-02
-3.157393932342529297e-01
1.123838871717453003e-01
1.212928909808397293e-02
-6.782115995883941650e-02
-8.233610540628433228e-02
-3.210506737232208252e-01
-4.285959061235189438e-03
-1.962299458682537079e-03
4.576018825173377991e-02
-1.263299733400344849e-01
-2.303875237703323364e-01
-1.801008731126785278e-01
-2.484693676233291626e-01
1.743944734334945679e-01
7.179149240255355835e-02
1.074308995157480240e-02
-3.581763803958892822e-02
3.526888415217399597e-02
6.218024343252182007e-02
-7.467620819807052612e-02
1.019012033939361572e-01
-7.327551394701004028e-02
1.645727306604385376e-01
1.185140572488307953e-02
-7.804259657859802246e-02
3.328381478786468506e-02
-1.706762798130512238e-02
8.305007219314575195e-02
4.360706731677055359e-02
1.511518061161041260e-01
5.017103161662817001e-03
-1.007700618356466293e-02
-5.675687268376350403e-02
-2.194913029670715332e-01
-4.262912869453430176e-01
-4.670434296131134033e-01
-4.598812162876129150e-01
-3.723082840442657471e-01
-9.751545637845993042e-02
9.283975511789321899e-02
2.555658817291259766e-01
5.406270176172256470e-02
-1.285278797149658203e-01
-6.992750614881515503e-02
1.118055284023284912e-01
1.043379530310630798e-01
3.289939835667610168e-02
9.735319763422012329e-02
-3.334338963031768799e-02
-6.725323945283889771e-02
-3.026544749736785889e-01
-2.423635572195053101e-01
-1.499429345130920410e-01
-7.004064321517944336e-02
2.293047495186328888e-02
1.052362248301506042e-01
-2.364318817853927612e-02
-4.194995388388633728e-02
1.206929236650466919e-02
-1.148670539259910583e-01
-2.434275671839714050e-02
1.494450867176055908e-01
2.694729715585708618e-02
-1.449246853590011597e-01
-4.156412556767463684e-02
-2.589477300643920898e-01
-1.819211803376674652e-02
1.783555895090103149e-01
5.990205332636833191e-02
2.183504169806838036e-03
6.492787599563598633e-02
1.272973697632551193e-02
-1.200897023081779480e-01
-1.802629083395004272e-01
-7.971054315567016602e-02
1.703900098800659180e-01
1.130129396915435791e-01
1.012256368994712830e-01
-9.153949469327926636e-02
7.850455492734909058e-02
2.376474440097808838e-01
1.593700647354125977e-01
2.267514169216156006e-01
-2.093156427145004272e-01
-1.441023200750350952e-01
1.244924739003181458e-01
1.451867669820785522e-01
-2.837499603629112244e-02
-1.362721920013427734e-01
-2.681753933429718018e-01
-1.214570738375186920e-02
-1.449101716279983521e-01
-2.666873931884765625e-01
-2.951410114765167236e-01
-2.957668602466583252e-01
-2.354734241962432861e-01
-3.764395043253898621e-02
-2.076577097177505493e-01
-4.936401173472404480e-02
-6.020037457346916199e-02
-1.030432060360908508e-01
-1.614632904529571533e-01
-1.418375521898269653e-01
1.902570761740207672e-02
4.935452342033386230e-02
5.435149744153022766e-02
5.227335542440414429e-02
-8.094679564237594604e-02
-1.214676350355148315e-02
4.483999311923980713e-02
1.730885356664657593e-02
4.476439207792282104e-02
-4.992364440113306046e-03
-1.914926320314407349e-01
1.405284106731414795e-01
1.018861457705497742e-01
3.058351874351501465e-01
8.131052553653717041e-02
1.743680983781814575e-01
1.630753427743911743e-01
7.042780518531799316e-02
1.814680173993110657e-02
-7.156501710414886475e-02
5.605348572134971619e-02
5.582190118730068207e-03
-1.591666191816329956e-01
-1.940198689699172974e-01
1.149301156401634216e-01
-7.788962125778198242e-02
-3.060300052165985107e-01
-2.744454741477966309e-01
-5.671556666493415833e-02
-2.074993215501308441e-02
-9.670262038707733154e-02
-1.578086018562316895e-01
-3.700278326869010925e-02
-1.573402807116508484e-02
7.708608359098434448e-02
-2.060394585132598877e-01
-4.816604033112525940e-02
-2.036775201559066772e-01
-2.272818982601165771e-01
-1.380248516798019409e-01
-6.264929473400115967e-02
-7.080479711294174194e-02
-2.860471606254577637e-01
-9.617415070533752441e-02
1.229603029787540436e-02
5.814247578382492065e-02
1.842105388641357422e-02
-2.601493597030639648e-01
-1.036463677883148193e-01
-1.112146973609924316e-01
-2.662469446659088135e-02
-4.430015385150909424e-02
-1.906623840332031250e-01
-5.665254220366477966e-02
-5.648777633905410767e-02
-3.653301671147346497e-02
-6.948759779334068298e-03
-1.280366331338882446e-01
-3.071043826639652252e-02
-4.578382521867752075e-02
-8.114600926637649536e-02
-1.121020540595054626e-01
-1.878352016210556030e-01
1.125770807266235352e-01
-8.524552732706069946e-02
-4.320534691214561462e-02
-4.373257607221603394e-02
-8.164275437593460083e-02
1.079021394252777100e-02
1.418193615972995758e-02
2.191262505948543549e-02
-4.130094125866889954e-02
-7.477688137441873550e-03
-9.708414226770401001e-02
-9.323772788047790527e-02
1.307760328054428101e-01
5.866799876093864441e-02
-1.014509722590446472e-01
3.698186576366424561e-02
1.168204843997955322e-01
-1.114138513803482056e-01
9.814995527267456055e-02
2.740781381726264954e-02
-6.474988162517547607e-02
8.679676800966262817e-02
1.365335434675216675e-01
3.462394177913665771e-01
3.497716411948204041e-02
-6.695494055747985840e-02
3.444508463144302368e-02
1.466989219188690186e-01
-1.348364818841218948e-02
-1.084149554371833801e-01
-1.572334319353103638e-01
1.205693259835243225e-01
4.677817970514297485e-02
5.592459067702293396e-02
-1.079412363469600677e-02
5.435882881283760071e-02
4.786876961588859558e-02
6.228701397776603699e-02
-1.986309140920639038e-02
-1.829964369535446167e-01
-1.244265213608741760e-01
5.400772765278816223e-02
-2.631257772445678711e-01
-2.766000032424926758e-01
-3.903071284294128418e-01
-6.160158514976501465e-01
-4.615106880664825439e-01
1.934734918177127838e-02
-3.464188426733016968e-02
-5.814329907298088074e-02
-1.512849777936935425e-01
-3.868286684155464172e-02
-1.688503846526145935e-02
-1.108913719654083252e-01
-1.435643881559371948e-01
-1.686200499534606934e-02
2.321660332381725311e-02
-2.125524915754795074e-02
-1.470422279089689255e-02
1.808400452136993408e-01
-3.534409403800964355e-02
3.968913853168487549e-02
1.553762108087539673e-01
3.226302564144134521e-02
8.853527158498764038e-02
7.282976806163787842e-02
1.030403897166252136e-01
-2.649043314158916473e-02
1.448753923177719116e-01
2.015464007854461670e-01
1.116829290986061096e-01
6.176344677805900574e-02
-3.193962275981903076e-01
-1.527893245220184326e-01
-2.297099977731704712e-01
-9.602849185466766357e-02
-2.544568181037902832e-01
-3.108109533786773682e-02
-7.530549168586730957e-02
-1.933604665100574493e-02
8.004400879144668579e-03
-1.555300503969192505e-01
1.302944310009479523e-02
1.274046581238508224e-02
-1.921690069139003754e-02
1.776224933564662933e-02
-6.263989210128784180e-02
1.439547836780548096e-01
1.491798609495162964e-01
7.445512712001800537e-02
6.834565103054046631e-02
-2.884617261588573456e-02
1.831572651863098145e-01
1.093103438615798950e-01
1.545786559581756592e-01
8.472877740859985352e-02
4.920381307601928711e-02
-2.908286750316619873e-01
-2.154513746500015259e-01
-8.606154471635818481e-02
-6.872291862964630127e-02
-1.469247490167617798e-01
-2.482992559671401978e-01
-1.266474574804306030e-01
-1.181475669145584106e-01
-3.597317263484001160e-02
-4.960955679416656494e-02
-2.150143869221210480e-02
-1.506674289703369141e-01
-1.842980980873107910e-01
-1.302374005317687988e-01
-2.434566915035247803e-01
-7.543536275625228882e-02
8.242204785346984863e-02
4.801615700125694275e-02
-5.792557727545499802e-03
-1.132279187440872192e-01
-1.959575340151786804e-03
5.137730017304420471e-02
-9.436729364097118378e-03
1.036411747336387634e-01
-2.213662862777709961e-02
-7.938303798437118530e-02
-2.592108845710754395e-01
-1.575464010238647461e-02
-1.489865779876708984e-01
-2.136389315128326416e-01
-2.080263495445251465e-01
-1.371285319328308105e-01
-9.444742649793624878e-02
-1.650502979755401611e-01
-1.957605332136154175e-01
-5.270965024828910828e-02
1.091481745243072510e-02
-7.023370265960693359e-02
-9.052490442991256714e-02
-1.025180369615554810e-01
1.410304754972457886e-02
9.004225581884384155e-02
-2.749647572636604309e-02
5.073799286037683487e-03
6.923873722553253174e-02
4.372596368193626404e-02
1.414850950241088867e-01
9.495998919010162354e-02
4.860735312104225159e-02
7.722645998001098633e-02
1.879196166992187500e-01
1.307041198015213013e-01
2.480562590062618256e-02
5.485124140977859497e-02
2.937256917357444763e-02
4.233371838927268982e-02
-1.144698783755302429e-01
-2.367293387651443481e-01
-1.603481825441122055e-03
5.184039473533630371e-02
-1.358400285243988037e-02
-1.606095582246780396e-01
-2.029564976692199707e-01
4.711564630270004272e-02
4.661858454346656799e-02
1.431727036833763123e-02
-9.367261081933975220e-02
-6.565772294998168945e-01
-2.931269407272338867e-01
-1.287170797586441040e-01
5.606793984770774841e-02
8.188978768885135651e-03
-2.090923488140106201e-01
-2.583473026752471924e-01
-3.252356052398681641e-01
1.498920917510986328e-01
-4.824159294366836548e-02
8.545894175767898560e-03
-3.294348344206809998e-02
-2.627786248922348022e-02
2.172409929335117340e-02
-1.442595124244689941e-01
-1.009015273302793503e-02
-1.999687701463699341e-01
-6.861031800508499146e-02
5.052794888615608215e-02
2.592031657695770264e-01
6.823037564754486084e-02
2.436132542788982391e-02
8.936703950166702271e-02
-4.945096746087074280e-02
2.897432073950767517e-02
-1.694937609136104584e-02
-1.059991791844367981e-01
-8.192029595375061035e-02
-1.095973420888185501e-02
-2.075365930795669556e-02
1.562069654464721680e-01
-3.949994593858718872e-02
-5.258976668119430542e-02
-3.446564823389053345e-02
-3.353962674736976624e-03
4.059403017163276672e-02
-1.257699579000473022e-01
-2.666052058339118958e-02
7.294201105833053589e-02
5.915459245443344116e-02
-2.953663766384124756e-01
-2.630605995655059814e-01
-1.681944280862808228e-01
1.062438711524009705e-01
-1.343449391424655914e-02
-2.050642818212509155e-01
-3.609626591205596924e-01
-1.108598634600639343e-01
8.159341663122177124e-02
1.217337995767593384e-01
-2.313746064901351929e-01
-3.368566334247589111e-01
-2.689250409603118896e-01
1.346916258335113525e-01
-8.329539746046066284e-02
-1.588517427444458008e-02
-4.917501285672187805e-02
-2.753575742244720459e-01
1.977737843990325928e-01
8.194570243358612061e-02
-1.565210074186325073e-01
-1.783049553632736206e-01
9.232562035322189331e-02
4.006869345903396606e-02
-2.954836376011371613e-02
-2.483637928962707520e-01
-1.315658539533615112e-01
4.324408248066902161e-02
1.334978640079498291e-01
-8.962777256965637207e-02
-1.668004393577575684e-01
7.970121502876281738e-02
4.959141463041305542e-02
2.337214201688766479e-01
1.324831694364547729e-01
-1.073214933276176453e-01
-6.841656565666198730e-02
-3.338264673948287964e-02
4.022055864334106445e-01
2.049856036901473999e-01
-3.131013214588165283e-01
-3.463874757289886475e-02
-2.952308356761932373e-01
1.136006508022546768e-02
-1.347588896751403809e-01
-7.863414287567138672e-02
-1.074499711394309998e-01
5.059888213872909546e-02
1.420260518789291382e-01
1.048815846443176270e-01
9.211359173059463501e-02
3.638813272118568420e-02
9.208191931247711182e-02
4.999992623925209045e-02
-6.407079845666885376e-02
2.647289447486400604e-02
-3.392615169286727905e-02
-9.700111113488674164e-03
-2.238363772630691528e-02
4.748699441552162170e-02
-1.821338571608066559e-02
5.089930444955825806e-02
8.055786788463592529e-02
1.007403582334518433e-01
7.166661322116851807e-02
3.401742503046989441e-02
1.346659958362579346e-01
1.816717684268951416e-01
1.283153742551803589e-01
2.231008857488632202e-01
1.619650274515151978e-01
-1.014657691121101379e-02
-2.145026251673698425e-02
1.387728303670883179e-01
8.784025907516479492e-02
1.825343631207942963e-02
-3.455025702714920044e-02
3.188676014542579651e-02
-1.065141111612319946e-01
-2.854588925838470459e-01
-4.043461680412292480e-01
-3.331238627433776855e-01
-8.535324782133102417e-02
-6.769803166389465332e-02
-1.231269165873527527e-02
-7.100944221019744873e-02
6.750491447746753693e-03
1.820194274187088013e-01
-9.794089198112487793e-02
-3.625741004943847656e-01
-2.840295433998107910e-01
-7.061854749917984009e-02
-6.468584388494491577e-02
5.551932379603385925e-02
-9.637674689292907715e-02
8.305867016315460205e-02
6.966859102249145508e-03
6.854052096605300903e-02
-6.166482344269752502e-02
1.935688555240631104e-01
-1.322713792324066162e-01
-1.330987513065338135e-01
4.223573952913284302e-02
-9.659688174724578857e-02
5.076628178358078003e-02
1.127986889332532883e-02
3.685062751173973083e-02
-1.233778148889541626e-01
-1.184883862733840942e-01
-9.938802570104598999e-03
-3.549800068140029907e-02
-1.308733522891998291e-01
-2.015081495046615601e-01
-2.994037568569183350e-01
-2.073149532079696655e-01
2.906808629631996155e-02
1.266259700059890747e-01
1.395532041788101196e-01
1.470111161470413208e-01
1.240488216280937195e-01
3.675607964396476746e-02
7.824433594942092896e-02
1.310494542121887207e-01
-3.949833661317825317e-02
1.249942705035209656e-01
8.038464188575744629e-02
-1.283401530236005783e-02
3.481985628604888916e-02
-2.292075194418430328e-02
-1.004726067185401917e-01
-1.411368995904922485e-01
-1.283296495676040649e-01
-1.832762509584426880e-01
-1.103419810533523560e-01
-5.502090230584144592e-02
-5.681581497192382812e-01
-3.404548764228820801e-02
8.090221136808395386e-02
-2.950297854840755463e-02
-9.783327579498291016e-02
-6.849434226751327515e-02
-3.572081625461578369e-01
-2.675296925008296967e-02
7.625685632228851318e-02
-3.036917373538017273e-02
9.550829231739044189e-02
2.686466574668884277e-01
-1.109280511736869812e-01
4.090828448534011841e-02
-3.743825107812881470e-02
6.767639517784118652e-02
-1.374986115843057632e-02
-1.086309924721717834e-01
-1.597597450017929077e-01
-7.642386853694915771e-02
-1.539408117532730103e-01
-4.809001982212066650e-01
-2.984558939933776855e-01
3.579760342836380005e-02
-7.420852780342102051e-02
-1.064155176281929016e-01
-2.689459025859832764e-01
-1.649182289838790894e-01
9.851861745119094849e-02
7.196731399744749069e-03
-3.646394610404968262e-02
-5.571425706148147583e-02
-4.252417385578155518e-01
1.599518954753875732e-01
1.855460554361343384e-01
-9.685110300779342651e-02
-1.828218400478363037e-01
-1.222623288631439209e-01
1.396173238754272461e-01
1.751278191804885864e-01
-6.059591472148895264e-02
-1.327474415302276611e-01
-4.565932974219322205e-02
1.648998111486434937e-01
1.705392003059387207e-01
-1.923098862171173096e-01
-1.224891394376754761e-01
-9.982743114233016968e-02
2.471211999654769897e-01
1.362938433885574341e-01
5.843089427798986435e-03
1.666082143783569336e-01
7.045872509479522705e-02
2.203075438737869263e-01
2.392855584621429443e-01
-9.815203398466110229e-02
9.082445502281188965e-02
-1.866551861166954041e-02
-3.774283528327941895e-01
-1.790933310985565186e-01
-1.261317431926727295e-01
8.142898976802825928e-02
8.100821077823638916e-02
-5.822722241282463074e-02
-1.080153807997703552e-01
-1.512517482042312622e-01
3.716377913951873779e-02
3.173008933663368225e-02
1.554733961820602417e-01
1.155135184526443481e-01
-9.841185063123703003e-02
-3.363485932350158691e-01
2.995468117296695709e-02
1.440379768610000610e-01
3.272284865379333496e-01
4.719384014606475830e-02
-1.288778930902481079e-01
-2.317090779542922974e-01
1.109057068824768066e-01
2.547468543052673340e-01
6.040928885340690613e-02
4.299784079194068909e-02
-2.641304433345794678e-01
2.740667760372161865e-01
-1.394899189472198486e-01
-1.655220240354537964e-01
-9.980232268571853638e-02
-2.381816506385803223e-01
2.002472132444381714e-01
2.363650500774383545e-02
8.452181518077850342e-02
3.332893177866935730e-02
-3.864340111613273621e-02
1.250229030847549438e-01
-1.018582936376333237e-02
3.180349245667457581e-02
8.296562731266021729e-02
3.167627379298210144e-02
1.160656008869409561e-02
-8.073315769433975220e-02
-6.193791702389717102e-02
6.918526440858840942e-02
7.469458132982254028e-02
4.280911386013031006e-02
1.484365761280059814e-01
5.302504077553749084e-02
2.830329164862632751e-02
6.979002058506011963e-02
-3.653928264975547791e-02
1.787942089140415192e-02
-7.533019874244928360e-03
-3.249470889568328857e-02
-1.488079875707626343e-01
-9.872911125421524048e-02
-1.349698603153228760e-01
-3.117498755455017090e-01
-1.327594518661499023e-01
-1.775510013103485107e-01
2.143161743879318237e-01
1.384971737861633301e-01
-3.155199587345123291e-01
-2.075737863779067993e-01
-2.702817134559154510e-02
1.780990213155746460e-01
9.490423649549484253e-02
-5.390396690927445889e-04
-4.282018244266510010e-01
-2.475344389677047729e-02
1.236389875411987305e-01
2.582593262195587158e-01
1.587170809507369995e-01
-1.909724920988082886e-01
-1.720663011074066162e-01
-1.431883871555328369e-01
-8.266030810773372650e-03
3.470883471891283989e-03
3.804130107164382935e-02
-7.432157546281814575e-02
-2.201843410730361938e-01
-1.827306300401687622e-01
-6.919129937887191772e-02
-7.601203024387359619e-02
-1.511101126670837402e-01
-5.008209869265556335e-02
6.662037223577499390e-02
-8.339779824018478394e-02
-2.915446758270263672e-01
-2.189179509878158569e-01
6.735253334045410156e-02
2.565301395952701569e-02
5.704953148961067200e-02
-3.114382922649383545e-01
-2.778074443340301514e-01
1.350465565919876099e-01
1.381405740976333618e-01
1.081356555223464966e-01
-7.485528290271759033e-02
-2.445524036884307861e-01
1.805431842803955078e-01
1.857977919280529022e-02
1.738990284502506256e-02
4.108138009905815125e-02
-6.907611619681119919e-03
7.093692570924758911e-02
1.182832196354866028e-01
7.409043610095977783e-02
-8.979982882738113403e-02
-2.891393937170505524e-02
6.878960132598876953e-02
5.917445942759513855e-02
-5.365799739956855774e-02
1.359721459448337555e-02
-6.521388143301010132e-02
6.941159069538116455e-02
1.462668925523757935e-01
-3.920846059918403625e-02
2.614813148975372314e-01
1.932929456233978271e-01
1.547390781342983246e-02
-6.026068329811096191e-02
-1.852120459079742432e-01
-1.672943234443664551e-01
8.433580398559570312e-02
-1.542683225125074387e-02
1.714616268873214722e-01
1.291645914316177368e-01
5.934816226363182068e-02
6.850370019674301147e-02
-1.018971577286720276e-01
8.650258928537368774e-02
6.384607870131731033e-03
-2.067790739238262177e-02
-5.613081902265548706e-02
-1.257498711347579956e-01
1.200073957443237305e-02
-6.111771613359451294e-02
-1.342431604862213135e-01
-1.228862404823303223e-01
-5.116154998540878296e-02
-8.381194621324539185e-02
-3.311067521572113037e-01
-2.265718728303909302e-01
-2.894126065075397491e-02
1.490981038659811020e-02
1.569977961480617523e-02
-1.168291717767715454e-01
-4.037975370883941650e-01
-7.284682244062423706e-02
3.064840473234653473e-02
1.609990149736404419e-01
1.212332397699356079e-01
-2.116849571466445923e-01
-6.080622225999832153e-02
1.144180912524461746e-02
1.162792369723320007e-01
-3.646948188543319702e-02
-1.909940391778945923e-01
7.107986509799957275e-02
-2.693606168031692505e-02
8.150468021631240845e-02
2.671189140528440475e-04
-1.198497712612152100e-01
-4.758946970105171204e-02
6.133938953280448914e-02
5.491783097386360168e-02
1.000710576772689819e-01
8.023828268051147461e-02
1.313926372677087784e-02
-6.763977557420730591e-02
1.027104482054710388e-01
3.655200451612472534e-02
9.111852943897247314e-02
1.509546190500259399e-01
1.164918765425682068e-01
1.045469418168067932e-01
-1.452827751636505127e-01
-5.924383923411369324e-02
4.359627515077590942e-02
9.963476099073886871e-03
4.960373416543006897e-02
-1.021659895777702332e-01
-6.338885519653558731e-03
3.252159059047698975e-02
1.568423360586166382e-01
5.640691146254539490e-02
-8.713337779045104980e-02
-9.126939112320542336e-04
-8.447788655757904053e-02
4.225441813468933105e-02
4.496515169739723206e-02
3.112712688744068146e-02
6.953657418489456177e-02
8.152110502123832703e-03
9.306433610618114471e-03
1.227112114429473877e-01
3.549160808324813843e-02
-2.111277077347040176e-03
1.120315343141555786e-01
-2.362769246101379395e-01
2.353403531014919281e-02
7.206112146377563477e-02
2.494485862553119659e-02
-1.596923172473907471e-01
-8.412283658981323242e-02
-5.019587278366088867e-02
-3.482213243842124939e-02
-9.601528942584991455e-02
-1.623993813991546631e-01
-1.293270587921142578e-01
4.151609260588884354e-03
-7.930319011211395264e-02
-1.478092372417449951e-01
-2.193410396575927734e-01
-3.277850523591041565e-02
-5.715302750468254089e-02
-4.660446196794509888e-03
-3.225180879235267639e-02
-1.031398847699165344e-01
-5.467629805207252502e-02
-1.454743891954421997e-01
3.198684379458427429e-02
6.005623564124107361e-02
5.320078134536743164e-02
1.570095419883728027e-01
2.430972605943679810e-01
3.131021857261657715e-01
-1.085524931550025940e-01
4.348319023847579956e-02
8.765548467636108398e-02
1.171810925006866455e-01
5.482248216867446899e-02
-8.728562295436859131e-02
1.083795800805091858e-01
2.258307337760925293e-01
1.479503512382507324e-01
-1.019001528620719910e-01
-7.315644621849060059e-02
-3.241322934627532959e-02
8.898916840553283691e-02
2.154079675674438477e-01
1.573745012283325195e-01
-6.069574505090713501e-02
5.113776773214340210e-03
-4.661278799176216125e-02
1.722914576530456543e-01
1.533858776092529297e-01
5.408981814980506897e-03
7.886904478073120117e-02
1.708054095506668091e-01
1.810462176799774170e-01
1.096808463335037231e-01
1.676080673933029175e-01
6.853635609149932861e-02
9.515506029129028320e-02
7.626893371343612671e-02
7.240710407495498657e-02
2.324743010103702545e-02
1.432529930025339127e-02
-1.282717566937208176e-02
5.970740318298339844e-02
-1.714277453720569611e-02
1.774240098893642426e-02
-1.646610908210277557e-02
7.496133446693420410e-02
1.464286912232637405e-02
-5.382692441344261169e-02
-7.228742539882659912e-02
-5.921624973416328430e-02
1.383423060178756714e-01
2.130802422761917114e-01
3.090549632906913757e-02
2.475055679678916931e-02
-3.687792643904685974e-02
1.815100759267807007e-01
1.473141312599182129e-01
1.666473448276519775e-01
-6.770326197147369385e-02
-2.189002186059951782e-01
-2.837756415829062462e-03
-3.416804224252700806e-02
-1.713708788156509399e-02
-1.729789078235626221e-01
-1.697381883859634399e-01
1.739779673516750336e-02
-8.796282112598419189e-03
-9.956316649913787842e-02
-3.968862891197204590e-01
-2.497729510068893433e-01
-3.717213496565818787e-02
-4.079996049404144287e-02
-1.335151493549346924e-01
-2.500353753566741943e-01
-2.207537442445755005e-01
-7.869718968868255615e-02
-9.408024698495864868e-02
-1.669018268585205078e-01
-1.166379675269126892e-01
-5.480688437819480896e-02
-1.015670076012611389e-01
-4.946810752153396606e-02
-2.050308436155319214e-01
-3.972530663013458252e-01
-2.255303710699081421e-01
4.731078073382377625e-02
7.507459074258804321e-02
-1.598738133907318115e-01
-9.282570099458098412e-04
-1.434831321239471436e-01
-2.418775409460067749e-01
-5.865432322025299072e-02
-8.965320140123367310e-02
-2.231167852878570557e-01
-2.414319962263107300e-01
-9.571858495473861694e-02
6.713580340147018433e-02
-1.607866026461124420e-02
-1.007177606225013733e-01
-1.095812246203422546e-01
-9.015066316351294518e-04
5.927325412631034851e-02
-3.419717028737068176e-02
-2.587210536003112793e-01
-1.518901735544204712e-01
3.605653718113899231e-02
6.955467164516448975e-02
1.580099463462829590e-01
-1.082448475062847137e-02
-1.498438864946365356e-01
6.428800523281097412e-02
1.519417315721511841e-01
2.479404769837856293e-02
-5.791661888360977173e-02
-1.458726376295089722e-01
-1.456255614757537842e-01
3.433338180184364319e-02
1.387854963541030884e-01
-2.753271460533142090e-01
-3.793852925300598145e-01
-1.982784830033779144e-02
3.846015781164169312e-02
-6.922747194766998291e-02
-2.502495646476745605e-01
-2.022543698549270630e-01
3.392530977725982666e-02
7.577168289572000504e-03
-6.582079827785491943e-02
-1.322105824947357178e-01
-1.705811768770217896e-01
-1.124328449368476868e-01
7.917290925979614258e-02
2.229306399822235107e-01
8.529698103666305542e-02
8.337321132421493530e-02
-4.912964254617691040e-02
6.187471374869346619e-02
9.504844993352890015e-02
-2.033842168748378754e-02
-1.646511852741241455e-01
4.017386585474014282e-02
3.771203756332397461e-02
2.851698081940412521e-03
-5.126842111349105835e-02
-1.760964393615722656e-01
-8.872222900390625000e-02
-9.044494479894638062e-02
-1.464760750532150269e-01
-1.489782799035310745e-02
-1.056148409843444824e-01
-3.199693560600280762e-01
-1.913108974695205688e-01
-1.950158178806304932e-01
-6.642191857099533081e-02
-4.558326676487922668e-02
1.277151703834533691e-01
1.610870361328125000e-01
1.961355805397033691e-01
-3.629307076334953308e-02
-3.021403551101684570e-01
6.672934442758560181e-02
1.407216787338256836e-01
7.832121849060058594e-02
-5.042209755629301071e-03
-1.303294301033020020e-01
1.060763671994209290e-01
8.089683949947357178e-02
1.031098607927560806e-02
-1.668455451726913452e-01
-1.084118932485580444e-01
1.046849489212036133e-01
4.054288938641548157e-02
-3.489860799163579941e-03
-7.022568583488464355e-02
-1.026747673749923706e-01
-5.492526106536388397e-03
8.462634682655334473e-02
-1.861868239939212799e-02
9.436105191707611084e-02
7.412808388471603394e-02
-1.041582748293876648e-01
-3.334477543830871582e-01
-1.242483258247375488e-01
-4.763273522257804871e-02
1.385594010353088379e-01
-9.924669563770294189e-02
-7.471310347318649292e-02
4.772832617163658142e-02
1.871566474437713623e-02
-4.581783339381217957e-02
1.357882632873952389e-03
8.189623802900314331e-02
-6.570272613316774368e-03
-4.120617359876632690e-02
-1.008086055517196655e-01
4.638581350445747375e-02
9.075494110584259033e-02
1.159590706229209900e-01
6.420158594846725464e-02
-5.552010145038366318e-03
-5.175943300127983093e-02
8.559580892324447632e-02
-5.617486312985420227e-02
2.914248593151569366e-02
2.880746871232986450e-02
2.651506364345550537e-01
1.198521405458450317e-01
-2.394957840442657471e-02
4.568855836987495422e-02
1.063287481665611267e-01
2.060434520244598389e-01
-5.799629539251327515e-02
-5.981987714767456055e-02
2.482831105589866638e-02
3.235248476266860962e-02
2.686422318220138550e-02
-8.266431093215942383e-02
-8.879387378692626953e-02
-1.496340893208980560e-02
-3.873139992356300354e-02
7.899624109268188477e-02
-1.463378965854644775e-01
-1.992447115480899811e-02
-5.110438168048858643e-02
-6.747649610042572021e-02
1.212407425045967102e-01
1.109258830547332764e-01
4.148369282484054565e-02
1.314652413129806519e-01
3.320826962590217590e-02
-2.745102047920227051e-01
-2.158438861370086670e-01
-3.758612275123596191e-01
-1.208879575133323669e-01
-1.290426254272460938e-01
-1.855337470769882202e-01
-4.417474567890167236e-02
-1.385422646999359131e-01
-2.733657658100128174e-01
-1.546363979578018188e-01
2.654487034305930138e-03
-8.483553677797317505e-02
-5.345879122614860535e-02
-2.124895155429840088e-01
-2.466943413019180298e-01
-3.494647517800331116e-02
-9.393075108528137207e-02
-8.534824103116989136e-02
-3.105984255671501160e-02
3.645436465740203857e-02
1.275954097509384155e-01
6.993196904659271240e-02
-5.077075958251953125e-02
3.766350448131561279e-02
9.812058508396148682e-02
-8.271291851997375488e-02
-1.695834994316101074e-01
-1.961102150380611420e-02
-2.525421231985092163e-02
3.551328554749488831e-02
-2.082358300685882568e-01
-2.060927897691726685e-01
-8.641917258501052856e-02
-1.373444646596908569e-01
-9.479977190494537354e-02
-9.806513786315917969e-02
-1.518977135419845581e-01
-2.028076536953449249e-02
-1.413694173097610474e-01
-1.664302647113800049e-01
-3.759146854281425476e-02
-7.363952696323394775e-02
4.953944310545921326e-02
-1.802923902869224548e-02
-6.594181805849075317e-02
-1.413758099079132080e-02
9.260220080614089966e-02
1.021639332175254822e-01
5.402003601193428040e-02
2.765088900923728943e-02
1.002417951822280884e-01
8.893030136823654175e-02
1.525361984968185425e-01
6.099580228328704834e-02
-1.173857674002647400e-01
-2.733296947553753853e-03
1.048794910311698914e-01
3.787516057491302490e-02
-1.200127601623535156e-02
-1.694756448268890381e-01
-2.321892976760864258e-02
7.465200871229171753e-02
1.341908872127532959e-01
-2.191483415663242340e-02
-2.032283246517181396e-01
-1.246315687894821167e-01
-9.504517540335655212e-03
-4.857454076409339905e-02
-1.562260389328002930e-01
-1.539771109819412231e-01
-3.571000183001160622e-03
5.824831128120422363e-02
-6.611251831054687500e-02
-5.735013633966445923e-02
-1.226179525256156921e-01
6.456481665372848511e-02
1.107284948229789734e-01
9.866245836019515991e-02
2.355126887559890747e-01
1.215061396360397339e-01
-1.260403990745544434e-01
8.864346891641616821e-02
-1.673091202974319458e-02
4.525289312005043030e-02
-2.885062433779239655e-02
-2.252368181943893433e-01
3.449981799349188805e-03
-3.928151726722717285e-02
-1.034127995371818542e-01
-1.427198350429534912e-01
-4.171602055430412292e-02
-1.165249347686767578e-01
-6.651885807514190674e-02
-1.812436282634735107e-01
-7.943526655435562134e-02
-2.963892742991447449e-02
4.114075750112533569e-02
-6.402274221181869507e-02
-6.891795992851257324e-02
-8.313040435314178467e-02
1.475150790065526962e-02
3.208184614777565002e-02
7.558126002550125122e-02
9.656083770096302032e-03
-8.818865753710269928e-03
-3.307923302054405212e-02
-3.479000180959701538e-02
5.944580584764480591e-02
1.260136812925338745e-01
-5.623444169759750366e-02
-4.708052426576614380e-02
9.019437432289123535e-02
6.268394738435745239e-02
-1.316287666559219360e-01
-1.978246271610260010e-01
1.839512884616851807e-01
3.339254483580589294e-02
6.323195248842239380e-02
-3.539046049118041992e-01
-4.238087832927703857e-01
7.405564188957214355e-02
-1.105175167322158813e-01
-2.742628380656242371e-02
-1.987327039241790771e-01
-1.183632090687751770e-01
1.959602087736129761e-01
1.028067525476217270e-02
-9.651346504688262939e-02
-1.637507081031799316e-01
-1.600726395845413208e-01
-4.223418608307838440e-02
-1.240620538592338562e-01
-1.028193160891532898e-01
-1.398289501667022705e-01
-2.310592979192733765e-01
-2.696871943771839142e-02
8.431620150804519653e-02
-1.258116401731967926e-02
-1.250116676092147827e-01
-2.863663993775844574e-02
3.706825664266943932e-03
2.557491324841976166e-02
-4.636520985513925552e-03
-4.251308366656303406e-02
8.965519955381751060e-04
1.762804239988327026e-01
7.381720840930938721e-02
-1.223903149366378784e-02
6.103603914380073547e-02
-2.179168723523616791e-02
7.651658356189727783e-02
-1.194444000720977783e-01
-4.384393990039825439e-02
-2.858687192201614380e-02
3.195251896977424622e-02
-7.501871138811111450e-02
-1.613584458827972412e-01
6.400969624519348145e-02
-1.074408181011676788e-02
2.609534375369548798e-02
-2.196087539196014404e-01
3.046053461730480194e-02
4.208803176879882812e-02
-3.014951711520552635e-03
-1.338722258806228638e-01
1.185784041881561279e-01
-1.568343676626682281e-02
-3.975208476185798645e-02
-1.102870032191276550e-01
-1.778130084276199341e-01
1.473060697317123413e-01
1.355447620153427124e-01
-1.275239586830139160e-01
-6.981523334980010986e-02
1.282946765422821045e-01
-1.079336777329444885e-01
1.265940964221954346e-01
4.878821969032287598e-02
1.456545293331146240e-01
1.995517127215862274e-02
3.211348876357078552e-02
1.650801002979278564e-01
1.445632278919219971e-01
3.683628514409065247e-02
-1.074793189764022827e-01
8.573901653289794922e-02
5.804425477981567383e-02
1.089198440313339233e-01
-2.542274296283721924e-01
-1.952248066663742065e-01
1.052724346518516541e-01
-2.246893942356109619e-02
-5.320151895284652710e-02
-3.087888062000274658e-01
-1.109157949686050415e-01
-5.092773959040641785e-02
-1.854674965143203735e-01
-1.155258789658546448e-01
-6.190754845738410950e-02
-2.922226488590240479e-02
-6.873463280498981476e-03
1.465540677309036255e-01
6.910801678895950317e-02
-6.501150201074779034e-04
-1.051217392086982727e-01
5.303215980529785156e-02
1.702053695917129517e-01
3.912515938282012939e-02
-5.635555833578109741e-02
-1.420494019985198975e-01
1.069488152861595154e-01
3.210144862532615662e-02
-5.561836436390876770e-02
-1.831444203853607178e-01
-8.975047618150711060e-02
4.270731471478939056e-03
-6.541034579277038574e-02
-3.459647297859191895e-02
-8.854204416275024414e-02
-6.932589411735534668e-02
3.205351997166872025e-03
-1.547712683677673340e-01
-1.920372098684310913e-01
-1.554282903671264648e-01
-2.067246437072753906e-01
1.563231796026229858e-01
1.739484071731567383e-01
4.295402020215988159e-02
3.147912397980690002e-02
8.550526946783065796e-02
1.019461601972579956e-01
-2.476173341274261475e-01
-1.700627058744430542e-01
-6.456160545349121094e-02
3.752865595743060112e-03
-3.942673280835151672e-02
-7.929720729589462280e-02
-6.993273645639419556e-02
3.624548763036727905e-02
2.179021574556827545e-02
-3.210390210151672363e-01
-9.842535108327865601e-02
8.666331321001052856e-02
8.538277447223663330e-02
2.845673076808452606e-02
1.851570606231689453e-01
1.941845715045928955e-01
3.073112107813358307e-02
-6.365910917520523071e-02
-1.870310157537460327e-01
1.994419842958450317e-02
-1.403216719627380371e-01
-3.559667468070983887e-01
-3.804693520069122314e-01
-2.556503415107727051e-01
-4.739957675337791443e-02
-3.803285956382751465e-02
-3.846259713172912598e-01
-3.594892024993896484e-01
-3.409020230174064636e-02
-2.204275578260421753e-01
-1.750730574131011963e-01
-1.093391701579093933e-01
-1.877498477697372437e-01
7.890441268682479858e-02
1.096508055925369263e-01
8.104340732097625732e-02
-1.114237681031227112e-02
-5.964243784546852112e-02
1.466739028692245483e-01
1.013864353299140930e-01
6.820565555244684219e-03
1.679553538560867310e-01
1.405237019062042236e-01
1.927845180034637451e-01
1.396092325448989868e-01
-5.350427702069282532e-02
-2.642352133989334106e-02
-1.500148475170135498e-01
-7.200556248426437378e-02
-1.046841815114021301e-01
-5.768932169303297997e-04
-3.381428122520446777e-02
-2.154209464788436890e-01
-5.473579093813896179e-02
-2.680847048759460449e-01
-1.151909306645393372e-01
5.080869887024164200e-03
8.788461238145828247e-02
1.454665511846542358e-01
-1.755630224943161011e-01
-1.621587574481964111e-01
-1.110053509473800659e-01
2.685801684856414795e-02
1.372938901185989380e-01
-1.392671763896942139e-01
-8.835722506046295166e-02
7.914500683546066284e-02
5.179700627923011780e-02
-6.552467495203018188e-02
1.298187375068664551e-01
6.374800205230712891e-02
-2.800593972206115723e-01
3.782138824462890625e-01
1.878274381160736084e-01
2.573365569114685059e-01
-8.254226297140121460e-02
-7.320933043956756592e-02
1.889648884534835815e-01
-9.729041904211044312e-02
-4.340296611189842224e-02
-3.183345794677734375e-01
6.306856125593185425e-02
-5.952072888612747192e-02
-1.335724741220474243e-01
-4.190234839916229248e-01
-2.154253423213958740e-01
7.965502887964248657e-02
-6.063894554972648621e-02
-2.342137843370437622e-01
-4.011650010943412781e-02
2.285978794097900391e-01
1.079202890396118164e-01
-2.170823365449905396e-01
-3.511810302734375000e-02
-7.522164285182952881e-02
-2.487307600677013397e-02
6.602339446544647217e-02
-7.082857191562652588e-03
-2.479949779808521271e-02
-7.540009915828704834e-02
6.421645730733871460e-02
1.912568882107734680e-02
-4.694116767495870590e-03
-3.169670701026916504e-02
-1.872852444648742676e-01
6.980234757065773010e-03
-1.955397985875606537e-02
8.051703125238418579e-02
3.648454090580344200e-03
-1.514516919851303101e-01
-8.472264558076858521e-02
-2.985191531479358673e-02
9.119009226560592651e-02
8.052674680948257446e-02
-1.714263707399368286e-01
-9.463196247816085815e-02
9.031988680362701416e-02
7.380899786949157715e-02
-2.645464614033699036e-02
6.274598091840744019e-02
3.397465124726295471e-02
-2.148409932851791382e-01
1.028416305780410767e-01
8.129043877124786377e-02
1.973059475421905518e-01
-7.944299280643463135e-02
-1.972785443067550659e-01
1.599520444869995117e-01
2.545947395265102386e-02
9.731271862983703613e-02
-2.247171849012374878e-01
-1.416849792003631592e-01
1.345402002334594727e-01
-1.313813589513301849e-02
-2.331737428903579712e-01
-2.223996371030807495e-01
3.365297988057136536e-02
7.788296788930892944e-02
1.694197952747344971e-02
-4.962708428502082825e-02
-9.126599878072738647e-02
2.023888379335403442e-01
2.575433067977428436e-02
2.331812866032123566e-02
4.676342755556106567e-02
2.604807615280151367e-01
1.627566069364547729e-01
1.519249677658081055e-01
-5.586637184023857117e-02
7.188123464584350586e-02
1.183924004435539246e-01
9.740248322486877441e-02
5.672334693372249603e-03
-1.540932655334472656e-01
3.871370851993560791e-02
6.906512379646301270e-02
-5.097860842943191528e-02
-1.557945162057876587e-01
-1.674527078866958618e-01
4.290381912142038345e-03
-2.481585182249546051e-02
-1.198629438877105713e-01
-2.085066735744476318e-01
-9.820588678121566772e-02
-5.608267709612846375e-02
-1.115756928920745850e-01
-2.535785138607025146e-01
-2.924315631389617920e-01
-3.385856151580810547e-01
-1.251979619264602661e-01
-2.835413217544555664e-01
-4.465055167675018311e-01
-1.125389188528060913e-01
-4.401315376162528992e-02
-2.873156368732452393e-01
-2.776443660259246826e-01
-3.104690015316009521e-01
2.205905038863420486e-03
1.596462726593017578e-02
-6.318034231662750244e-02
-1.070034876465797424e-01
-2.554001100361347198e-02
1.915231049060821533e-01
1.171186938881874084e-01
2.063002996146678925e-02
-3.718453273177146912e-02
-6.797029078006744385e-02
1.122195124626159668e-01
5.373043939471244812e-02
1.383745074272155762e-01
2.932192943990230560e-02
-7.715889066457748413e-02
8.985385298728942871e-02
5.490914732217788696e-02
3.420765697956085205e-02
-2.742943167686462402e-02
-8.145693689584732056e-02
2.811567299067974091e-02
5.542026460170745850e-02
9.870975464582443237e-02
-1.138312444090843201e-01
-1.890003383159637451e-01
1.161543931812047958e-02
-2.839202247560024261e-02
-8.095495402812957764e-02
-2.400406152009963989e-01
-1.401458308100700378e-02
1.331688370555639267e-02
5.789116770029067993e-02
-1.633041799068450928e-01
-1.370159685611724854e-01
6.067181378602981567e-02
7.579576969146728516e-02
7.427751272916793823e-02
1.184748336672782898e-01
1.080342456698417664e-01
6.210280954837799072e-02
-1.544801704585552216e-02
2.154479734599590302e-02
8.731473982334136963e-02
-6.376539170742034912e-02
-4.956644400954246521e-02
-1.655058264732360840e-01
-1.021265089511871338e-01
-6.280507892370223999e-02
-8.995493873953819275e-03
5.795247107744216919e-02
-9.956137835979461670e-02
-1.395487487316131592e-01
-2.889786064624786377e-01
-1.975278854370117188e-01
-5.395619198679924011e-02
-2.426692284643650055e-02
1.803478598594665527e-01
-2.019882351160049438e-01
-7.750246673822402954e-02
-6.244691833853721619e-02
4.731978848576545715e-02
1.235634535551071167e-01
-1.738999038934707642e-01
-1.736078411340713501e-01
3.503233566880226135e-02
1.313977390527725220e-01
-1.623499840497970581e-01
8.383343368768692017e-02
-4.033553227782249451e-02
9.043443202972412109e-02
9.132620692253112793e-02
1.052592024207115173e-01
-3.658699616789817810e-02
1.499672830104827881e-01
1.132797375321388245e-01
5.310445651412010193e-02
-2.145556919276714325e-02
2.139436081051826477e-03
-2.721267752349376678e-02
8.860931545495986938e-02
4.727818071842193604e-02
7.931604236364364624e-02
-6.950729340314865112e-02
3.886172082275152206e-03
-3.668797016143798828e-02
-7.114765699952840805e-03
6.288120895624160767e-02
-1.821961849927902222e-01
-7.233291398733854294e-03
3.005695901811122894e-02
4.477593302726745605e-02
-2.581374160945415497e-02
-9.481737017631530762e-02
-6.411677598953247070e-02
1.021254211664199829e-01
6.314487010240554810e-02
-3.575327992439270020e-01
-2.558390796184539795e-01
-1.398364454507827759e-01
-1.026576906442642212e-01
-1.900412589311599731e-01
-1.612953655421733856e-02
-6.608697585761547089e-03
-1.285714507102966309e-01
8.513120561838150024e-02
3.643652051687240601e-02
8.788084983825683594e-02
1.009221933782100677e-02
3.963503241539001465e-02
1.029261723160743713e-01
1.496053338050842285e-01
1.144806295633316040e-02
1.219387352466583252e-01
1.912643760442733765e-01
1.710276603698730469e-01
1.843041926622390747e-01
-1.654552817344665527e-01
-3.645123913884162903e-02
-9.153682738542556763e-02
-2.827401086688041687e-02
-6.656266748905181885e-02
-8.401402831077575684e-02
-1.586314439773559570e-01
-1.486012041568756104e-01
-4.488115012645721436e-02
-1.348325461149215698e-01
2.379753161221742630e-03
1.617472469806671143e-01
1.346493065357208252e-01
-1.158700603991746902e-02
-9.404430165886878967e-03
1.535300165414810181e-01
-5.126028787344694138e-03
-1.645827479660511017e-02
2.651379816234111786e-02
7.234334945678710938e-02
-7.746148854494094849e-02
1.663592830300331116e-02
6.217915564775466919e-02
9.013384580612182617e-02
-5.845948681235313416e-02
4.333942197263240814e-04
6.844358146190643311e-02
-4.052923619747161865e-02
3.234953060746192932e-02
1.005156487226486206e-01
5.051898956298828125e-02
-1.984556913375854492e-01
-1.280117183923721313e-01
-8.323987573385238647e-02
-1.208261772990226746e-01
-7.084506750106811523e-02
-1.336788237094879150e-01
-5.821236968040466309e-02
-7.719726115465164185e-02
4.856900498270988464e-02
-6.402770429849624634e-02
-1.548000872135162354e-01
-7.895092666149139404e-02
-6.120003759860992432e-03
2.608681656420230865e-02
8.263218402862548828e-02
3.888916224241256714e-02
4.796676337718963623e-02
-2.854443853721022606e-03
-2.545074746012687683e-02
-4.761581495404243469e-02
1.435056421905755997e-02
-5.429075658321380615e-02
6.135967001318931580e-02
-4.979870095849037170e-02
-2.323381304740905762e-01
6.364268809556961060e-02
-1.187190413475036621e-02
-4.242050275206565857e-02
-5.030183494091033936e-02
1.116748526692390442e-01
-2.356305345892906189e-02
-6.349436938762664795e-02
-9.765025228261947632e-02
6.095839291810989380e-02
4.625178128480911255e-02
9.361793100833892822e-02
8.597113937139511108e-02
1.119070351123809814e-01
1.129162833094596863e-01
-1.133241429924964905e-01
6.416291743516921997e-02
2.511710524559020996e-01
2.124668508768081665e-01
-6.892986129969358444e-03
-1.545849591493606567e-01
-4.166842997074127197e-02
-7.621981948614120483e-02
-1.040138378739356995e-01
-1.465768218040466309e-01
-4.818618670105934143e-02
5.351170524954795837e-02
9.549055993556976318e-02
1.578000374138355255e-02
-3.978348150849342346e-02
9.149888902902603149e-02
9.903802536427974701e-03
-6.369528919458389282e-02
-3.651460632681846619e-02
5.535448435693979263e-03
-1.810465194284915924e-02
3.728031739592552185e-02
-1.012730374932289124e-01
-1.155191734433174133e-01
-2.015197649598121643e-02
-1.746678501367568970e-01
8.336208015680313110e-02
5.295443534851074219e-02
-8.848378807306289673e-02
6.189659237861633301e-02
9.096721559762954712e-02
7.044981420040130615e-02
7.113187760114669800e-02
8.668298274278640747e-02
1.572081595659255981e-01
1.087728366255760193e-01
-6.612292677164077759e-02
8.322668075561523438e-02
2.137439250946044922e-01
1.765669439919292927e-03
-5.012883543968200684e-01
-1.965506076812744141e-01
4.089047200977802277e-03
-1.688386499881744385e-01
-3.120346665382385254e-01
1.606308221817016602e-01
-2.139907628297805786e-01
-3.011985719203948975e-01
5.827825888991355896e-02
1.923263818025588989e-01
2.451450675725936890e-01
-2.867258191108703613e-01
-9.126491844654083252e-02
2.240991778671741486e-02
6.356079131364822388e-02
9.378956258296966553e-02
6.166286021471023560e-02
5.233453214168548584e-02
2.461279183626174927e-02
1.111057326197624207e-01
-1.522582024335861206e-01
4.059073701500892639e-02
-3.207452967762947083e-02
-2.627220749855041504e-02
-4.784572403877973557e-03
6.818915158510208130e-02
-4.511817358434200287e-03
1.110156178474426270e-01
-6.475650705397129059e-03
-9.537948295474052429e-03
-2.323320358991622925e-01
-9.435464441776275635e-02
-1.822440028190612793e-01
-1.306324899196624756e-01
-1.940508782863616943e-01
-1.502606719732284546e-01
-9.085870347917079926e-03
-4.850999265909194946e-02
-3.285178542137145996e-02
1.271828263998031616e-02
1.288084406405687332e-02
3.977414220571517944e-03
3.139131516218185425e-02
-1.249554678797721863e-01
1.055647507309913635e-01
1.535939276218414307e-01
2.199466973543167114e-01
-1.300415303558111191e-02
1.737359762191772461e-01
1.634193062782287598e-01
-1.368770003318786621e-01
-2.048835158348083496e-02
9.182556532323360443e-03
4.905961453914642334e-02
-2.335451915860176086e-02
-1.406916230916976929e-01
-7.489576190710067749e-02
-2.087172716856002808e-01
-3.891094923019409180e-01
-1.795765757560729980e-01
-5.028323829174041748e-02
-3.106141090393066406e-01
-2.452193647623062134e-01
-2.277149260044097900e-01
4.019007552415132523e-03
-4.828627407550811768e-02
-8.143801242113113403e-02
-2.304740808904170990e-02
7.546579092741012573e-02
2.067019492387771606e-01
1.698390841484069824e-01
-1.471441537141799927e-01
-3.588552819564938545e-03
8.277195692062377930e-02
1.553267538547515869e-01
-4.230447113513946533e-02
-1.665598154067993164e-01
2.947449684143066406e-02
1.059583425521850586e-01
-2.367373704910278320e-01
-5.415708944201469421e-02
-7.206380367279052734e-02
1.580241173505783081e-01
-1.183855906128883362e-01
2.269877046346664429e-01
1.084829866886138916e-01
-5.555127561092376709e-02
5.516849830746650696e-02
1.462767869234085083e-01
2.182776480913162231e-01
1.649227738380432129e-02
6.512394547462463379e-02
8.662772923707962036e-02
6.312704086303710938e-02
1.337086558341979980e-01
5.403783917427062988e-02
1.566654294729232788e-01
1.217789724469184875e-01
6.667208671569824219e-02
1.907089538872241974e-02
-2.030631527304649353e-02
7.115372270345687866e-02
-7.022562623023986816e-02
-1.113015115261077881e-01
-2.293986976146697998e-01
-4.625389352440834045e-02
-2.101261541247367859e-02
-1.540794670581817627e-01
-1.168639585375785828e-01
-1.704826205968856812e-01
-6.730815023183822632e-02
-3.549687936902046204e-02
3.644998371601104736e-02
-2.227943018078804016e-02
-7.164159417152404785e-02
-1.084146350622177124e-01
2.712754299864172935e-03
-5.801071226596832275e-02
7.502660900354385376e-02
1.436624825000762939e-01
2.730495929718017578e-01
1.377174705266952515e-01
-2.260219119489192963e-02
-3.765743598341941833e-02
8.960373699665069580e-02
6.599078327417373657e-02
-2.243372946977615356e-01
2.454036846756935120e-02
-2.635993361473083496e-01
4.706421401351690292e-03
-1.008193045854568481e-01
-2.139450162649154663e-01
-2.891612797975540161e-02
-8.248625695705413818e-02
-3.338701128959655762e-01
-1.631149649620056152e-01
-5.884719267487525940e-02
-1.704569556750357151e-03
-1.379609294235706329e-02
-2.405230700969696045e-01
-5.708627030253410339e-02
-1.455488204956054688e-01
-3.984331339597702026e-02
-1.310549378395080566e-01
-2.215075939893722534e-01
-1.069884300231933594e-01
8.467474579811096191e-02
-1.018342301249504089e-01
-2.163545228540897369e-03
-7.089123874902725220e-02
5.124871432781219482e-02
5.204813182353973389e-02
-8.896940946578979492e-02
3.247291967272758484e-02
6.858176738023757935e-02
1.240270677953958511e-02
7.695809006690979004e-02
-3.450654819607734680e-02
1.091326847672462463e-01
-6.689303368330001831e-02
-1.285383701324462891e-01
3.137197792530059814e-01
1.273682564496994019e-01
7.777620851993560791e-02
4.201526939868927002e-02
-2.665135450661182404e-02
2.672169916331768036e-02
6.456214934587478638e-02
1.147540658712387085e-01
7.716535031795501709e-02
-3.257797332480549812e-03
-5.413004010915756226e-02
-4.244291223585605621e-03
-6.658528745174407959e-02
-1.641554534435272217e-01
1.206366531550884247e-02
-7.960497587919235229e-02
-3.119536302983760834e-02
-7.755912095308303833e-02
5.382312461733818054e-02
-8.897797763347625732e-02
-1.767446100711822510e-01
7.045327126979827881e-02
-4.810800030827522278e-02
1.364100724458694458e-01
-1.192215234041213989e-01
-1.586181074380874634e-01
6.595001369714736938e-02
4.170452430844306946e-02
-1.040764525532722473e-01
-1.457182466983795166e-01
1.335308253765106201e-01
7.066766917705535889e-02
7.699155807495117188e-02
1.065263301134109497e-01
1.244440823793411255e-01
7.548249512910842896e-02
6.167291104793548584e-02
9.179949760437011719e-02
2.041200734674930573e-02
-1.376798097044229507e-02
-2.571854293346405029e-01
-9.455411136150360107e-02
-2.289773225784301758e-01
-1.230799406766891479e-01
-1.191373541951179504e-02
-1.164374649524688721e-01
-3.072260506451129913e-02
-1.171607747673988342e-01
-1.679926514625549316e-01
3.524563461542129517e-02
-1.166826784610748291e-01
-9.835395030677318573e-03
1.253493689000606537e-02
-3.046233952045440674e-02
-6.590080261230468750e-02
1.749375313520431519e-01
1.498550623655319214e-01
-9.197329729795455933e-02
3.830344602465629578e-02
1.525221019983291626e-01
2.175447195768356323e-01
-5.618590861558914185e-03
3.807068243622779846e-02
9.538124315440654755e-03
-1.143482774496078491e-01
4.975400865077972412e-02
-2.962976135313510895e-02
-2.187416888773441315e-02
-2.044835537672042847e-01
-2.548537850379943848e-01
-6.300279498100280762e-02
-1.741494089365005493e-01
-2.335209101438522339e-01
-2.694071531295776367e-01
-8.734894543886184692e-02
-2.428149580955505371e-01
-1.644570678472518921e-01
-2.967282831668853760e-01
-1.352489739656448364e-01
-6.624348461627960205e-02
2.505262941122055054e-02
6.346715241670608521e-02
9.522770345211029053e-02
-5.458230525255203247e-02
3.686591610312461853e-02
2.181224673986434937e-01
5.284523591399192810e-02
1.469213515520095825e-01
1.109372004866600037e-01
5.941371619701385498e-02
5.676938220858573914e-02
6.359787285327911377e-02
1.819085329771041870e-02
8.134569972753524780e-02
-1.603084355592727661e-01
-1.040083616971969604e-01
-9.004660695791244507e-02
-2.858361303806304932e-01
-1.164836212992668152e-01
-6.975729763507843018e-02
-2.196456789970397949e-01
-1.966624408960342407e-01
-1.191888898611068726e-01
-2.351194992661476135e-02
-3.013979457318782806e-02
5.259946733713150024e-02
-3.520062565803527832e-02
2.030814252793788910e-02
-1.275597512722015381e-01
7.953957468271255493e-02
-1.565548479557037354e-01
-1.348166614770889282e-01
-1.918008327484130859e-01
-1.698790788650512695e-01
-5.470816511660814285e-03
-2.601322233676910400e-01
-1.479197144508361816e-01
-1.356554925441741943e-01
-7.860550284385681152e-02
-2.063091397285461426e-01
-1.598073840141296387e-01
-1.563284844160079956e-01
-1.426704525947570801e-01
1.914727874100208282e-02
-2.051568031311035156e-01
6.209547817707061768e-02
-4.218012839555740356e-02
-6.803098320960998535e-02
-1.304381061345338821e-02
-1.883267238736152649e-02
-7.186750322580337524e-02
-1.048105582594871521e-01
-1.426981091499328613e-01
-2.002858817577362061e-01
-1.230700165033340454e-01
-2.469200640916824341e-01
-2.102249860763549805e-01
-2.704708576202392578e-01
-1.892808824777603149e-01
-4.819039721041917801e-03
2.446281723678112030e-02
-1.004225313663482666e-01
-8.469387888908386230e-02
-6.830523908138275146e-02
-5.741741880774497986e-02
1.656954549252986908e-02
-2.104136496782302856e-01
-2.194658964872360229e-01
-1.742096990346908569e-01
-7.491219788789749146e-02
1.379988938570022583e-01
8.182648569345474243e-02
-6.356772780418395996e-02
-1.083746775984764099e-01
-1.113873645663261414e-01
1.039285957813262939e-01
1.254822015762329102e-01
4.998763278126716614e-02
8.250829577445983887e-02
3.819348290562629700e-02
3.561011701822280884e-02
9.821997955441474915e-04
5.145556852221488953e-02
2.027517929673194885e-02
2.594903856515884399e-02
4.701178148388862610e-02
-1.089324727654457092e-01
1.653911732137203217e-02
-1.280405558645725250e-02
-9.693187661468982697e-03
-6.795790046453475952e-02
-5.749278515577316284e-02
-1.740542799234390259e-01
-5.811769980937242508e-03
7.894514501094818115e-02
5.942693352699279785e-02
5.067555606365203857e-02
2.097992785274982452e-02
5.638095084577798843e-03
-8.583614602684974670e-03
-1.471272110939025879e-01
-7.199382781982421875e-02
-6.466663628816604614e-02
-1.950150430202484131e-01
-1.112104281783103943e-01
-1.566927880048751831e-01
-5.949841439723968506e-02
-5.655818805098533630e-02
2.690137177705764771e-02
-1.923206895589828491e-01
-1.080986112356185913e-01
4.064649343490600586e-02
2.133931964635848999e-02
1.692397892475128174e-02
-1.758414804935455322e-01
-4.298137128353118896e-02
-1.215856671333312988e-01
1.041327416896820068e-01
8.627606183290481567e-02
-5.712956935167312622e-02
2.027145475149154663e-01
-9.270946681499481201e-02
4.805478081107139587e-02
1.280812472105026245e-01
-2.308489521965384483e-03
4.384290426969528198e-02
-2.876629121601581573e-02
-8.306607604026794434e-03
-1.238046362996101379e-01
-5.748960748314857483e-02
1.696522235870361328e-01
5.649828538298606873e-02
2.566212555393576622e-03
-5.302924290299415588e-02
1.453680265694856644e-02
5.290856212377548218e-02
6.802488118410110474e-02
-1.737077906727790833e-02
-4.374484345316886902e-02
-4.121263325214385986e-02
7.685966044664382935e-02
8.678749203681945801e-02
-6.584939360618591309e-02
-6.951538473367691040e-02
-4.998074471950531006e-02
1.649320572614669800e-01
1.125029027462005615e-01
5.173913761973381042e-02
-4.315958172082901001e-02
2.403320372104644775e-02
-1.777606643736362457e-02
1.379017531871795654e-01
1.814115047454833984e-02
3.339337185025215149e-02
2.426382750272750854e-01
5.839844420552253723e-02
-8.786027133464813232e-02
7.474036514759063721e-02
6.929490715265274048e-02
1.469434946775436401e-01
8.458468131721019745e-03
1.537281125783920288e-01
1.457439456135034561e-02
2.838459052145481110e-02
1.919910609722137451e-01
-2.639125660061836243e-02
1.174885872751474380e-02
3.100514225661754608e-02
-9.156274050474166870e-02
-6.198523938655853271e-02
-7.378620654344558716e-02
-1.542496830224990845e-01
7.649180293083190918e-02
1.505715958774089813e-02
8.104842901229858398e-02
9.173163026571273804e-02
5.651018023490905762e-02
-3.883209824562072754e-02
8.138939738273620605e-03
2.478367416188120842e-03
-1.296539753675460815e-01
-1.344775259494781494e-01
3.532691299915313721e-02
4.244795534759759903e-03
1.657510548830032349e-01
-1.169177144765853882e-01
-1.409507691860198975e-01
-1.697034239768981934e-01
2.118493244051933289e-02
8.068083226680755615e-02
2.899757586419582367e-03
1.039501000195741653e-02
2.818358317017555237e-02
-1.079670563340187073e-01
5.536852404475212097e-02
2.078908234834671021e-01
2.114213407039642334e-01
1.833438873291015625e-01
4.559810087084770203e-02
-7.139481138437986374e-03
-7.182345539331436157e-02
-4.092655726708471775e-04
3.702769801020622253e-02
-3.196272253990173340e-02
-3.314091265201568604e-02
-4.993135109543800354e-02
-1.675355061888694763e-02
5.078227259218692780e-03
-2.832672595977783203e-01
-1.000965312123298645e-01
7.675641030073165894e-02
-3.850256651639938354e-02
4.480594769120216370e-02
1.632225140929222107e-02
-1.607877574861049652e-02
2.971404977142810822e-02
8.072738349437713623e-02
1.407505273818969727e-01
4.780228435993194580e-02
5.292460694909095764e-02
-1.121789440512657166e-01
-4.142625927925109863e-01
-2.426621019840240479e-01
1.275698244571685791e-01
2.049872130155563354e-01
3.634444996714591980e-02
-2.057231962680816650e-02
1.293349117040634155e-01
2.580880746245384216e-02
6.391009688377380371e-02
7.343839854001998901e-02
1.206903834827244282e-03
-3.684168681502342224e-02
7.444186508655548096e-02
2.927655912935733795e-02
-5.321700125932693481e-02
-4.880720376968383789e-02
-2.394597232341766357e-02
-1.052686870098114014e-01
-6.109691038727760315e-02
-1.602488756179809570e-02
-1.115481257438659668e-01
9.451365470886230469e-02
-3.971081227064132690e-02
-8.568090200424194336e-02
-1.626596003770828247e-01
-1.529674232006072998e-01
-3.465543268248438835e-03
-1.377619206905364990e-01
9.127552807331085205e-02
-3.130562603473663330e-02
-2.797891199588775635e-02
-1.062536891549825668e-02
-1.116672828793525696e-01
-2.249296521767973900e-03
-4.511412978172302246e-02
4.891206324100494385e-02
2.601836808025836945e-02
-5.208751931786537170e-02
-1.075294312613550574e-05
8.036795258522033691e-02
6.209746748208999634e-02
1.042895615100860596e-01
8.521120250225067139e-02
-5.324162915349006653e-02
3.629897162318229675e-02
5.570605769753456116e-02
1.261598020792007446e-01
1.121900677680969238e-01
9.378384053707122803e-02
-1.506249792873859406e-02
-2.920421361923217773e-01
-9.107103943824768066e-02
1.641702502965927124e-01
8.536047488451004028e-02
-1.209926754236221313e-01
-3.345049917697906494e-02
4.406325891613960266e-02
2.404187992215156555e-02
-1.001887992024421692e-01
-1.149882450699806213e-01
-5.484606698155403137e-02
3.742803633213043213e-02
-1.415769904851913452e-01
-2.855196036398410797e-02
-6.109875440597534180e-02
-2.172898873686790466e-02
1.860966682434082031e-01
7.034666836261749268e-02
3.523615002632141113e-02
-1.379490792751312256e-01
-1.015715226531028748e-01
3.374652704223990440e-03
1.175077855587005615e-01
2.167165428400039673e-01
-7.502075284719467163e-02
-1.126865819096565247e-01
9.366671741008758545e-02
-1.203000545501708984e-01
3.050417080521583557e-02
7.152916491031646729e-02
-1.603688485920429230e-02
-1.776823252439498901e-01
-3.903818503022193909e-02
-1.745519600808620453e-02
1.213842034339904785e-01
2.423514612019062042e-02
-2.646346576511859894e-02
6.178851798176765442e-02
2.889633923768997192e-02
1.080555543303489685e-01
-4.828105866909027100e-02
3.844266012310981750e-02
-2.173134535551071167e-01
-1.669507622718811035e-01
8.004716597497463226e-03
-1.086616143584251404e-01
-9.980984777212142944e-02
-2.099716514348983765e-01
-1.399417519569396973e-01
1.592365056276321411e-01
2.323626875877380371e-01
8.672063052654266357e-02
-4.443309456110000610e-02
-8.708716183900833130e-02
1.320629008114337921e-02
-1.799340359866619110e-03
2.119049243628978729e-02
1.132136583328247070e-01
4.647956788539886475e-02
1.820334047079086304e-02
-1.059187501668930054e-01
-8.962080627679824829e-02
6.959818303585052490e-02
-1.727413199841976166e-02
-2.572634220123291016e-01
6.440937286242842674e-04
1.320037841796875000e-01
1.034850403666496277e-01
2.612701803445816040e-02
-4.913201183080673218e-02
-1.570197008550167084e-02
-2.312285304069519043e-01
1.845441162586212158e-01
1.084085255861282349e-01
1.021886393427848816e-01
6.479525566101074219e-02
-3.362292656674981117e-03
-7.783142477273941040e-02
2.781328046694397926e-03
5.396388471126556396e-02
5.487528070807456970e-02
1.333028674125671387e-01
9.955017268657684326e-02
1.004644110798835754e-01
5.987047031521797180e-02
-1.419377792626619339e-02
7.123657315969467163e-02
3.068467043340206146e-02
-7.565041631460189819e-02
-9.350238367915153503e-03
-8.960225433111190796e-02
-4.050874710083007812e-02
6.374143064022064209e-02
-3.183050826191902161e-02
-2.958441898226737976e-02
-1.072687953710556030e-01
-3.303418681025505066e-02
-3.480046056210994720e-03
9.266222268342971802e-02
-1.965607330203056335e-02
-1.174811795353889465e-01
2.674856223165988922e-02
-1.690539419651031494e-01
2.119011618196964264e-02
-1.583398878574371338e-01
-9.682471305131912231e-02
-1.677684299647808075e-02
-1.806634664535522461e-01
-1.149699166417121887e-01
-1.563295535743236542e-02
-1.200020685791969299e-02
1.178916767239570618e-01
-5.793419852852821350e-02
-1.258701831102371216e-01
6.757707148790359497e-02
1.938992440700531006e-01
1.812501698732376099e-01
1.575341820716857910e-01
5.305041000247001648e-02
3.040750697255134583e-02
1.303138863295316696e-02
1.783454269170761108e-01
1.074849367141723633e-01
8.011611551046371460e-02
-5.917954817414283752e-02
-2.437597811222076416e-01
-3.512139320373535156e-01
7.929546386003494263e-02
1.447781771421432495e-01
-5.916300415992736816e-02
-7.197064906358718872e-02
4.969335347414016724e-02
-4.504835978150367737e-02
-1.149111241102218628e-01
1.276006847620010376e-01
4.765005409717559814e-02
1.011721938848495483e-01
-5.271608754992485046e-02
1.974648423492908478e-02
7.587441056966781616e-02
1.008759438991546631e-01
7.547520846128463745e-02
9.826705604791641235e-02
3.436663374304771423e-02
-1.354691982269287109e-01
7.398848980665206909e-02
3.865521028637886047e-02
2.328925766050815582e-02
-5.878827348351478577e-02
-1.374023556709289551e-01
-1.306900084018707275e-01
-1.691983640193939209e-01
4.082043189555406570e-03
1.427712738513946533e-01
3.629897488281130791e-03
-5.322718620300292969e-02
1.022925004363059998e-01
6.574416160583496094e-02
-2.737625688314437866e-02
-1.790604442358016968e-01
1.678412780165672302e-02
-1.500578671693801880e-01
-3.633736968040466309e-01
-8.103287220001220703e-02
-1.797501742839813232e-01
-2.096692472696304321e-01
-3.997902572154998779e-02
1.793413311243057251e-01
2.015901207923889160e-01
2.494384720921516418e-02
-1.147798672318458557e-01
6.634984910488128662e-02
1.536847203969955444e-01
1.283858269453048706e-01
-1.392795294523239136e-01
-1.141928508877754211e-01
-7.192302495241165161e-02
-3.709778562188148499e-02
3.959682944696396589e-04
1.886124014854431152e-01
1.742551177740097046e-01
-3.754674643278121948e-02
-2.898618020117282867e-02
-4.337286204099655151e-02
1.438220441341400146e-01
7.912953943014144897e-02
-7.320128381252288818e-02
-1.407898664474487305e-01
5.760839208960533142e-02
4.408567398786544800e-02
6.121801212430000305e-02
1.253397762775421143e-01
7.766036689281463623e-02
7.162232697010040283e-02
1.533690094947814941e-01
4.417052119970321655e-02
1.242663636803627014e-01
-4.999739304184913635e-02
2.737884037196636200e-02
6.488509476184844971e-02
-2.140487730503082275e-02
-4.445711895823478699e-02
8.264007046818733215e-03
-8.158021420240402222e-02
1.442972868680953979e-01
-5.996670946478843689e-02
5.052831023931503296e-02
-6.605368852615356445e-02
6.328106671571731567e-02
-1.151318773627281189e-01
-1.118821799755096436e-01
-8.507349342107772827e-02
-1.744985282421112061e-01
-2.886972427368164062e-01
-1.790447682142257690e-01
-2.242049872875213623e-01
-2.293934077024459839e-01
-1.412661671638488770e-01
2.492194324731826782e-01
-3.785044699907302856e-02
-1.043791323900222778e-01
-1.055933758616447449e-01
6.095732375979423523e-02
7.877495139837265015e-02
-1.304062642157077789e-02
-1.416795998811721802e-01
-2.342063337564468384e-01
-3.841571882367134094e-02
4.761400073766708374e-02
-6.640762835741043091e-02
2.163986302912235260e-02
1.657319664955139160e-01
-1.474819183349609375e-01
-2.524912059307098389e-01
-9.135723859071731567e-02
-2.987869549542665482e-03
-1.566953659057617188e-01
-2.326800972223281860e-01
4.135610163211822510e-02
-1.047494783997535706e-01
-2.205428779125213623e-01
-2.056562006473541260e-01
4.940019175410270691e-02
4.900572076439857483e-02
-1.379472762346267700e-01
-2.845929265022277832e-01
3.778976155444979668e-03
1.086443141102790833e-01
1.288141161203384399e-01
-9.209045767784118652e-02
-1.155669614672660828e-01
6.906542181968688965e-02
3.348949924111366272e-02
1.072034239768981934e-01
1.015040203928947449e-01
-6.094492226839065552e-02
-1.845387965440750122e-01
-1.369796991348266602e-01
8.775047212839126587e-02
1.155671253800392151e-01
-2.561349235475063324e-02
-9.840521961450576782e-02
1.055526081472635269e-02
7.502297312021255493e-02
6.811914592981338501e-02
-8.261400461196899414e-02
-1.767891347408294678e-01
-2.501870878040790558e-02
1.572205871343612671e-01
5.396939441561698914e-02
-2.350647188723087311e-02
2.558590844273567200e-02
-2.764924615621566772e-02
9.197882562875747681e-02
1.291569024324417114e-01
9.407797455787658691e-02
8.214138448238372803e-02
7.719128578901290894e-02
1.259740740060806274e-01
9.516724944114685059e-02
3.022844903171062469e-02
2.623044885694980621e-02
1.157907322049140930e-01
1.252479702234268188e-01
1.391928493976593018e-01
1.268136799335479736e-01
2.729546725749969482e-01
2.160772532224655151e-01
-1.192715242505073547e-01
-2.131560444831848145e-01
-1.324440836906433105e-01
-2.656929790973663330e-01
-3.806254863739013672e-01
-3.350009322166442871e-01
-3.051924332976341248e-02
-1.954603791236877441e-01
7.393921725451946259e-03
-6.121580302715301514e-02
7.108009606599807739e-02
8.886681497097015381e-02
-1.881595700979232788e-02
5.918268114328384399e-03
-6.097266077995300293e-02
-1.705737709999084473e-01
-6.851883232593536377e-02
8.927143365144729614e-02
5.854693427681922913e-02
1.019764021039009094e-01
-1.168847009539604187e-01
-6.597592681646347046e-02
-1.874738186597824097e-02
-3.111878223717212677e-02
-4.168939590454101562e-02
2.879436127841472626e-02
8.252508938312530518e-02
1.835006326436996460e-01
2.107611596584320068e-01
2.218973189592361450e-01
-1.571262776851654053e-01
1.184373199939727783e-01
-2.120410278439521790e-02
1.754837669432163239e-02
-7.553424686193466187e-02
-1.744303107261657715e-01
1.646848395466804504e-02
1.241556778550148010e-01
-6.017091125249862671e-02
3.620026633143424988e-02
-2.685318887233734131e-01
4.047832265496253967e-02
5.324742943048477173e-02
1.397587545216083527e-02
-5.760299041867256165e-02
1.668111681938171387e-01
1.247300729155540466e-01
1.236401498317718506e-01
1.475385874509811401e-01
8.620070666074752808e-02
-2.931734547019004822e-02
1.689988374710083008e-01
2.024933397769927979e-01
5.716772004961967468e-02
-8.548122644424438477e-02
-1.337716132402420044e-01
-4.792605936527252197e-01
-4.363407194614410400e-01
-3.205738067626953125e-01
-3.054089099168777466e-02
5.400747805833816528e-02
-5.690426006913185120e-02
-1.240752115845680237e-01
7.619032263755798340e-02
2.305476367473602295e-02
-1.484211534261703491e-01
1.571081206202507019e-02
2.749960683286190033e-02
-1.805167831480503082e-02
1.945552229881286621e-01
9.488620609045028687e-02
-3.370347246527671814e-02
3.208148851990699768e-02
1.237880736589431763e-01
-2.941905520856380463e-02
-1.285754889249801636e-01
-2.615140676498413086e-01
-9.266011416912078857e-02
9.082818776369094849e-02
-1.854103654623031616e-01
-2.169575989246368408e-01
-9.714848548173904419e-02
-1.899879127740859985e-01
-4.694067835807800293e-01
-3.142895698547363281e-01
8.727732300758361816e-02
1.618144810199737549e-01
-2.255105786025524139e-02
-3.214570879936218262e-01
-1.470818370580673218e-01
1.947651058435440063e-01
1.694107614457607269e-02
1.217908188700675964e-01
1.576001197099685669e-02
7.089405506849288940e-02
-4.257401078939437866e-02
3.455615602433681488e-03
6.506161391735076904e-02
5.453112348914146423e-02
-3.755680099129676819e-02
-9.084554761648178101e-02
-3.842440992593765259e-02
-3.611746942624449730e-03
-1.639391183853149414e-01
-1.319702118635177612e-01
-2.096050977706909180e-02
-1.464759409427642822e-01
-2.964421510696411133e-01
-9.533166885375976562e-02
8.925374597311019897e-03
1.900818794965744019e-01
-5.087256431579589844e-02
-8.378636837005615234e-02
8.242696523666381836e-02
8.675207942724227905e-02
-1.706302165985107422e-02
7.839950174093246460e-02
1.101962476968765259e-02
-3.966664895415306091e-02
-3.728511929512023926e-02
-1.598999053239822388e-01
4.736262187361717224e-02
1.012245789170265198e-01
1.153383180499076843e-01
1.662803813815116882e-02
-1.817780137062072754e-01
-2.995792627334594727e-01
-2.550460398197174072e-01
-2.887948453426361084e-01
-2.576685845851898193e-01
-6.470342725515365601e-02
-1.145803853869438171e-01
-6.894936412572860718e-02
-2.173546999692916870e-01
-2.218556553125381470e-01
-5.323471501469612122e-02
6.694904714822769165e-02
-2.452052943408489227e-02
-4.463976621627807617e-02
-2.736046910285949707e-01
-1.466223970055580139e-02
2.337237261235713959e-02
1.607175543904304504e-02
-7.643193006515502930e-02
-1.910015493631362915e-01
-5.222309380769729614e-02
1.292452067136764526e-01
-9.277726709842681885e-02
-3.629686683416366577e-02
-6.142859160900115967e-02
9.918329119682312012e-02
8.933816850185394287e-02
-4.077842459082603455e-02
-7.707842439413070679e-02
-7.411365956068038940e-02
1.565230637788772583e-01
8.208075910806655884e-02
-4.163588955998420715e-02
9.203351289033889771e-02
-5.700163915753364563e-02
8.930192887783050537e-02
7.158164680004119873e-02
9.167779982089996338e-02
1.172035839408636093e-02
1.719006896018981934e-02
1.202438399195671082e-01
-8.128596819005906582e-04
1.385059952735900879e-01
4.294452071189880371e-02
-1.411546114832162857e-02
7.016955316066741943e-02
2.718909680843353271e-01
1.429176777601242065e-01
2.840005233883857727e-02
-3.218291401863098145e-01
-9.851853363215923309e-03
-9.680459648370742798e-02
-8.617439121007919312e-02
-8.831992000341415405e-02
-2.199095673859119415e-02
-8.243761211633682251e-02
2.580172568559646606e-02
-4.421996697783470154e-02
4.759455844759941101e-02
7.012454420328140259e-02
-6.083755195140838623e-02
-1.210123151540756226e-01
-9.835306555032730103e-02
-6.750162690877914429e-02
4.807406570762395859e-03
-1.855947822332382202e-01
9.280473738908767700e-02
1.918940397445112467e-04
-3.110723942518234253e-02
-4.740812291856855154e-04
-8.040290325880050659e-02
1.374443322420120239e-01
9.137348830699920654e-02
4.942536726593971252e-02
-3.431326150894165039e-02
-4.453118517994880676e-02
-1.613774895668029785e-01
-1.998308897018432617e-01
-3.715870082378387451e-01
-2.730170786380767822e-01
-1.442788541316986084e-01
5.276817083358764648e-02
-7.836186140775680542e-02
-7.754521071910858154e-02
-3.050830215215682983e-02
-8.023143745958805084e-03
7.383780926465988159e-02
-5.317489802837371826e-02
-2.861746586859226227e-02
-1.367095764726400375e-02
-3.072262043133378029e-03
4.877667129039764404e-02
1.758901178836822510e-01
6.079933792352676392e-02
-1.476646959781646729e-01
2.106624394655227661e-01
1.564508825540542603e-01
5.155881494283676147e-02
8.226819336414337158e-02
6.438143551349639893e-02
1.677524112164974213e-02
3.459828346967697144e-02
5.471634119749069214e-02
-4.870799370110034943e-03
-4.823157936334609985e-02
-1.668872237205505371e-01
-2.443369925022125244e-01
-1.581186428666114807e-02
7.271018624305725098e-02
-6.493775546550750732e-02
-4.444554913789033890e-03
-8.794154971837997437e-02
-1.122107580304145813e-01
2.430911064147949219e-01
1.947928369045257568e-01
-1.533042788505554199e-01
-3.889929875731468201e-02
-9.239638224244117737e-03
-3.584649041295051575e-02
-8.873946964740753174e-02
1.668529212474822998e-02
7.081845402717590332e-02
-5.011834949254989624e-02
-2.189898863434791565e-02
-2.816243562847375870e-03
4.382020607590675354e-02
1.131616979837417603e-01
2.569326944649219513e-02
6.372892111539840698e-02
-6.927412748336791992e-02
-9.102682024240493774e-02
-3.076107203960418701e-01
-3.663027584552764893e-01
-4.882011413574218750e-01
-2.421755492687225342e-01
-1.637274920940399170e-01
-4.663374647498130798e-02
-1.248615682125091553e-01
1.682294905185699463e-02
1.195436418056488037e-01
6.390097737312316895e-02
-3.360372269526124001e-03
3.481984138488769531e-02
1.265983283519744873e-01
3.201183304190635681e-02
-2.239973247051239014e-01
1.729074269533157349e-01
8.121071755886077881e-02
-4.245031997561454773e-02
-3.006022870540618896e-01
-1.803806424140930176e-01
-5.795902386307716370e-02
-1.280601769685745239e-01
-1.807490587234497070e-01
-3.219765722751617432e-01
7.670649141073226929e-02
-1.976290643215179443e-01
-1.632722020149230957e-01
-1.483141183853149414e-01
-3.162088394165039062e-01
-6.821592897176742554e-02
-1.874515116214752197e-01
-1.490947902202606201e-01
-1.190785244107246399e-01
-2.601865828037261963e-01
-3.998402878642082214e-02
-4.964466392993927002e-02
2.274959534406661987e-02
9.175563603639602661e-02
-3.365753963589668274e-02
6.171818450093269348e-02
-2.635383792221546173e-02
-5.953445285558700562e-02
-4.233097434043884277e-01
-2.131293416023254395e-01
-7.876034080982208252e-02
-4.565299302339553833e-02
-2.279892116785049438e-01
-1.489553451538085938e-01
-1.501045469194650650e-02
-5.850030109286308289e-02
-8.663525432348251343e-02
-8.348491042852401733e-02
-1.332294642925262451e-01
2.820702502503991127e-03
5.148987099528312683e-02
-6.114008277654647827e-02
-1.994636468589305878e-02
-2.538731507956981659e-02
3.623835369944572449e-02
5.536123737692832947e-02
-1.166518926620483398e-01
-3.853799775242805481e-02
-2.729699760675430298e-02
4.537298530340194702e-02
2.665035892277956009e-03
6.128039211034774780e-02
6.492759287357330322e-02
1.470995247364044189e-01
-1.899271830916404724e-02
-1.182508841156959534e-02
7.682903856039047241e-02
-1.558772753924131393e-02
-3.550986573100090027e-02
-4.018718376755714417e-02
4.059451073408126831e-02
-1.750843971967697144e-02
-1.608192771673202515e-01
-8.156833797693252563e-02
-3.561017662286758423e-02
-3.974163159728050232e-02
1.777066290378570557e-02
-5.221337452530860901e-02
-5.061239004135131836e-02
-8.948300033807754517e-02
-4.383549839258193970e-02
1.359431743621826172e-01
7.822564989328384399e-02
7.056137174367904663e-02
-2.398022562265396118e-01
-1.487834453582763672e-01
-1.317734085023403168e-02
1.159068942070007324e-01
3.100234642624855042e-02
-2.657874822616577148e-01
2.004507556557655334e-02
-6.358300149440765381e-02
-4.760903865098953247e-02
-5.271872505545616150e-02
-3.069499731063842773e-01
-7.751934230327606201e-02
-1.853671967983245850e-01
-1.531081795692443848e-01
-1.637269854545593262e-01
-2.382731735706329346e-01
5.172962695360183716e-02
-2.191096842288970947e-01
-1.431584656238555908e-01
-1.812413334846496582e-01
-1.222013588994741440e-02
1.434762962162494659e-02
-3.492064774036407471e-02
-5.716869607567787170e-02
-3.272189199924468994e-01
-2.865311503410339355e-01
-3.121529817581176758e-01
1.328300964087247849e-02
-8.197584748268127441e-02
-9.501735121011734009e-02
-5.315883830189704895e-02
-6.647592037916183472e-02
3.887983784079551697e-02
-1.064323559403419495e-01
1.765973120927810669e-02
-2.364225126802921295e-02
-7.031264901161193848e-02
-7.553509902209043503e-03
-6.752280890941619873e-02
-2.116808891296386719e-01
-8.113366365432739258e-02
-5.852660909295082092e-02
-9.861375205218791962e-03
9.840298444032669067e-02
-3.858231753110885620e-02
-4.236064851284027100e-02
3.278524428606033325e-02
-2.005190700292587280e-01
-1.873219572007656097e-02
1.507535427808761597e-01
1.939839571714401245e-01
5.754159763455390930e-02
-2.943157553672790527e-01
-4.624302685260772705e-02
-1.217492744326591492e-01
1.816170215606689453e-01
5.053588002920150757e-02
6.881569325923919678e-02
1.607729308307170868e-02
9.432460367679595947e-02
7.874240726232528687e-02
3.680924698710441589e-02
1.033356264233589172e-01
3.409824520349502563e-02
7.666002213954925537e-02
9.286479651927947998e-02
2.669195644557476044e-02
-1.336364895105361938e-01
-1.521117538213729858e-01
-9.641412645578384399e-02
9.171260148286819458e-02
1.118994131684303284e-01
-1.005951985716819763e-01
-1.273120054975152016e-03
-5.917430296540260315e-02
-3.870096430182456970e-02
-2.560840547084808350e-02
1.510740723460912704e-02
-1.063342988491058350e-01
-4.212698712944984436e-02
2.284080954268574715e-03
1.430322527885437012e-01
-2.676357924938201904e-01
-1.494825631380081177e-01
-6.517425924539566040e-02
1.964226067066192627e-01
2.657831013202667236e-01
-8.689922094345092773e-02
-6.573714315891265869e-02
1.471998244524002075e-01
2.991218566894531250e-01
2.064002454280853271e-01
-1.469023339450359344e-02
5.083394795656204224e-02
1.791689842939376831e-01
6.621210277080535889e-02
-1.211222410202026367e-01
-1.081108078360557556e-01
-2.082342207431793213e-01
6.872816383838653564e-02
-3.054230101406574249e-02
6.487056612968444824e-02
-3.723439872264862061e-01
-2.377104163169860840e-01
-2.584091722965240479e-01
1.154447812587022781e-02
2.507775425910949707e-01
-1.986096203327178955e-01
-5.873555690050125122e-02
6.607013940811157227e-02
-3.249507397413253784e-02
9.127224981784820557e-02
-6.569372862577438354e-02
4.868681356310844421e-02
2.177690267562866211e-01
2.488516718149185181e-01
3.972780331969261169e-02
1.754643619060516357e-01
2.207704633474349976e-01
1.451566517353057861e-01
5.998980626463890076e-02
5.351180210709571838e-03
1.166370976716279984e-02
1.508768498897552490e-01
1.300391852855682373e-01
3.066047281026840210e-02
-1.447973251342773438e-01
7.274345308542251587e-02
5.958705022931098938e-02
-9.885492175817489624e-02
3.781590983271598816e-02
-1.249048784375190735e-01
8.919588290154933929e-03
-1.631607711315155029e-01
-1.063942909240722656e-01
-7.357092201709747314e-02
1.038120314478874207e-01
7.951578497886657715e-02
-1.356896385550498962e-02
-5.992988869547843933e-02
-2.270341217517852783e-01
-2.181123569607734680e-02
-7.539210468530654907e-02
-1.968764215707778931e-01
-7.156795263290405273e-02
-5.396138876676559448e-03
1.167159155011177063e-01
-4.163643717765808105e-02
-6.869857758283615112e-02
-4.077573493123054504e-02
-1.200105622410774231e-01
-2.177348136901855469e-01
-5.976628139615058899e-02
-1.356097757816314697e-01
-1.640310138463973999e-01
-2.073514508083462715e-03
3.252064064145088196e-02
-8.700131624937057495e-02
4.747937247157096863e-02
2.953252196311950684e-02
-7.635801285505294800e-02
-1.239714100956916809e-01
-8.661203831434249878e-02
7.999789714813232422e-02
7.752919197082519531e-02
8.313077501952648163e-03
-9.093488007783889771e-02
1.293954439461231232e-02
1.633259654045104980e-01
2.004791051149368286e-02
1.551188528537750244e-03
-4.175539314746856689e-02
-2.525916323065757751e-02
6.155346706509590149e-02
-1.444667577743530273e-01
-1.128441765904426575e-01
1.119525581598281860e-01
2.607466466724872589e-02
8.647980540990829468e-02
-1.246351674199104309e-01
-1.223113536834716797e-01
-8.318483829498291016e-02
3.930939733982086182e-02
3.331931680440902710e-02
1.775672882795333862e-01
7.950767874717712402e-02
-4.032485932111740112e-02
1.605112850666046143e-01
1.237049251794815063e-01
1.339912414550781250e-01
3.820461407303810120e-02
-7.081922143697738647e-02
2.690261602401733398e-01
1.243538558483123779e-01
5.613352358341217041e-02
7.324557751417160034e-02
-2.660333551466464996e-02
6.377787142992019653e-02
7.481331378221511841e-02
-1.167741641402244568e-01
-1.951799243688583374e-01
-3.764483630657196045e-01
7.010192424058914185e-02
1.809940785169601440e-01
-2.011362910270690918e-01
-1.720010638236999512e-01
-5.569510161876678467e-02
-2.744052745401859283e-02
3.143878653645515442e-02
-6.397652626037597656e-02
-8.125787973403930664e-02
-1.441466957330703735e-01
-5.070935562252998352e-02
-1.263997852802276611e-01
-3.694027066230773926e-01
-1.596189290285110474e-01
-1.619643867015838623e-01
-6.829249858856201172e-02
5.019269511103630066e-02
-4.620985686779022217e-02
-4.747983440756797791e-02
-1.565226167440414429e-02
-7.279811054468154907e-02
6.557253003120422363e-02
8.771348744630813599e-02
1.464335173368453979e-01
1.440723240375518799e-01
-1.388056576251983643e-02
-6.962301582098007202e-02
-2.230482399463653564e-01
-2.226093225181102753e-02
2.575733661651611328e-01
-4.959784820675849915e-02
4.506394267082214355e-02
4.138477519154548645e-02
2.312466353178024292e-01
2.965309657156467438e-02
5.405655503273010254e-02
2.073088437318801880e-01
2.654084861278533936e-01
6.306186318397521973e-02
9.468965977430343628e-02
1.949357390403747559e-01
1.855107396841049194e-01
1.995826810598373413e-01
-3.966981545090675354e-02
-7.757259905338287354e-02
-1.860519498586654663e-01
-1.097328290343284607e-01
-1.745513081550598145e-01
-1.702433079481124878e-02
1.267020106315612793e-01
-1.257600337266921997e-01
4.641865938901901245e-02
-1.058332100510597229e-01
-8.393391221761703491e-02
-5.339721590280532837e-02
3.739056736230850220e-02
1.446740627288818359e-01
4.680864512920379639e-04
9.933616220951080322e-02
-1.053572073578834534e-01
7.102778553962707520e-02
2.540832944214344025e-02
5.074141919612884521e-02
5.608048290014266968e-02
6.071166321635246277e-02
1.191341429948806763e-01
5.365544185042381287e-02
7.841914892196655273e-02
3.545621782541275024e-02
-1.085287309251725674e-03
-6.153904646635055542e-02
-2.646349668502807617e-01
-4.689574986696243286e-02
5.351550877094268799e-02
1.742751151323318481e-01
-2.068164944648742676e-01
-3.644761070609092712e-02
-3.033461868762969971e-01
-1.088483110070228577e-01
1.376039236783981323e-01
-7.435839623212814331e-02
-5.105070769786834717e-02
1.389531940221786499e-01
4.953979328274726868e-02
4.652302712202072144e-02
-9.805357456207275391e-02
1.413283497095108032e-01
2.785152196884155273e-01
1.579285264015197754e-01
-9.595970809459686279e-02
3.306700289249420166e-02
1.144450902938842773e-01
4.721306264400482178e-02
6.079684942960739136e-02
3.087390400469303131e-02
4.616678506135940552e-02
-1.134232133626937866e-01
-9.122277051210403442e-02
-4.541978612542152405e-02
-5.414866283535957336e-02
-7.249514758586883545e-02
-7.725312560796737671e-02
-9.294717013835906982e-02
-1.268374174833297729e-01
1.193636357784271240e-01
-4.991419985890388489e-02
3.156945854425430298e-02
-8.398252539336681366e-03
-1.252829879522323608e-01
-9.375562518835067749e-02
1.004658523015677929e-03
9.665311872959136963e-02
1.195582300424575806e-01
1.431611180305480957e-02
3.459770977497100830e-02
1.736004799604415894e-01
1.639134287834167480e-01
6.800454109907150269e-02
3.510146588087081909e-02
5.146341398358345032e-02
8.145378902554512024e-03
-1.802574396133422852e-01
-4.245826229453086853e-02
1.136284396052360535e-01
3.578966110944747925e-02
9.334222227334976196e-02
-4.422411322593688965e-03
9.770323336124420166e-02
-3.065995685756206512e-02
-1.354771256446838379e-01
3.161852434277534485e-02
8.765546977519989014e-02
1.378566958010196686e-04
-1.227955594658851624e-01
-1.741151958703994751e-01
-5.194111540913581848e-02
5.686326324939727783e-02
-1.037895902991294861e-01
-4.303434193134307861e-01
-3.147728443145751953e-01
2.401839755475521088e-02
-5.269286036491394043e-02
-3.073192238807678223e-01
-2.574745118618011475e-01
-1.135675087571144104e-01
-1.676934584975242615e-02
-9.653653949499130249e-02
1.012363657355308533e-01
7.655771076679229736e-02
-9.419946372509002686e-02
-2.832499518990516663e-02
-5.314975976943969727e-02
-4.872170835733413696e-02
-4.256878793239593506e-02
-1.551807075738906860e-01
-1.608747690916061401e-01
-7.714600116014480591e-02
-1.188062652945518494e-01
-1.510989367961883545e-01
1.057586632668972015e-02
-1.367855817079544067e-01
-1.536235064268112183e-01
-1.324012279510498047e-01
-7.098037749528884888e-02
-1.073126122355461121e-01
-1.873037219047546387e-01
-2.794125676155090332e-01
7.828281074762344360e-02
1.582890152931213379e-01
-2.096283808350563049e-02
-1.855712733231484890e-03
-1.028378829360008240e-01
-5.463621113449335098e-03
1.757303439080715179e-02
6.434486061334609985e-02
-1.745351217687129974e-02
-5.826278775930404663e-02
9.917941689491271973e-02
1.214139163494110107e-01
-5.446581169962882996e-02
-6.873048096895217896e-02
6.975056231021881104e-02
-1.159490495920181274e-01
4.723506420850753784e-02
-1.662889122962951660e-01
-2.401247434318065643e-02
3.549213707447052002e-02
6.769385933876037598e-02
-8.467558026313781738e-02
-7.896988093852996826e-02
-1.357133239507675171e-01
-4.769868776202201843e-02
-9.816366247832775116e-03
-3.892030566930770874e-02
-4.867810010910034180e-02
-5.127507075667381287e-02
-1.579021811485290527e-01
-7.710637897253036499e-02
6.254927814006805420e-02
-6.948707159608602524e-04
-1.028489544987678528e-01
-8.122722804546356201e-02
8.405804634094238281e-02
-5.075322836637496948e-02
-3.293020725250244141e-01
1.127667203545570374e-01
-6.147321686148643494e-02
-4.061517119407653809e-02
-1.234138607978820801e-01
-1.650156825780868530e-01
1.793502718210220337e-01
5.107877403497695923e-02
-8.638715744018554688e-02
-2.788095474243164062e-01
-3.495943546295166016e-02
1.501998752355575562e-01
-1.342104095965623856e-02
-2.732771039009094238e-01
-1.272520422935485840e-01
-1.865964382886886597e-01
-5.424804240465164185e-02
5.306243896484375000e-03
3.195488452911376953e-02
-1.180805787444114685e-01
-5.832636728882789612e-03
-6.079557910561561584e-02
3.425620868802070618e-02
-8.479847013950347900e-02
-1.376495510339736938e-01
-1.793428212404251099e-01
-8.591634780168533325e-02
2.894321270287036896e-02
2.401902340352535248e-02
-3.791777044534683228e-02
-2.448594272136688232e-01
-1.632291972637176514e-01
-2.783959172666072845e-02
5.404103547334671021e-02
2.614432759582996368e-02
-1.605383902788162231e-01
-1.676685065031051636e-01
8.332421630620956421e-02
1.126587539911270142e-01
8.933788537979125977e-02
-1.053224503993988037e-01
1.201898157596588135e-01
6.533388793468475342e-02
-6.614218652248382568e-02
-5.596061795949935913e-02
5.822365731000900269e-02
-1.903781145811080933e-01
-7.465749233961105347e-02
1.936845779418945312e-01
2.534991502761840820e-01
2.442503124475479126e-01
-7.979185879230499268e-02
4.625782370567321777e-02
1.447077393531799316e-01
1.316762268543243408e-01
7.649804651737213135e-02
-1.154136434197425842e-01
-8.290322870016098022e-02
8.007730543613433838e-02
-2.184407413005828857e-02
1.217353120446205139e-01
-2.471111565828323364e-01
-1.909347623586654663e-01
1.668034493923187256e-02
-1.166968345642089844e-01
-3.230732679367065430e-02
1.918961703777313232e-01
4.186407104134559631e-02
1.018568500876426697e-01
9.346830658614635468e-03
-1.278834044933319092e-01
2.881531715393066406e-01
2.169667370617389679e-02
-6.024045497179031372e-02
-1.382662206888198853e-01
1.002131476998329163e-01
3.285179287195205688e-02
4.256571829319000244e-02
2.670538984239101410e-02
1.448421478271484375e-01
1.830992698669433594e-01
-3.217808306217193604e-01
-1.034953519701957703e-01
4.691568762063980103e-02
1.825490146875381470e-01
1.755926162004470825e-01
-1.751480549573898315e-01
-5.252898856997489929e-02
-1.616000197827816010e-02
7.411263138055801392e-02
1.016317009925842285e-01
1.212000548839569092e-01
-3.080840222537517548e-02
-2.145840786397457123e-02
-1.778477877378463745e-01
-3.166212439537048340e-01
-8.749255537986755371e-02
-1.141323521733283997e-01
-1.991008669137954712e-01
-7.440768182277679443e-02
6.345927249640226364e-03
-1.058539301156997681e-01
-1.778401285409927368e-01
-7.749916613101959229e-02
8.566002547740936279e-02
6.746939569711685181e-02
7.357915490865707397e-02
2.068433538079261780e-02
1.173439100384712219e-01
7.370920479297637939e-02
1.451746523380279541e-01
8.474473655223846436e-02
-4.870713129639625549e-02
7.094985991716384888e-02
2.051562666893005371e-01
1.368312388658523560e-01
5.992397665977478027e-02
-2.502390556037425995e-02
-3.768245503306388855e-02
-6.958023644983768463e-03
9.541367739439010620e-02
7.025445997714996338e-02
-6.794720888137817383e-02
4.905027523636817932e-02
8.263278007507324219e-02
8.911041170358657837e-02
1.411260068416595459e-01
1.310569792985916138e-01
1.344962120056152344e-01
-4.893912002444267273e-02
1.990957418456673622e-03
3.746739774942398071e-02
1.484948694705963135e-01
-7.066491525620222092e-03
-2.982761897146701813e-02
-9.429317712783813477e-02
-1.475112885236740112e-01
-7.451253384351730347e-02
-2.626777887344360352e-01
-9.092938154935836792e-02
5.378985777497291565e-03
8.700141310691833496e-02
-1.073286011815071106e-01
-6.436118483543395996e-02
-7.134897261857986450e-02
-1.137171387672424316e-01
-7.134392857551574707e-02
-1.499779522418975830e-01
-1.056670770049095154e-01
-6.170909851789474487e-02
-8.407787978649139404e-02
3.036335855722427368e-02
4.174492508172988892e-02
-9.825800359249114990e-02
-1.195190697908401489e-01
-5.604949966073036194e-02
4.462505877017974854e-02
7.158536463975906372e-02
-5.430258810520172119e-02
-2.353643765673041344e-03
4.749273881316184998e-02
8.572553098201751709e-02
7.230827212333679199e-02
-4.358658194541931152e-02
6.665094941854476929e-02
-1.020234730094671249e-02
-2.458064258098602295e-01
5.649668350815773010e-02
-3.747973591089248657e-02
9.197247773408889771e-02
3.887312486767768860e-02
-5.648628622293472290e-02
-2.219836264848709106e-01
-1.204058900475502014e-01
-1.870124414563179016e-02
-9.574725478887557983e-02
1.342969834804534912e-01
-8.167325519025325775e-03
-2.131077945232391357e-01
-1.191359828226268291e-03
1.092958003282546997e-01
1.494852453470230103e-01
1.351648122072219849e-01
-8.210170269012451172e-02
-1.912487857043743134e-02
2.321634441614151001e-02
-1.453391462564468384e-01
2.061167806386947632e-01
1.173648163676261902e-01
1.033533737063407898e-01
1.766583323478698730e-01
-7.302077114582061768e-02
-1.473269611597061157e-02
1.078586801886558533e-01
5.788151547312736511e-02
-1.351013127714395523e-02
3.547386825084686279e-02
7.259446196258068085e-03
6.584205478429794312e-02
9.801514446735382080e-03
-2.133775353431701660e-01
-6.417934596538543701e-02
1.587365418672561646e-01
-1.708473451435565948e-02
-3.095645457506179810e-02
-2.806568741798400879e-01
-1.262632310390472412e-01
-3.841713070869445801e-03
1.587743870913982391e-02
8.543529361486434937e-02
-1.868800073862075806e-01
1.310626044869422913e-02
8.061825297772884369e-03
4.936281964182853699e-02
1.774701289832592010e-02
-1.704681366682052612e-01
-2.229474335908889771e-01
-1.310231685638427734e-01
6.237184256315231323e-02
-4.311799630522727966e-02
-3.107912093400955200e-02
-5.375292152166366577e-02
-6.516320165246725082e-03
6.007224787026643753e-03
-4.516986384987831116e-02
8.223055861890316010e-03
-2.142511773854494095e-03
-7.430239021778106689e-02
1.082403701730072498e-03
1.592229902744293213e-01
2.237801253795623779e-01
9.656056761741638184e-02
1.767606288194656372e-01
5.385467037558555603e-02
2.162359505891799927e-01
6.634261459112167358e-03
-2.859447598457336426e-01
1.704414635896682739e-01
2.150685638189315796e-01
2.189033329486846924e-01
6.422789394855499268e-02
-1.519946306943893433e-01
-6.534793972969055176e-02
-1.999069452285766602e-01
-1.429673936218023300e-02
-5.726740509271621704e-02
-7.687210291624069214e-02
-1.363381594419479370e-01
-1.191444620490074158e-01
-1.185180735774338245e-03
-9.340792149305343628e-02
6.116760522127151489e-02
-1.956236548721790314e-02
-1.420968472957611084e-01
-2.186345122754573822e-02
4.171551391482353210e-02
3.127898275852203369e-02
4.119728505611419678e-02
4.044470191001892090e-02
1.162799913436174393e-02
-5.688617378473281860e-02
-1.150878816843032837e-01
-4.597296938300132751e-02
7.586814463138580322e-02
1.034863069653511047e-01
-6.900314241647720337e-02
1.769413650035858154e-01
-2.986365742981433868e-02
-2.511351369321346283e-02
-1.049663797020912170e-01
-3.436052203178405762e-01
-7.374570518732070923e-02
-1.765609532594680786e-01
-2.250890582799911499e-01
-1.014994084835052490e-01
5.866687744855880737e-02
1.134221479296684265e-01
-9.283076971769332886e-02
-1.112895905971527100e-01
1.532994806766510010e-01
1.160726994276046753e-01
3.223351761698722839e-02
2.087535709142684937e-02
1.018840447068214417e-01
9.525384753942489624e-02
1.296862810850143433e-01
5.182238668203353882e-02
1.024116994813084602e-03
4.986912757158279419e-02
1.766483783721923828e-01
4.228735342621803284e-02
1.136865019798278809e-01
1.513983681797981262e-02
1.037111580371856689e-01
3.036895766854286194e-02
-1.679388731718063354e-01
-4.093884676694869995e-02
-9.057610481977462769e-02
-1.566123366355895996e-01
-1.254654526710510254e-01
-1.818512566387653351e-02
-2.354842051863670349e-02
-9.029655903577804565e-02
-3.463387116789817810e-02
-7.490271329879760742e-02
-1.175283417105674744e-01
1.734678633511066437e-02
-8.216258138418197632e-02
1.983782462775707245e-02
-1.231740694493055344e-02
2.869162010028958321e-03
1.144399791955947876e-01
-7.804380264133214951e-03
-1.276411861181259155e-02
-1.428043190389871597e-02
-9.618145227432250977e-02
-8.005790412425994873e-02
-4.587654024362564087e-02
-1.002048328518867493e-01
-1.693505607545375824e-02
-9.023029357194900513e-02
-1.429720968008041382e-01
-2.524852566421031952e-02
-8.073199540376663208e-02
-3.666456788778305054e-02
-2.030551992356777191e-02
1.250603236258029938e-02
7.822798192501068115e-02
1.609081588685512543e-02
1.043863892555236816e-01
9.221553057432174683e-02
1.419379748404026031e-02
8.256481960415840149e-03
-7.422930002212524414e-02
-9.512007236480712891e-03
3.457684069871902466e-03
2.567632123827934265e-02
2.034268155694007874e-02
-4.275678098201751709e-02
1.607054658234119415e-02
-5.911999940872192383e-02
-1.278962641954421997e-01
-6.261627655476331711e-03
-8.074340969324111938e-02
1.478622853755950928e-02
-8.283808082342147827e-02
2.466802857816219330e-02
2.005660347640514374e-02
-1.477216035127639771e-01
-2.531705657020211220e-03
9.862025268375873566e-03
-5.514680966734886169e-02
-1.338213086128234863e-01
-3.587522506713867188e-01
-7.927443832159042358e-02
-8.102273941040039062e-02
-5.470094084739685059e-02
-1.272057555615901947e-02
-3.592469915747642517e-02
-7.825922220945358276e-02
-3.305433094501495361e-01
-4.266610369086265564e-02
-1.059532165527343750e-03
3.410304337739944458e-02
3.229447454214096069e-02
-4.727080091834068298e-02
6.374864280223846436e-02
2.524006962776184082e-01
1.169748380780220032e-01
8.235742151737213135e-02
4.954405128955841064e-02
1.463926434516906738e-01
-5.447873845696449280e-02
3.967495635151863098e-02
-1.729146204888820648e-02
-1.925614923238754272e-01
-9.250117465853691101e-03
1.831179484724998474e-02
7.937819510698318481e-02
-1.548282206058502197e-01
-1.639903932809829712e-01
1.257721893489360809e-02
-6.617264449596405029e-02
1.326831728219985962e-01
4.234273359179496765e-02
-1.242254599928855896e-01
-2.522757947444915771e-01
-1.160894334316253662e-02
-1.242224276065826416e-01
8.200184442102909088e-03
1.317635625600814819e-01
-7.123325020074844360e-03
-2.815619111061096191e-02
4.204886034131050110e-03
2.308709546923637390e-02
-5.465204268693923950e-02
-4.168097674846649170e-02
2.882277965545654297e-02
6.000114232301712036e-02
4.378778859972953796e-02
-1.299385130405426025e-01
-1.411775499582290649e-02
4.280430823564529419e-02
4.203806817531585693e-02
-3.699681162834167480e-02
-1.850398071110248566e-02
-4.106725379824638367e-02
-1.498043537139892578e-01
9.312597103416919708e-03
2.660743892192840576e-02
1.997593976557254791e-02
-1.338105183094739914e-02
4.822380468249320984e-02
8.729899302124977112e-03
1.429081410169601440e-01
-1.131724417209625244e-01
-7.735417783260345459e-02
5.088409408926963806e-02
-4.568172618746757507e-02
-2.619329653680324554e-02
1.004120567813515663e-03
-2.395811378955841064e-01
1.530348509550094604e-01
2.536914050579071045e-01
-7.461355626583099365e-02
8.593182265758514404e-02
9.260767698287963867e-02
6.327842921018600464e-02
-1.449390966445207596e-02
8.828858286142349243e-02
1.590861380100250244e-02
-1.101583316922187805e-01
-1.005760487169027328e-02
9.808524511754512787e-03
1.553827822208404541e-01
-1.330478936433792114e-01
-6.408517947420477867e-04
-3.840209543704986572e-02
-5.605589132755994797e-03
5.354689061641693115e-02
4.344651103019714355e-02
1.074769645929336548e-01
-2.040076255798339844e-01
-1.902142465114593506e-01
1.348712742328643799e-01
7.855571061372756958e-02
-3.496470674872398376e-02
-3.734446829184889793e-03
2.821503207087516785e-02
3.750217147171497345e-03
2.282193303108215332e-02
-6.399982422590255737e-02
-3.290631249547004700e-02
-5.287053808569908142e-02
-2.571415714919567108e-02
3.303695470094680786e-02
-1.680261641740798950e-02
8.779532462358474731e-02
2.708902768790721893e-02
1.292275339365005493e-01
3.049294929951429367e-03
-8.242431282997131348e-02
-1.536979675292968750e-01
-2.131704837083816528e-01
-1.557484120130538940e-01
-1.021293923258781433e-01
1.285279449075460434e-02
-8.512672781944274902e-02
-1.364341527223587036e-01
-9.294496476650238037e-02
-2.088175415992736816e-01
-1.388935297727584839e-01
-1.900315135717391968e-01
-2.771902829408645630e-02
-1.349364668130874634e-01
-2.832389250397682190e-02
1.074412614107131958e-01
-7.206200156360864639e-03
-2.449492663145065308e-01
6.633789278566837311e-03
-1.307406872510910034e-01
3.867214545607566833e-02
-1.359196603298187256e-01
-1.087546497583389282e-01
-4.608006216585636139e-03
1.064561959356069565e-02
2.891642786562442780e-02
1.382204424589872360e-02
2.680727839469909668e-02
-3.869156539440155029e-02
-2.571941725909709930e-02
9.316803514957427979e-02
6.569495052099227905e-02
3.106020390987396240e-02
-1.187872607260942459e-02
6.922215968370437622e-02
4.099310375750064850e-03
-6.871946156024932861e-02
2.164077572524547577e-02
-8.462532609701156616e-02
-1.413309127092361450e-01
-1.541183292865753174e-01
-1.206316128373146057e-01
8.667251095175743103e-03
-1.005952134728431702e-01
-3.771534562110900879e-02
-4.848905652761459351e-02
-3.818193916231393814e-03
1.551766246557235718e-01
9.680514037609100342e-02
7.264368236064910889e-02
1.322129666805267334e-01
4.504831135272979736e-02
-1.313616931438446045e-01
2.770682564005255699e-03
1.074716374278068542e-01
1.064746156334877014e-01
9.274189174175262451e-02
-1.042428892105817795e-03
1.362951844930648804e-02
-1.159106716513633728e-01
-1.675962470471858978e-02
7.215498387813568115e-02
7.255686074495315552e-02
6.598910689353942871e-02
-7.980667054653167725e-02
-9.760121256113052368e-02
-1.490051150321960449e-01
1.587642170488834381e-02
9.032542258501052856e-02
1.144937705248594284e-02
-3.548143804073333740e-02
-8.657581359148025513e-02
-5.088023468852043152e-02
-1.026466768234968185e-02
-8.481787145137786865e-02
7.534222304821014404e-02
1.428355649113655090e-02
-4.590430110692977905e-02
-1.800114847719669342e-02
-7.067518163239583373e-05
8.475621044635772705e-02
2.065934687852859497e-01
6.578126549720764160e-02
-3.429295495152473450e-02
1.586819253861904144e-02
7.342436909675598145e-02
1.618097908794879913e-02
-2.724494319409132004e-03
-6.413836777210235596e-02
2.009052410721778870e-02
-8.797780424356460571e-02
-3.724812343716621399e-02
-1.084025278687477112e-01
4.622371122241020203e-02
-7.232099771499633789e-02
-4.737566784024238586e-02
-2.807078883051872253e-02
-5.568387731909751892e-02
6.198763847351074219e-02
5.309994518756866455e-02
-1.280094087123870850e-01
2.005052864551544189e-01
-2.181313373148441315e-02
-2.684826254844665527e-01
-2.092135511338710785e-02
1.121883690357208252e-01
-3.515483066439628601e-02
-5.852394923567771912e-02
-2.180722076445817947e-03
2.021376937627792358e-01
-2.594425529241561890e-02
1.418670522980391979e-03
2.618945948779582977e-02
3.635836392641067505e-02
-1.592629700899124146e-01
-7.023744285106658936e-02
-1.046772375702857971e-01
1.315956749022006989e-02
1.658395165577530861e-03
7.623582333326339722e-02
-1.061081071384251118e-03
1.711998507380485535e-02
-1.631504446268081665e-01
-4.594955965876579285e-02
7.535823434591293335e-02
4.457719158381223679e-03
-4.040675237774848938e-02
-2.312084287405014038e-02
2.637460641562938690e-02
-1.142304614186286926e-01
-6.025096774101257324e-02
-1.033093929290771484e-01
-7.616707682609558105e-02
-6.011048099026083946e-04
-2.681194432079792023e-02
1.779001392424106598e-02
1.620454154908657074e-02
1.739420928061008453e-02
-8.385301567614078522e-03
-7.958476990461349487e-02
2.027327381074428558e-02
1.374326925724744797e-02
6.503639370203018188e-02
3.551569581031799316e-02
1.698461174964904785e-02
2.374364621937274933e-02
-9.592624381184577942e-03
-6.975667178630828857e-02
-3.420855477452278137e-02
-2.888311147689819336e-01
-1.103462949395179749e-01
-9.463281929492950439e-02
-1.999947428703308105e-01
-1.807296276092529297e-02
-2.724513113498687744e-01
-4.418210983276367188e-01
-5.129269137978553772e-02
-6.014524400234222412e-02
-7.676632702350616455e-02
-3.476797044277191162e-01
-7.029467076063156128e-02
-3.170418143272399902e-01
-3.067517280578613281e-01
-1.786757856607437134e-01
-5.043183267116546631e-02
-1.972618699073791504e-02
6.977583467960357666e-02
6.735423579812049866e-03
-3.970770165324211121e-02
-1.013962328433990479e-01
6.981421262025833130e-02
1.050628423690795898e-01
3.609763085842132568e-02
-1.815908215939998627e-02
-1.712339557707309723e-02
3.561834990978240967e-02
5.999477207660675049e-02
8.003409206867218018e-02
6.180321425199508667e-02
2.734889276325702667e-02
3.052777610719203949e-02
-2.445809170603752136e-02
-1.996791176497936249e-02
-2.441290207207202911e-02
-1.024365052580833435e-01
-9.506640583276748657e-02
3.304212819784879684e-03
6.904782354831695557e-02
-7.000234723091125488e-02
-5.348041653633117676e-02
-6.033457070589065552e-02
-5.491725169122219086e-03
2.639806829392910004e-02
-7.287343591451644897e-02
5.086457356810569763e-02
3.490855172276496887e-02
1.174589898437261581e-02
2.093396894633769989e-02
-1.176915615797042847e-01
2.251161783933639526e-01
8.969096839427947998e-02
-1.182024553418159485e-01
6.677199900150299072e-02
8.956903219223022461e-02
7.239027321338653564e-02
-3.274685740470886230e-01
2.367637678980827332e-02
1.396128535270690918e-01
-1.273472011089324951e-01
9.992428123950958252e-02
1.129505336284637451e-01
1.615467667579650879e-01
-2.008529938757419586e-02
-8.595439791679382324e-02
7.008926942944526672e-03
-9.741963446140289307e-02
5.856525152921676636e-02
1.476468592882156372e-01
1.067190989851951599e-01
-1.647358387708663940e-01
-3.927126824855804443e-01
1.351982355117797852e-01
4.270835965871810913e-02
6.608320400118827820e-03
5.697933584451675415e-02
-9.836925566196441650e-02
-5.656501650810241699e-02
2.852993085980415344e-02
-3.492452204227447510e-02
-2.012416161596775055e-02
7.452555745840072632e-02
7.652667909860610962e-02
-3.346155863255262375e-03
-3.866286203265190125e-02
-1.196282100863754749e-04
1.633388549089431763e-02
-6.930281524546444416e-04
-3.406804054975509644e-02
-6.024291366338729858e-02
3.266058489680290222e-02
7.315960526466369629e-02
-5.383654683828353882e-02
1.057128906250000000e-01
2.934664674103260040e-02
5.918523296713829041e-02
-8.943428844213485718e-02
-6.636407971382141113e-02
-5.686355754733085632e-03
-9.576299041509628296e-02
-6.856563687324523926e-02
-1.126417517662048340e-01
-1.245980411767959595e-01
-2.391320616006851196e-01
-3.419804275035858154e-01
-1.588497459888458252e-01
-1.938012894243001938e-03
-2.589574269950389862e-02
-9.599851071834564209e-02
-4.083712026476860046e-02
-1.840069517493247986e-02
-8.499319106340408325e-02
-1.870513111352920532e-01
-1.034806668758392334e-01
-9.336019307374954224e-02
2.113590389490127563e-02
-1.887052692472934723e-02
-4.630561172962188721e-02
-4.666443914175033569e-02
-6.307546049356460571e-03
6.612304598093032837e-02
-9.560775756835937500e-02
-8.576605468988418579e-02
4.561064764857292175e-03
-1.088409200310707092e-01
-9.066072292625904083e-03
6.269416213035583496e-02
4.265487939119338989e-02
-3.529866039752960205e-02
6.484515964984893799e-02
4.612554982304573059e-02
-4.784838110208511353e-02
-6.328053772449493408e-02
5.152229219675064087e-02
-3.485471010208129883e-02
6.602402031421661377e-02
2.541681751608848572e-02
-4.675362259149551392e-03
-1.444085985422134399e-01
-5.402481555938720703e-02
-1.324694007635116577e-01
-1.568233370780944824e-01
-2.007238380610942841e-02
5.998544767498970032e-02
-5.699749663472175598e-02
-1.823145337402820587e-02
-2.307896316051483154e-02
-6.143194809556007385e-02
3.977914899587631226e-02
1.615731269121170044e-01
4.457414522767066956e-02
4.828138276934623718e-02
-1.878262124955654144e-02
1.326180398464202881e-01
-2.389626950025558472e-02
6.743368506431579590e-02
7.661790400743484497e-02
-2.283049561083316803e-02
2.407180145382881165e-02
2.983255777508020401e-03
8.694106340408325195e-02
-5.937323439866304398e-03
-1.611115783452987671e-01
-1.157803111709654331e-03
-1.689973403699696064e-03
2.481391839683055878e-02
3.959034383296966553e-02
1.733324825763702393e-01
-1.033618450164794922e-01
-4.936884343624114990e-01
-2.613648176193237305e-01
-7.087323814630508423e-02
1.155846170149743557e-03
8.452235907316207886e-02
-1.684778835624456406e-03
9.444772265851497650e-03
-1.300596296787261963e-01
-2.606183886528015137e-01
-6.221847608685493469e-02
-5.820583552122116089e-03
-8.254954218864440918e-02
-1.117995455861091614e-01
-4.648348316550254822e-02
-1.112997159361839294e-01
-1.195514649152755737e-01
-4.877378046512603760e-02
-6.920263171195983887e-02
-3.849732503294944763e-02
-2.059761248528957367e-02
8.794320374727249146e-02
-1.536758244037628174e-01
1.144192963838577271e-01
2.181095629930496216e-02
-8.610758930444717407e-02
1.665483042597770691e-02
-1.884383521974086761e-02
5.687900260090827942e-02
3.910304978489875793e-02
-9.400874841958284378e-05
8.960779011249542236e-02
1.147783994674682617e-01
4.345521330833435059e-02
1.091070324182510376e-01
-5.264983326196670532e-02
-4.646294191479682922e-02
1.133494079113006592e-01
2.999598532915115356e-02
2.685774303972721100e-02
8.652827143669128418e-02
1.169814392924308777e-01
-9.647287428379058838e-02
-1.475947257131338120e-02
7.312874495983123779e-02
-3.368813544511795044e-02
1.557878702878952026e-01
8.962569385766983032e-02
9.294311515986919403e-03
-3.553998172283172607e-01
-3.619115352630615234e-01
-1.848840862512588501e-01
-6.210035085678100586e-02
-7.675334345549345016e-03
-1.860793232917785645e-01
-7.361129671335220337e-02
-1.138425692915916443e-01
-5.117207299917936325e-03
2.932779304683208466e-02
-5.043575167655944824e-02
-1.018953919410705566e-01
-9.581688791513442993e-02
-1.357482932507991791e-02
-3.653327375650405884e-02
-1.637567877769470215e-01
-2.384475916624069214e-01
-1.336831450462341309e-01
-1.025581508874893188e-01
-1.033309325575828552e-01
1.841460168361663818e-02
6.892973929643630981e-02
-5.529597401618957520e-02
-2.760356105864048004e-02
7.021233905106782913e-04
-3.734035883098840714e-03
7.364294957369565964e-03
1.052077580243349075e-02
4.713012278079986572e-02
-1.354887634515762329e-01
1.540527641773223877e-01
8.724962174892425537e-02
1.035818755626678467e-01
4.773599281907081604e-02
1.570768356323242188e-01
-1.469227373600006104e-01
-1.249610483646392822e-01
1.105503961443901062e-01
-1.270016375929117203e-02
-3.005110658705234528e-02
6.373565644025802612e-02
-1.071108207106590271e-01
-5.324409529566764832e-02
5.023016408085823059e-02
-7.144057191908359528e-03
2.937328815460205078e-02
8.877508342266082764e-02
7.590715307742357254e-03
-1.461461633443832397e-01
-8.427300304174423218e-02
-2.044857665896415710e-02
1.120639685541391373e-02
-8.836111426353454590e-02
5.154324322938919067e-02
-9.769606590270996094e-02
8.306806907057762146e-03
-1.666949689388275146e-01
1.159527152776718140e-02
-5.089484155178070068e-02
4.818301275372505188e-02
-1.442568004131317139e-01
-2.722648084163665771e-01
-1.223115697503089905e-01
-4.300662875175476074e-02
-1.841689646244049072e-01
4.849488288164138794e-02
8.293209969997406006e-02
-3.537341654300689697e-01
-4.460892826318740845e-02
-2.621625661849975586e-01
-1.113333925604820251e-01
6.015837565064430237e-02
-2.066564559936523438e-02
-1.739328950643539429e-01
-1.728302389383316040e-01
-1.849984005093574524e-02
-1.626610308885574341e-01
9.371829777956008911e-02
6.136193871498107910e-02
7.055591046810150146e-02
-4.546415060758590698e-02
-3.051717579364776611e-02
4.973113909363746643e-02
6.769052147865295410e-02
-4.165074974298477173e-02
-5.845664814114570618e-02
-5.278103798627853394e-02
9.991658478975296021e-02
-3.303381055593490601e-02
6.173708662390708923e-02
7.190782576799392700e-02
-1.523326784372329712e-01
3.257322311401367188e-02
-6.800089031457901001e-02
2.970144385471940041e-03
1.295885257422924042e-02
3.482265025377273560e-02
4.885306954383850098e-02
-4.156116023659706116e-02
-5.447474494576454163e-02
-1.205599866807460785e-03
-4.565788432955741882e-02
-1.659466512501239777e-02
4.793069139122962952e-02
-3.031368926167488098e-02
-6.963157653808593750e-02
3.868646919727325439e-02
-9.612438827753067017e-02
-4.294425621628761292e-02
5.488460883498191833e-02
-1.347293853759765625e-01
2.542729198466986418e-04
-1.340735889971256256e-02
2.429562434554100037e-02
-2.467781491577625275e-02
-1.377568691968917847e-01
-4.755664244294166565e-02
-4.482515528798103333e-02
-1.600541770458221436e-01
2.438660012558102608e-03
4.355330765247344971e-02
9.209950268268585205e-02
-2.619063481688499451e-02
4.281237721443176270e-02
-1.113929823040962219e-01
-6.927765905857086182e-02
-2.194377481937408447e-01
5.137195810675621033e-02
1.218421086668968201e-01
6.272222101688385010e-02
-3.258040547370910645e-02
-2.839039266109466553e-02
7.680596411228179932e-02
6.778673082590103149e-02
2.006567716598510742e-01
5.044205859303474426e-02
1.021068915724754333e-01
1.280474290251731873e-02
8.536418527364730835e-02
6.873080134391784668e-02
-3.007396869361400604e-02
-3.988889232277870178e-02
3.301244601607322693e-02
-3.895946219563484192e-02
-2.701164595782756805e-02
-1.027082204818725586e-01
9.252682328224182129e-02
1.232955828309059143e-01
1.565299332141876221e-01
-1.130741015076637268e-01
-6.629280000925064087e-02
5.024453997611999512e-02
4.422499239444732666e-02
1.341751813888549805e-01
-7.943568378686904907e-02
-4.921044409275054932e-01
-3.537324965000152588e-01
-1.249922290444374084e-01
2.301161549985408783e-02
-2.099972963333129883e-02
-7.327008992433547974e-02
-6.361589580774307251e-02
3.131332620978355408e-02
-1.306597143411636353e-01
-1.234976723790168762e-01
-3.908591344952583313e-03
-8.013425022363662720e-02
-4.069992527365684509e-02
1.632434576749801636e-01
4.730020835995674133e-02
-9.502399712800979614e-02
-1.135972812771797180e-01
-7.559769600629806519e-02
4.911185428500175476e-02
3.404251113533973694e-02
4.889860004186630249e-02
1.311324816197156906e-02
-6.687099486589431763e-02
1.400560885667800903e-01
-2.358896471560001373e-02
4.590408876538276672e-02
-2.169207111001014709e-02
-1.331448405981063843e-01
8.261470496654510498e-02
9.875008463859558105e-02
2.106709182262420654e-01
6.651004310697317123e-03
1.695892587304115295e-02
5.998287722468376160e-02
-3.576303422451019287e-01
-4.389317706227302551e-02
1.209998428821563721e-01
1.216939464211463928e-01
2.833922207355499268e-02
-1.865016482770442963e-02
3.993539139628410339e-03
-7.658967375755310059e-02
-1.213358789682388306e-01
-1.330526471138000488e-01
-1.437760293483734131e-01
-6.791167426854372025e-03
-2.216863445937633514e-02
-2.940220199525356293e-02
2.937317453324794769e-02
8.010250749066472054e-04
-2.270214557647705078e-01
-1.205620393157005310e-01
-1.186772622168064117e-02
-2.055354043841362000e-02
-9.979092329740524292e-02
-5.304025020450353622e-03
-3.996197506785392761e-02
-2.005664631724357605e-02
-6.537210196256637573e-02
-8.164642378687858582e-03
-1.058440059423446655e-01
-1.074790284037590027e-01
-6.986959278583526611e-02
-1.274757683277130127e-01
-1.447879076004028320e-01
-3.274691989645361900e-03
-7.071919441223144531e-01
1.074661128222942352e-02
2.373859845101833344e-02
1.875048130750656128e-01
4.389721527695655823e-02
-9.730009734630584717e-02
8.149417489767074585e-02
1.513695903122425079e-02
4.982794076204299927e-02
-7.243547588586807251e-02
-6.832291185855865479e-02
-1.061960905790328979e-01
9.124312549829483032e-02
1.002634987235069275e-01
1.394194513559341431e-01
4.410240426659584045e-02
1.557457149028778076e-01
-1.666626632213592529e-01
-8.971428871154785156e-02
9.215997159481048584e-02
2.083547413349151611e-01
6.085526570677757263e-02
2.832423523068428040e-02
4.082555323839187622e-02
-3.144520521163940430e-02
-1.803506910800933838e-01
-1.694559901952743530e-01
3.875427646562457085e-03
2.194575406610965729e-02
-8.646437525749206543e-02
-4.354912042617797852e-02
-5.823181569576263428e-02
-1.673634201288223267e-01
-2.126814574003219604e-01
-1.205364540219306946e-01
1.381684909574687481e-03
-1.899775117635726929e-01
-1.156165227293968201e-01
-8.878877013921737671e-02
-1.820954084396362305e-01
2.833028323948383331e-02
3.047199733555316925e-02
-9.061479568481445312e-02
2.307584881782531738e-02
-5.609510838985443115e-02
-1.711984351277351379e-02
-6.054262071847915649e-02
-1.026119105517864227e-02
-4.113430902361869812e-02
-1.198531910777091980e-01
3.003653883934020996e-02
3.828496439382433891e-03
-3.266534954309463501e-02
1.421697530895471573e-02
9.021443873643875122e-02
-3.242619335651397705e-02
-3.495600447058677673e-02
3.502409905195236206e-03
8.255014196038246155e-03
-1.090481951832771301e-01
-6.301967799663543701e-02
1.402419060468673706e-01
1.168173700571060181e-01
-1.240603905171155930e-02
1.066846102476119995e-01
1.182598695158958435e-01
-1.535466909408569336e-01
-1.373296417295932770e-02
-1.728119105100631714e-01
-3.711784956976771355e-03
5.461182445287704468e-02
1.127979680895805359e-01
-7.799431681632995605e-02
-3.001761622726917267e-03
-3.154605031013488770e-01
-1.783467680215835571e-01
-3.377084061503410339e-02
-1.701224781572818756e-02
-1.912893354892730713e-02
-4.064146429300308228e-02
4.249205067753791809e-02
1.037543192505836487e-01
-9.771458059549331665e-02
-1.390438061207532883e-02
-7.920283079147338867e-02
-6.900536268949508667e-02
-3.494340181350708008e-02
-5.399135872721672058e-02
1.072637550532817841e-02
-1.344135850667953491e-01
-1.077402830123901367e-01
-2.140052616596221924e-02
7.657080888748168945e-02
4.905683090328238904e-05
-1.045599114149808884e-02
5.911634489893913269e-02
3.922834247350692749e-02
2.828744240105152130e-02
-4.268663376569747925e-02
2.977799437940120697e-02
8.444236963987350464e-02
9.221167862415313721e-02
3.026700392365455627e-02
1.522417087107896805e-02
1.591463536024093628e-01
-3.559854254126548767e-02
-9.646653383970260620e-02
-3.090920150279998779e-01
-2.944887578487396240e-01
9.638716280460357666e-02
-1.932053454220294952e-02
7.940495759248733521e-02
-7.932937145233154297e-02
1.005929079838097095e-03
-1.405683439224958420e-02
-5.007506161928176880e-02
2.104039117693901062e-02
-8.812996745109558105e-02
-1.260868925601243973e-02
-1.381814479827880859e-02
1.220209598541259766e-01
6.628173403441905975e-03
4.485380649566650391e-02
-1.425257418304681778e-02
-3.077922016382217407e-02
-1.897055655717849731e-02
3.485481441020965576e-02
-6.979417055845260620e-03
3.261096077039837837e-03
-2.378170192241668701e-02
-8.079661056399345398e-03
-1.147340089082717896e-01
-7.667745649814605713e-02
5.420790985226631165e-03
-3.976241126656532288e-02
-8.232188224792480469e-02
3.057152032852172852e-02
-1.303074322640895844e-02
-5.333163589239120483e-02
-7.362417876720428467e-03
9.821877628564834595e-02
-4.257383942604064941e-02
5.581285431981086731e-02
-2.165985107421875000e-02
-1.377751380205154419e-01
2.760642953217029572e-02
1.302456110715866089e-01
7.455535978078842163e-02
8.782879263162612915e-02
2.707407996058464050e-02
-1.521161198616027832e-01
-4.641578998416662216e-03
1.708967834711074829e-01
-9.187922626733779907e-02
1.058524027466773987e-01
8.368389308452606201e-02
-3.861864283680915833e-02
-4.489268362522125244e-02
5.914446711540222168e-02
-8.768036961555480957e-02
-3.857060894370079041e-02
-1.215588524937629700e-01
-5.825900007039308548e-03
-2.287533693015575409e-02
-2.551239728927612305e-02
-7.960461080074310303e-02
-1.118734702467918396e-01
1.272593587636947632e-01
-1.551900804042816162e-01
-2.192558199167251587e-01
1.696405000984668732e-02
4.788412526249885559e-02
-1.273246854543685913e-01
3.603776171803474426e-02
2.157443435862660408e-03
-1.172889098525047302e-01
-1.651373207569122314e-01
-8.140615373849868774e-02
-1.481827348470687866e-01
1.701122969388961792e-01
4.802641272544860840e-02
5.302830686559900641e-05
-2.601078152656555176e-01
-3.036237880587577820e-02
-1.805875822901725769e-02
-8.708371967077255249e-02
-7.339008152484893799e-02
-8.066713064908981323e-02
-5.089969560503959656e-02
-1.097841858863830566e-01
-1.306541543453931808e-02
-1.684586703777313232e-02
2.581682428717613220e-02
2.491780556738376617e-02
9.278453141450881958e-02
1.164288073778152466e-01
-1.585872620344161987e-01
-1.874658465385437012e-01
-7.656073570251464844e-02
-4.697900637984275818e-02
5.902144685387611389e-02
5.559739843010902405e-02
5.662163347005844116e-02
-6.759432610124349594e-03
-2.677630484104156494e-01
-8.301442861557006836e-02
-2.599522769451141357e-01
-1.777668483555316925e-02
-1.826728694140911102e-02
6.481018662452697754e-02
1.944808661937713623e-02
-6.781832128763198853e-02
-3.477366641163825989e-02
8.543413132429122925e-02
-1.661234498023986816e-01
-1.646841168403625488e-01
-1.234416216611862183e-01
1.992679387331008911e-02
-4.230161011219024658e-02
6.702828407287597656e-02
-5.190199706703424454e-03
1.802932703867554665e-03
-1.548396199941635132e-01
-1.169288065284490585e-02
-1.952590420842170715e-02
1.002606153488159180e-01
-1.834771223366260529e-02
-2.450120896100997925e-01
9.962899237871170044e-02
1.788883283734321594e-02
-8.614352904260158539e-03
4.622049164026975632e-03
-2.716744318604469299e-02
5.815690010786056519e-02
-6.373122334480285645e-02
4.864066094160079956e-02
3.909222315996885300e-03
-3.015133738517761230e-02
5.569680407643318176e-02
-3.984489664435386658e-02
3.596412017941474915e-02
-3.470610454678535461e-02
9.684267640113830566e-02
4.878761619329452515e-02
-7.593956589698791504e-02
-5.859287083148956299e-02
8.377580344676971436e-02
-2.765363641083240509e-02
8.347607403993606567e-02
6.994163990020751953e-02
-3.679796680808067322e-02
6.627761572599411011e-02
4.396843258291482925e-03
-1.790847182273864746e-01
-6.364926695823669434e-02
-2.100143581628799438e-01
-5.612038448452949524e-02
2.397028729319572449e-02
1.302139759063720703e-01
-9.950628876686096191e-02
-1.804193556308746338e-01
-1.756732910871505737e-02
-1.018890272825956345e-02
-3.011515922844409943e-02
-1.007717624306678772e-01
-2.998339943587779999e-02
-1.872075647115707397e-01
-2.416447252035140991e-01
-1.555918436497449875e-02
1.222752183675765991e-01
8.310170960612595081e-04
-1.578363180160522461e-01
6.997637450695037842e-02
-7.454262673854827881e-02
-1.030883379280567169e-02
7.949583232402801514e-02
3.001046366989612579e-02
-3.597471415996551514e-01
-2.271451801061630249e-01
-1.434923112392425537e-01
-4.709519445896148682e-03
-5.401988327503204346e-02
-9.483712166547775269e-02
-7.019197195768356323e-02
-5.187802761793136597e-02
-3.784546628594398499e-02
-5.037378147244453430e-02
6.791588850319385529e-03
-9.348861873149871826e-03
4.244441632181406021e-03
-7.980966009199619293e-03
3.808743506669998169e-02
1.201617568731307983e-01
2.381189912557601929e-02
-3.057544119656085968e-02
-1.768460310995578766e-02
-5.888494476675987244e-02
3.224901854991912842e-02
2.864567190408706665e-02
1.726382039487361908e-02
2.211828716099262238e-03
-2.840262278914451599e-02
-1.154727786779403687e-01
5.597656592726707458e-02
-6.004590913653373718e-02
-1.580405235290527344e-01
-4.480500891804695129e-02
9.347153455018997192e-02
-2.937515638768672943e-02
-4.332153499126434326e-02
4.293856769800186157e-02
-1.689168065786361694e-01
-2.824234962463378906e-02
3.763642907142639160e-02
2.572201564908027649e-02
-1.628899946808815002e-02
4.391479492187500000e-02
5.611308291554450989e-02
-1.892027854919433594e-01
-5.568305961787700653e-03
5.697415769100189209e-02
-2.457248270511627197e-01
4.183961427770555019e-04
6.665249355137348175e-03
1.040629893541336060e-01
1.945831775665283203e-01
1.002516821026802063e-01
1.765053719282150269e-02
-8.760794997215270996e-02
1.681713014841079712e-02
-3.018992021679878235e-02
-9.446511045098304749e-03
-5.991517752408981323e-02
-1.608456373214721680e-01
1.790293841622769833e-03
-1.007489487528800964e-01
1.059128623455762863e-02
5.089988932013511658e-02
6.650903075933456421e-02
-1.352407187223434448e-01
-1.753817349672317505e-01
-5.198920145630836487e-02
1.479839384555816650e-01
3.126851096749305725e-02
8.000354468822479248e-02
1.020435839891433716e-01
-1.309993863105773926e-01
-7.440697867423295975e-03
-5.463378131389617920e-02
6.771137565374374390e-02
-2.578496700152754784e-03
-2.769358828663825989e-02
-8.897654712200164795e-02
-2.629002332687377930e-01
-2.469375878572463989e-01
-1.174818202853202820e-01
-6.091888993978500366e-02
-6.813109666109085083e-02
7.304379343986511230e-02
-6.408752501010894775e-02
-2.011073082685470581e-01
-2.996848523616790771e-02
-1.694252640008926392e-01
-6.202584505081176758e-02
-8.883997797966003418e-02
5.524384789168834686e-03
3.961316123604774475e-02
1.518892943859100342e-01
4.119908064603805542e-02
-6.685435026884078979e-02
-6.343532353639602661e-02
3.380785137414932251e-02
-1.847079247236251831e-01
6.356453895568847656e-02
-2.048988454043865204e-02
-1.105209663510322571e-01
-1.038849502801895142e-01
-1.259336471557617188e-01
3.532184287905693054e-03
-7.302431762218475342e-02
-1.027707606554031372e-01
-9.417931735515594482e-02
1.979280728846788406e-03
-1.172096803784370422e-01
3.585904836654663086e-02
1.539369858801364899e-02
-1.009164843708276749e-02
1.215691864490509033e-02
-3.032207861542701721e-02
5.909034982323646545e-02
1.662501096725463867e-01
-1.013055350631475449e-02
-5.604274570941925049e-02
1.112435832619667053e-01
2.107553482055664062e-01
1.365839242935180664e-01
6.255329400300979614e-02
-7.387813180685043335e-02
-3.442680835723876953e-02
-8.189455419778823853e-02
-3.593015074729919434e-01
-2.867942750453948975e-01
-2.288305908441543579e-01
-8.965118229389190674e-02
-2.880097739398479462e-02
1.051480844616889954e-01
-8.816839754581451416e-02
-3.364076614379882812e-01
-4.581665992736816406e-02
-4.026440903544425964e-02
-2.663611471652984619e-01
-2.654357254505157471e-01
8.095373213291168213e-02
-3.576214984059333801e-02
-1.206999868154525757e-01
4.669181630015373230e-02
6.593067944049835205e-02
-2.532204985618591309e-02
2.559598907828330994e-02
-8.358394354581832886e-02
-9.351723827421665192e-03
4.801090434193611145e-02
4.482702538371086121e-02
4.523054137825965881e-02
-3.358708918094635010e-01
-1.864087581634521484e-02
-5.874725431203842163e-02
1.494617853313684464e-02
-6.474589556455612183e-02
-2.002337574958801270e-02
-3.016824647784233093e-02
-5.318071693181991577e-02
1.984049193561077118e-02
2.990303374826908112e-02
-1.868443563580513000e-02
2.688326686620712280e-02
6.111919507384300232e-02
-3.589395433664321899e-02
2.388323284685611725e-02
8.934795111417770386e-02
9.124601632356643677e-02
-9.184416383504867554e-02
-3.538412274792790413e-03
-7.684855163097381592e-02
-8.091580122709274292e-02
-1.349680125713348389e-01
1.760505698621273041e-02
-1.746743917465209961e-02
5.060363933444023132e-02
-1.177240163087844849e-01
-2.369375340640544891e-02
-2.266310900449752808e-01
1.362479776144027710e-01
-1.448238044977188110e-01
-4.710263013839721680e-02
7.792941480875015259e-02
-1.010500174015760422e-02
4.965220019221305847e-02
6.569346040487289429e-02
-1.692408472299575806e-01
-2.482973933219909668e-01
-7.392372936010360718e-02
3.529559075832366943e-02
-2.208747155964374542e-02
1.420893669128417969e-01
1.188089549541473389e-01
1.605256348848342896e-01
-5.091180652379989624e-02
-5.468503758311271667e-02
3.860269859433174133e-02
1.173684448003768921e-01
-4.909666627645492554e-02
-2.265817970037460327e-01
2.592813670635223389e-01
1.654808223247528076e-01
1.181086450815200806e-01
4.326259717345237732e-03
-2.066196640953421593e-03
-8.616096456535160542e-04
-1.367771476507186890e-01
1.737247779965400696e-02
3.053754195570945740e-02
9.939320385456085205e-02
2.208729460835456848e-02
-3.558631986379623413e-02
4.145457595586776733e-02
-2.337405830621719360e-01
8.644930273294448853e-02
7.919738441705703735e-02
5.828157067298889160e-02
-3.729864954948425293e-02
-1.374001652002334595e-01
-2.018254399299621582e-01
2.206703722476959229e-01
-8.742855489253997803e-02
-5.248808860778808594e-02
5.393376201391220093e-02
3.678448870778083801e-02
-1.415489912033081055e-01
9.283048659563064575e-02
3.545416519045829773e-02
-2.174187749624252319e-01
-1.215081438422203064e-01
1.203664578497409821e-02
1.094715669751167297e-01
2.730780094861984253e-02
2.340678125619888306e-02
-2.483487874269485474e-02
-3.904579579830169678e-01
-1.184026673436164856e-01
-3.076720796525478363e-02
-9.722157567739486694e-02
1.764867156744003296e-01
-1.119470223784446716e-01
-1.378424763679504395e-01
-6.106347590684890747e-02
-9.155470877885818481e-02
-7.689413428306579590e-02
1.225158572196960449e-02
-6.471689790487289429e-03
-3.833398967981338501e-02
4.391016811132431030e-02
3.674066811800003052e-02
5.280300229787826538e-02
-3.115628100931644440e-02
1.557361055165529251e-02
2.162560634315013885e-02
2.543021552264690399e-02
1.140652675530873239e-04
-5.127178877592086792e-02
2.373010292649269104e-02
1.444296352565288544e-02
3.227415960282087326e-03
4.521773755550384521e-02
4.937717318534851074e-02
3.231620043516159058e-02
1.455608755350112915e-01
-2.251439541578292847e-02
2.174150757491588593e-02
4.926562681794166565e-02
1.258314680308103561e-02
1.225790828466415405e-01
-2.535213530063629150e-01
-2.151354551315307617e-01
-4.337148740887641907e-02
-2.988439239561557770e-02
-8.145794272422790527e-03
-4.962474852800369263e-02
-3.496408089995384216e-02
-4.408934619277715683e-03
-1.254466176033020020e-01
-6.626231223344802856e-02
4.033422097563743591e-02
-5.738860368728637695e-02
-1.108937337994575500e-02
1.983608305454254150e-02
6.608634442090988159e-02
-9.942736476659774780e-02
-1.106882393360137939e-01
-2.599370665848255157e-02
6.271425634622573853e-03
-1.332998126745223999e-01
-7.778750360012054443e-02
-9.109272062778472900e-02
2.906134426593780518e-01
9.184224903583526611e-02
-1.173700839281082153e-01
4.355790838599205017e-02
-4.044703766703605652e-02
1.119466591626405716e-02
-2.577560767531394958e-02
-7.649417221546173096e-02
-4.737672582268714905e-02
-7.942283153533935547e-02
-7.275576936081051826e-04
9.682285599410533905e-03
7.736224681138992310e-02
9.510102868080139160e-02
-8.112610317766666412e-03
-3.760064020752906799e-02
3.318155556917190552e-02
-1.051256339997053146e-02
-2.043245434761047363e-01
-9.974250942468643188e-02
1.314745992422103882e-01
1.390583626925945282e-02
3.786582127213478088e-02
-1.373612135648727417e-02
-2.408363670110702515e-02
-4.105351120233535767e-02
1.933445408940315247e-02
-1.490642316639423370e-02
-1.932740807533264160e-01
-2.958246171474456787e-01
-5.078241825103759766e-01
3.697928274050354958e-03
1.116367653012275696e-01
2.330725453794002533e-02
2.273016609251499176e-02
-1.342912018299102783e-01
1.324005872011184692e-01
-1.322788745164871216e-01
9.819436073303222656e-02
4.147156700491905212e-02
-3.099330887198448181e-02
-1.398946046829223633e-01
1.145577654242515564e-01
1.626814603805541992e-01
-8.001187443733215332e-02
2.061517536640167236e-02
4.011509194970130920e-02
1.836503110826015472e-02
-2.435320466756820679e-01
6.694878637790679932e-02
-4.485435783863067627e-02
-6.766174919903278351e-03
-6.649675220251083374e-02
9.884818643331527710e-02
3.714179620146751404e-02
-7.553534209728240967e-02
-4.390778243541717529e-01
-1.569164395332336426e-01
2.758775651454925537e-02
-9.956866502761840820e-03
-1.108170747756958008e-01
3.176782652735710144e-02
-8.772710710763931274e-02
-5.892559513449668884e-02
-4.422798752784729004e-02
9.601855278015136719e-02
6.370909512042999268e-02
-1.171749178320169449e-02
1.026942208409309387e-02
5.324869975447654724e-02
1.686689406633377075e-01
-1.700513809919357300e-02
-2.944475226104259491e-02
2.501297742128372192e-02
9.246452152729034424e-02
-4.372515901923179626e-02
-5.616619065403938293e-02
-1.176925096660852432e-02
-8.885153383016586304e-02
-5.441036075353622437e-02
1.016109529882669449e-02
6.062690168619155884e-02
-6.189280003309249878e-02
-1.794945746660232544e-01
3.079164307564496994e-04
3.721878677606582642e-02
-3.124102577567100525e-02
6.776998192071914673e-02
-1.231958940625190735e-01
-3.918999731540679932e-01
-4.598509147763252258e-02
-2.183309793472290039e-01
-7.588128745555877686e-02
-9.914484620094299316e-02
-1.003503203392028809e-01
-1.403965651988983154e-01
-4.227939620614051819e-02
1.310551166534423828e-02
1.216175407171249390e-01
-2.029683999717235565e-02
9.767153300344944000e-03
4.146416857838630676e-02
-3.100885078310966492e-02
2.178981527686119080e-02
-5.808304063975811005e-03
-1.272141374647617340e-02
-1.352959033101797104e-02
-4.628289863467216492e-02
-9.875031188130378723e-03
1.618921197950839996e-02
1.365948817692697048e-03
-6.856207549571990967e-02
3.165892511606216431e-02
-4.304323717951774597e-02
5.704271048307418823e-02
-2.140891104936599731e-01
-1.725643426179885864e-01
-3.793971538543701172e-01
2.067914418876171112e-02
3.909622132778167725e-02
1.083875298500061035e-01
4.786132276058197021e-02
-1.353723406791687012e-01
-7.025722879916429520e-04
-2.090802937746047974e-01
7.782531529664993286e-02
8.818610012531280518e-02
2.064838558435440063e-01
9.035192430019378662e-03
-3.714739531278610229e-02
5.882061272859573364e-02
-9.203990548849105835e-02
1.772298011928796768e-03
5.848172679543495178e-02
9.147427976131439209e-02
-6.030968949198722839e-02
6.850323826074600220e-02
3.394322842359542847e-02
5.814725905656814575e-02
-1.667780578136444092e-01
-2.748071551322937012e-01
-1.224058959633111954e-02
1.110265329480171204e-01
-3.890161216259002686e-02
-1.418903097510337830e-02
-1.080999989062547684e-02
1.300887018442153931e-02
-1.754595041275024414e-01
-6.535646039992570877e-03
1.168899238109588623e-02
-4.085580818355083466e-03
4.434227943420410156e-02
2.137868851423263550e-02
-1.424594875425100327e-02
1.536029484122991562e-02
2.717066369950771332e-02
4.617691505700349808e-03
3.062943695113062859e-03
-2.147094532847404480e-02
4.958949238061904907e-02
2.284306101500988007e-02
-8.129043132066726685e-02
-3.845645114779472351e-02
-2.146384911611676216e-03
1.788690336979925632e-03
1.276367064565420151e-02
2.850040420889854431e-02
1.122475340962409973e-01
-2.570365071296691895e-01
-2.581992000341415405e-02
2.188704907894134521e-02
3.659329563379287720e-02
6.195238232612609863e-02
-5.828563123941421509e-02
-3.732419386506080627e-02
-4.843445867300033569e-02
-1.512122899293899536e-01
-2.748379111289978027e-01
-4.406095482409000397e-03
2.608295157551765442e-02
-6.168521475046873093e-03
-1.098632663488388062e-01
-2.049858719110488892e-01
-1.552651375532150269e-01
-2.085026502609252930e-01
3.605936840176582336e-02
-1.275271624326705933e-01
-1.184133812785148621e-01
-1.091346815228462219e-01
-5.703290551900863647e-02
-2.037720978260040283e-01
-1.036385074257850647e-01
-1.604115515947341919e-01
-1.480495035648345947e-01
-1.278616040945053101e-01
4.819635301828384399e-02
1.031179651618003845e-01
1.143806576728820801e-01
1.943670213222503662e-02
-4.852719232439994812e-02
1.957718282938003540e-02
4.414206196088343859e-04
4.013529047369956970e-02
9.798634797334671021e-02
3.632577881217002869e-02
1.601182110607624054e-02
6.542240735143423080e-03
-2.676186338067054749e-02
-2.439565258100628853e-03
1.007429286837577820e-01
-9.064407646656036377e-02
1.657770201563835144e-02
9.092079848051071167e-02
5.434586200863122940e-03
-4.527400061488151550e-02
-1.334876120090484619e-01
2.008327096700668335e-01
1.611163094639778137e-02
9.887824207544326782e-02
1.291150301694869995e-01
-2.446821192279458046e-03
-3.444796204566955566e-01
-4.104961454868316650e-02
-5.750771611928939819e-02
-3.441620618104934692e-02
5.739428848028182983e-02
5.599772185087203979e-02
3.214424476027488708e-02
-1.031194031238555908e-01
2.228806540369987488e-02
8.754360489547252655e-03
-1.820538789033889771e-01
-8.718907088041305542e-02
-5.807099863886833191e-02
-3.250616136938333511e-03
-1.496136095374822617e-02
9.818114340305328369e-02
3.832446783781051636e-02
-1.413865089416503906e-01
1.785337179899215698e-02
-3.364510834217071533e-02
4.062718898057937622e-02
8.228293061256408691e-02
-7.720242440700531006e-02
-1.870071142911911011e-01
9.887117892503738403e-03
7.696076482534408569e-02
2.443165332078933716e-02
8.743043988943099976e-03
-1.075774803757667542e-01
-7.574058324098587036e-02
-8.983425796031951904e-02
-6.455843150615692139e-02
-1.648083031177520752e-01
-3.972298279404640198e-02
-3.042662143707275391e-02
5.223937332630157471e-02
-1.942673027515411377e-01
-9.265764802694320679e-02
1.176117211580276489e-01
7.656880468130111694e-02
5.078112334012985229e-02
3.419179236516356468e-03
-4.805789887905120850e-02
-5.843448638916015625e-02
2.788012102246284485e-02
8.595538884401321411e-02
3.238359466195106506e-02
-2.219390869140625000e-02
-4.198512062430381775e-02
-1.416154019534587860e-02
1.796014048159122467e-02
-4.628698527812957764e-02
-8.806180953979492188e-02
1.437541842460632324e-01
4.554205387830734253e-02
-1.664628833532333374e-02
1.961171394214034081e-03
2.642481774091720581e-02
-4.320348799228668213e-02
-2.707342207431793213e-01
-2.013946324586868286e-01
5.348818842321634293e-03
1.569042503833770752e-01
-9.220988303422927856e-02
4.613234102725982666e-02
-1.579163372516632080e-01
-2.738175727427005768e-02
-2.901455760002136230e-02
-1.894283592700958252e-01
2.181742899119853973e-02
-8.640391379594802856e-02
-4.013060033321380615e-02
-1.902884989976882935e-02
4.398895055055618286e-02
-5.529945343732833862e-02
-1.696880608797073364e-01
-4.471198096871376038e-02
3.742411732673645020e-02
-4.623138345777988434e-03
-1.167548447847366333e-02
-1.311762481927871704e-01
-1.770689636468887329e-01
1.458927243947982788e-01
-1.529276743531227112e-02
-5.328501388430595398e-02
-6.983768939971923828e-02
5.663467571139335632e-02
8.074320852756500244e-02
2.348941005766391754e-02
7.146524637937545776e-02
-3.126657605171203613e-01
1.835219748318195343e-02
-3.507025167346000671e-02
1.104536503553390503e-01
1.599750667810440063e-01
1.572018302977085114e-02
2.184594050049781799e-02
-9.199725836515426636e-02
-1.314947009086608887e-01
4.939312860369682312e-02
-5.424353107810020447e-02
-1.068970412015914917e-01
-1.210037842392921448e-01
-2.138237953186035156e-01
-2.840079367160797119e-01
-8.910115063190460205e-02
7.878341712057590485e-03
3.230868279933929443e-02
-1.066353693604469299e-01
-3.071259558200836182e-01
-8.247982710599899292e-02
-1.964738070964813232e-01
1.427962724119424820e-02
2.968001551926136017e-02
3.919568657875061035e-02
-1.698341518640518188e-01
-2.298939377069473267e-01
-4.280664771795272827e-02
-2.227569557726383209e-02
1.683847904205322266e-01
1.401983201503753662e-02
-1.245005950331687927e-01
-1.719210296869277954e-01
-7.418090105056762695e-02
3.376907482743263245e-02
-8.053473383188247681e-02
7.263735868036746979e-03
-2.501156367361545563e-02
1.149527877569198608e-01
-1.141893267631530762e-01
7.524623721837997437e-02
8.305064588785171509e-02
-1.453827228397130966e-02
1.294147670269012451e-01
-1.475443094968795776e-01
-8.061362430453300476e-03
7.266552746295928955e-02
7.590662688016891479e-02
-2.549384720623493195e-02
-2.480585873126983643e-02
-5.491177737712860107e-02
-2.859399653971195221e-02
1.052835863083600998e-02
1.167822852730751038e-01
3.467896580696105957e-02
-1.711153425276279449e-02
-4.923214614391326904e-01
-5.135779082775115967e-02
3.463499993085861206e-02
5.499535426497459412e-02
9.986471384763717651e-02
-6.854356825351715088e-02
8.329547126777470112e-04
-3.641896694898605347e-02
-2.350048273801803589e-01
-5.588277429342269897e-02
1.097870692610740662e-01
-3.588715568184852600e-02
1.089065298438072205e-01
1.437190826982259750e-02
-1.670310944318771362e-01
-3.479916974902153015e-02
-1.652155769988894463e-03
-1.070509757846593857e-02
1.755069196224212646e-01
4.382713511586189270e-02
4.724251478910446167e-02
-1.104580387473106384e-01
-1.050486266613006592e-01
-4.381294921040534973e-02
2.396678477525711060e-01
9.440691024065017700e-02
1.419401764869689941e-01
5.312061402946710587e-03
7.791025936603546143e-02
1.158220991492271423e-01
-1.588765531778335571e-02
2.336450852453708649e-02
2.150827497243881226e-01
-1.305311322212219238e-01
-6.146605312824249268e-02
1.339364796876907349e-01
2.918051183223724365e-02
-2.014645561575889587e-02
-5.905542522668838501e-02
-6.994352489709854126e-02
-6.707336008548736572e-02
-3.156540170311927795e-02
1.023419480770826340e-02
-7.504113763570785522e-02
-6.690420955419540405e-02
-1.088033691048622131e-01
-2.431886047124862671e-01
-2.207181900739669800e-01
-1.745820343494415283e-01
-1.623959466814994812e-02
-1.057219706126488745e-04
2.528524585068225861e-02
4.304131865501403809e-02
8.912988007068634033e-02
-4.390103816986083984e-01
-8.045497536659240723e-02
-1.945927739143371582e-01
4.279082641005516052e-02
8.396218530833721161e-03
-6.915413588285446167e-02
-1.166065707802772522e-01
-1.820830702781677246e-01
-3.894879482686519623e-03
1.125060915946960449e-01
1.493715643882751465e-01
1.656058430671691895e-01
-8.114298805594444275e-03
-8.157297223806381226e-02
-1.260495278984308243e-02
8.292669802904129028e-02
-7.023222744464874268e-02
1.562486439943313599e-01
4.486978799104690552e-02
1.262795180082321167e-01
2.448323182761669159e-02
-8.676440455019474030e-03
1.465550810098648071e-02
6.279276311397552490e-02
2.159128338098526001e-02
3.805297601502388716e-04
5.295656993985176086e-02
4.688550159335136414e-02
3.084064833819866180e-02
1.250503659248352051e-01
-1.793421921320259571e-03
1.825495436787605286e-02
-6.120565533638000488e-02
-2.100607901811599731e-01
-1.879664696753025055e-02
1.303363312035799026e-02
-1.193316727876663208e-01
1.554646622389554977e-02
1.443707849830389023e-02
6.143012270331382751e-02
2.222798466682434082e-01
2.496637403964996338e-02
4.771682247519493103e-02
-2.299523726105690002e-02
4.820039868354797363e-02
-1.120827049016952515e-01
-1.063569411635398865e-01
1.443893313407897949e-01
8.759403601288795471e-03
-6.932279095053672791e-03
-5.786766111850738525e-02
-2.770117521286010742e-01
3.090859681833535433e-04
1.574956029653549194e-01
-1.456314623355865479e-01
3.359415009617805481e-02
-8.078257739543914795e-02
-6.460812687873840332e-02
-2.047187536954879761e-01
-1.083075404167175293e-01
-7.054407894611358643e-02
-1.299226935952901840e-02
3.962059970945119858e-03
-4.825292527675628662e-02
-8.050128072500228882e-02
-2.757833898067474365e-01
-4.075916483998298645e-02
-4.380018264055252075e-02
-6.992774456739425659e-02
-1.223010122776031494e-01
-7.765596359968185425e-02
-9.834055602550506592e-02
2.925061248242855072e-02
-4.184073582291603088e-02
7.540111988782882690e-02
5.555014684796333313e-02
4.277372360229492188e-02
2.268839068710803986e-02
-1.555791199207305908e-01
-1.520178467035293579e-01
9.027398191392421722e-03
-1.872541848570108414e-03
1.228125989437103271e-01
-1.702748388051986694e-01
-8.791763335466384888e-02
-1.803362742066383362e-02
3.936292231082916260e-02
4.018643870949745178e-02
4.229478538036346436e-02
9.199190139770507812e-02
7.112867664545774460e-03
1.013812944293022156e-01
6.802393123507499695e-03
5.839041247963905334e-02
3.501895070075988770e-02
4.445020854473114014e-02
1.399061456322669983e-02
-1.652213037014007568e-01
2.712394297122955322e-01
-1.031678449362516403e-02
-1.691413857042789459e-02
-5.013329535722732544e-02
-6.726480205543339252e-04
-5.926778912544250488e-02
2.756660245358943939e-02
1.280955076217651367e-01
1.868041604757308960e-02
7.746484875679016113e-02
-1.641900092363357544e-01
-1.386139690876007080e-01
-3.120993636548519135e-02
8.215525746345520020e-02
1.428468823432922363e-01
-1.999510824680328369e-02
-1.242961362004280090e-02
-1.690902858972549438e-01
-1.135492175817489624e-01
9.059248119592666626e-02
2.121835649013519287e-01
1.040001288056373596e-01
-5.702757835388183594e-02
-2.151916921138763428e-02
3.591975255403667688e-04
1.122158020734786987e-02
3.805712983012199402e-02
1.842879354953765869e-01
1.564493179321289062e-01
-4.060747474431991577e-02
2.686744928359985352e-02
-9.014989435672760010e-02
-5.705339461565017700e-02
-5.798730626702308655e-02
5.286993109621107578e-04
-2.849061042070388794e-02
-2.175744250416755676e-02
-5.613151192665100098e-02
1.379379816353321075e-02
-7.269882410764694214e-02
-5.734635517001152039e-02
-3.977253072662279010e-06
-7.520560920238494873e-02
-3.493652492761611938e-02
1.452943831682205200e-01
1.515255309641361237e-02
3.905887901782989502e-02
3.616696968674659729e-02
-1.637965068221092224e-02
-2.417008578777313232e-01
-2.182651758193969727e-01
-4.705081582069396973e-01
1.329678446054458618e-01
-5.791036412119865417e-02
-1.014657765626907349e-01
1.930114999413490295e-02
-1.385983377695083618e-01
-6.342236697673797607e-02
-2.166066505014896393e-02
1.044428050518035889e-01
2.642804384231567383e-02
1.617795675992965698e-01
-2.812789939343929291e-02
1.002845633774995804e-02
-3.944129496812820435e-02
-1.239199340343475342e-01
8.994108438491821289e-02
-4.225782677531242371e-02
1.019522920250892639e-01
1.467191874980926514e-01
1.028542518615722656e-01
-7.013851404190063477e-02
7.064605504274368286e-02
-5.748993903398513794e-02
6.775605026632547379e-03
-8.507153019309043884e-03
6.671790778636932373e-02
7.598126679658889771e-02
7.598625123500823975e-02
2.982889488339424133e-02
6.645608693361282349e-02
2.816960774362087250e-02
8.254427462816238403e-02
9.806743822991847992e-03
-1.133531332015991211e-01
-6.000804156064987183e-02
6.042822822928428650e-02
5.666155740618705750e-02
5.088978447020053864e-03
1.015272736549377441e-01
1.287772953510284424e-01
-1.094109378755092621e-02
-5.516792088747024536e-02
1.209451630711555481e-01
-1.390984207391738892e-01
-1.294752303510904312e-02
9.303144365549087524e-02
1.087755858898162842e-01
9.265711903572082520e-02
3.934545814990997314e-02
-9.176755324006080627e-03
-1.032892763614654541e-01
1.427278388291597366e-02
3.981230407953262329e-02
2.113284915685653687e-02
4.173713549971580505e-02
3.549702093005180359e-02
3.004148602485656738e-02
-4.799596220254898071e-02
-1.680320128798484802e-02
6.482844799757003784e-02
1.914171278476715088e-01
1.043532490730285645e-01
6.091369688510894775e-02
-1.819237880408763885e-02
7.611507922410964966e-02
-1.821525208652019501e-02
1.456308513879776001e-01
1.177403256297111511e-01
1.909516565501689911e-02
-9.625517576932907104e-02
-1.509232912212610245e-03
-1.409969106316566467e-02
1.116463020443916321e-01
1.664726287126541138e-01
-1.495176851749420166e-01
-1.219382733106613159e-01
-7.429972756654024124e-03
4.055727273225784302e-02
1.898021996021270752e-02
-1.038234382867813110e-01
-1.400191336870193481e-01
-1.422601640224456787e-01
-1.698686368763446808e-02
8.364331722259521484e-02
6.851478666067123413e-02
-2.254990935325622559e-01
-2.291060984134674072e-02
-1.308190971612930298e-01
-1.191320642828941345e-01
-1.145953014492988586e-01
-6.179853528738021851e-02
-1.801817715167999268e-01
-1.477590948343276978e-01
-1.909507811069488525e-02
-1.817705184221267700e-01
-1.482711285352706909e-01
-1.575304269790649414e-01
-2.286264449357986450e-01
-1.555855274200439453e-01
-1.004607975482940674e-01
7.345225661993026733e-02
-1.209634691476821899e-01
-3.358210921287536621e-01
-2.930559217929840088e-01
-8.606877923011779785e-02
-9.394776076078414917e-02
4.486169666051864624e-02
-1.461538970470428467e-01
-3.225028812885284424e-01
-6.396272182464599609e-01
-6.559476256370544434e-02
-1.515056937932968140e-02
2.911638021469116211e-01
8.139307796955108643e-02
4.081520810723304749e-02
-4.820762574672698975e-02
3.441841900348663330e-02
6.409233063459396362e-02
1.495097279548645020e-01
-1.277834773063659668e-01
1.660270988941192627e-02
2.527169324457645416e-02
5.881274119019508362e-03
-3.646560944616794586e-03
9.853479266166687012e-02
1.179078966379165649e-01
4.039201885461807251e-02
-2.623365959152579308e-03
1.863219439983367920e-01
1.199091672897338867e-01
1.889182999730110168e-02
-4.942746460437774658e-02
-5.882599204778671265e-02
-1.848983392119407654e-02
3.972993046045303345e-02
-7.036098837852478027e-02
9.519190341234207153e-02
5.944992974400520325e-02
8.621730655431747437e-02
-2.998080663383007050e-02
-5.854373797774314880e-02
3.311488032341003418e-02
-1.085296869277954102e-01
6.693997979164123535e-02
6.418511271476745605e-02
-1.943204253911972046e-01
-1.243773028254508972e-01
-9.633372537791728973e-03
8.781486749649047852e-02
-4.159905388951301575e-02
-2.833699434995651245e-02
5.717351287603378296e-02
1.474128663539886475e-02
6.919621955603361130e-04
-1.996440440416336060e-02
-1.796590387821197510e-01
-1.762680560350418091e-01
-6.038837879896163940e-02
-5.868864059448242188e-02
-1.106716468930244446e-01
1.579296588897705078e-02
1.489692647010087967e-02
6.619631778448820114e-03
-1.660246960818767548e-02
-2.484892727807164192e-03
7.215218245983123779e-02
-3.126762062311172485e-02
-3.476742282509803772e-02
-4.272829741239547729e-02
-1.320779789239168167e-02
-7.834454998373985291e-03
8.135427720844745636e-03
4.161683470010757446e-02
4.242350906133651733e-02
-3.095346316695213318e-02
7.848078384995460510e-04
-4.124142229557037354e-02
-7.486603409051895142e-02
8.898799866437911987e-02
5.421956628561019897e-02
-1.457038521766662598e-02
-2.846011519432067871e-02
-5.876749008893966675e-02
-3.549870848655700684e-02
4.837758373469114304e-03
3.975000232458114624e-02
2.047876119613647461e-01
8.805111795663833618e-02
-1.331037878990173340e-01
-4.486032575368881226e-02
-1.351235955953598022e-01
-4.526687040925025940e-02
4.351370036602020264e-02
8.088354021310806274e-02
-1.986846625804901123e-01
-1.429900377988815308e-01
-1.725931763648986816e-01
-1.577839106321334839e-01
-1.438054535537958145e-02
6.959111988544464111e-02
-5.180111527442932129e-02
-1.193992644548416138e-01
-3.042953647673130035e-02
-1.352026760578155518e-01
-9.998445957899093628e-02
-3.551495901774615049e-04
1.205596551299095154e-01
-1.136104092001914978e-01
-3.340250253677368164e-01
1.984415017068386078e-02
-1.117496341466903687e-01
-6.845548632554709911e-04
-6.182957813143730164e-02
1.624993607401847839e-02
2.267272584140300751e-02
8.076937869191169739e-03
2.139153890311717987e-02
-2.753254584968090057e-02
-3.046596236526966095e-02
-2.559860050678253174e-01
-6.378006935119628906e-02
-6.002315878868103027e-02
6.635123863816261292e-04
-5.604358017444610596e-02
2.983543463051319122e-02
-3.362702727317810059e-01
-3.759306296706199646e-02
6.084384396672248840e-02
1.649033576250076294e-01
-1.760361343622207642e-01
3.166863694787025452e-02
-3.132255375385284424e-01
-4.381702095270156860e-02
-8.461529016494750977e-02
5.046274140477180481e-02
1.331445276737213135e-01
9.551081806421279907e-02
8.640019595623016357e-02
-3.021972775459289551e-01
-8.156025409698486328e-02
5.256479233503341675e-02
6.212895736098289490e-02
-1.488119363784790039e-01
-1.704521290957927704e-02
-1.086388528347015381e-01
-3.102191686630249023e-01
-1.537597179412841797e-01
1.445343159139156342e-02
-3.279010998085141182e-04
-1.591280661523342133e-02
1.863870769739151001e-02
-4.452414810657501221e-02
-3.803856074810028076e-01
-3.452680772170424461e-03
3.545169252902269363e-03
4.247266054153442383e-02
-3.867914155125617981e-02
-6.253329664468765259e-02
1.421249061822891235e-01
-1.020545363426208496e-01
1.930658221244812012e-01
-3.577905148267745972e-02
-7.513372600078582764e-02
-6.472663022577762604e-03
-1.121062971651554108e-02
8.451581001281738281e-02
-2.098867148160934448e-01
4.600765556097030640e-02
-1.327395141124725342e-01
-1.017767656594514847e-02
-6.831718981266021729e-02
-3.110665082931518555e-02
-2.148306928575038910e-02
6.311303377151489258e-02
-1.687544435262680054e-01
6.848305463790893555e-03
-1.433313786983489990e-01
1.564307212829589844e-01
-1.197625100612640381e-01
7.698868215084075928e-02
-4.065999761223793030e-02
-4.487220942974090576e-02
1.763984411954879761e-01
-8.413030952215194702e-02
-9.409213811159133911e-02
-7.434273511171340942e-02
-7.352565228939056396e-02
5.757595226168632507e-02
-1.039650589227676392e-01
2.211933210492134094e-02
8.687345683574676514e-02
-4.112390801310539246e-02
-4.351825639605522156e-02
-7.033699005842208862e-02
-7.601720094680786133e-02
-2.239551544189453125e-01
-1.012291088700294495e-01
5.237426608800888062e-02
9.493093937635421753e-02
2.249359339475631714e-01
2.807424869388341904e-03
-3.479845821857452393e-02
-7.347568124532699585e-02
-1.452142894268035889e-01
-9.965732693672180176e-02
-5.942587181925773621e-02
-1.107163131237030029e-01
-4.762713983654975891e-02
-3.324681147933006287e-02
1.519681885838508606e-02
2.181082405149936676e-02
2.531922236084938049e-02
6.980538368225097656e-02
1.329996716231107712e-02
-6.446930766105651855e-02
-4.178204014897346497e-02
-5.415123328566551208e-02
4.685053229331970215e-02
-1.643579453229904175e-02
-1.937649585306644440e-02
-8.161397278308868408e-02
2.034245803952217102e-02
-9.242992848157882690e-03
-1.951974257826805115e-02
-6.462768465280532837e-02
9.248886257410049438e-03
-9.170441888272762299e-03
1.360410638153553009e-02
7.024265080690383911e-02
-1.128627881407737732e-01
-2.697354881092905998e-03
3.064443469047546387e-01
2.389783412218093872e-02
5.839532241225242615e-02
-5.175184085965156555e-02
-1.833284622989594936e-03
-1.056285202503204346e-01
4.603068158030509949e-02
-7.497057318687438965e-02
4.772613197565078735e-02
-2.559406310319900513e-02
-5.655254796147346497e-02
-9.589003771543502808e-02
-1.767055317759513855e-02
2.393647655844688416e-02
-2.809771299362182617e-01
-5.791335925459861755e-02
-6.024765595793724060e-02
5.368508398532867432e-02
-2.115667015314102173e-01
-2.046249061822891235e-02
-9.732116945087909698e-03
-1.107421815395355225e-01
2.132288180291652679e-02
-7.802592217922210693e-02
-1.890982314944267273e-02
6.719251722097396851e-02
4.061774350702762604e-03
-3.699889779090881348e-01
-2.458986788988113403e-01
6.248844787478446960e-02
2.089178375899791718e-02
-1.450584270060062408e-02
7.289538532495498657e-02
-8.592790924012660980e-03
2.840159460902214050e-03
6.308590620756149292e-02
3.377964347600936890e-02
8.385729789733886719e-02
4.079161956906318665e-02
1.672749072313308716e-01
-3.882179036736488342e-02
-4.457442555576562881e-03
-1.155027654021978378e-03
3.034729361534118652e-01
-1.039552781730890274e-02
8.983098715543746948e-02
1.904888823628425598e-02
3.387518599629402161e-02
5.340696079656481743e-04
-1.989443451166152954e-01
-4.880892112851142883e-02
-7.489753514528274536e-02
5.283252522349357605e-02
9.014508128166198730e-02
-7.345859706401824951e-02
1.107498109340667725e-01
4.397343844175338745e-03
1.650600135326385498e-01
8.295120298862457275e-02
1.015559211373329163e-01
1.242805644869804382e-01
-4.543690010905265808e-02
-2.468717657029628754e-02
4.657493159174919128e-02
8.409288525581359863e-02
1.563287223689258099e-03
-1.268065124750137329e-01
-1.862718164920806885e-01
-3.267625719308853149e-02
-1.829809993505477905e-01
2.362323738634586334e-02
-1.994830220937728882e-01
-1.214891448616981506e-01
-2.049079537391662598e-01
-1.313662379980087280e-01
-4.270946234464645386e-02
-1.287749558687210083e-01
-1.230846792459487915e-01
-3.854671120643615723e-02
1.921863527968525887e-03
-9.673245996236801147e-02
6.550233811140060425e-02
9.446348994970321655e-03
-2.726363763213157654e-02
-1.500587016344070435e-01
-1.226307749748229980e-01
-9.833448380231857300e-02
4.314944520592689514e-02
5.529766436666250229e-03
-1.154333166778087616e-02
-1.331219635903835297e-02
-4.494607076048851013e-02
5.879672244191169739e-02
1.118725538253784180e-01
1.151605919003486633e-01
-1.525373905897140503e-01
4.620341584086418152e-02
9.367452934384346008e-03
-1.157428473234176636e-01
2.720125317573547363e-01
9.895857423543930054e-02
7.115047425031661987e-02
4.302853718400001526e-02
-6.674743294715881348e-01
-2.777602896094322205e-02
9.530188143253326416e-02
8.016479015350341797e-02
-1.456899102777242661e-02
7.024868577718734741e-02
-2.795138955116271973e-02
1.131982207298278809e-01
-2.290879935026168823e-01
-1.740315854549407959e-01
-6.983346492052078247e-02
9.388604201376438141e-03
-1.544454246759414673e-01
-1.009930670261383057e-01
-1.707157343626022339e-01
-1.699034571647644043e-01
-1.459398418664932251e-01
3.615330904722213745e-02
1.154746487736701965e-02
-8.213534206151962280e-02
-9.619507938623428345e-02
-2.329236268997192383e-01
-9.853398054838180542e-02
-8.274348825216293335e-02
9.140096604824066162e-03
1.024965718388557434e-01
-8.483147621154785156e-02
-4.783966287504881620e-04
-1.069752573966979980e-01
-1.848621107637882233e-02
-5.390738323330879211e-02
6.456148624420166016e-02
4.811396822333335876e-02
5.967366974800825119e-03
-9.797812253236770630e-02
2.497206255793571472e-02
-1.361009776592254639e-01
-4.925559088587760925e-02
7.521871477365493774e-02
1.270046681165695190e-01
-1.931924521923065186e-01
-3.079725243151187897e-02
-3.459540382027626038e-02
6.666798144578933716e-02
2.641452848911285400e-01
2.646709792315959930e-02
7.356829196214675903e-02
2.471939427778124809e-03
-1.630335599184036255e-01
2.270332723855972290e-02
2.447173185646533966e-02
4.423275217413902283e-02
1.128303855657577515e-01
6.038898974657058716e-02
-1.397623717784881592e-01
7.913786917924880981e-02
-1.029506325721740723e-02
-2.534164488315582275e-01
-2.282887697219848633e-01
-4.905513487756252289e-03
-9.260544925928115845e-02
-8.366283960640430450e-03
-7.083895057439804077e-02
2.403699094429612160e-03
-2.280964255332946777e-01
-7.001730054616928101e-02
-2.224677242338657379e-02
-1.065103933215141296e-01
2.183682285249233246e-02
7.683804631233215332e-02
4.170527681708335876e-02
-5.480517446994781494e-02
-1.735233664512634277e-01
-4.899620637297630310e-02
-2.797276899218559265e-02
3.259954601526260376e-02
-3.263898566365242004e-02
1.844093017280101776e-02
-2.948681265115737915e-02
7.615046203136444092e-02
2.879097126424312592e-02
6.635151058435440063e-02
-1.790314330719411373e-03
-1.022008210420608521e-01
6.603906303644180298e-02
-3.135291114449501038e-02
-1.098823454231023788e-02
-5.747235566377639771e-02
-1.179395020008087158e-01
2.196945622563362122e-02
-2.080897055566310883e-02
5.976122990250587463e-02
6.336849182844161987e-02
-7.006520777940750122e-02
-1.470095664262771606e-01
-2.427189499139785767e-01
-4.234310239553451538e-03
-3.732013702392578125e-02
-4.088003933429718018e-02
-2.434005141258239746e-01
3.257910721004009247e-03
-1.269349604845046997e-01
-1.637101769447326660e-01
-1.494649350643157959e-01
-9.508914500474929810e-02
-1.104099005460739136e-01
3.913855925202369690e-02
-1.402415335178375244e-01
5.930652841925621033e-03
-6.988686323165893555e-02
6.930266041308641434e-03
-1.609044373035430908e-01
7.314903289079666138e-02
8.881747722625732422e-02
1.198146045207977295e-01
6.180584058165550232e-02
1.864410042762756348e-01
-3.832823038101196289e-02
-8.433476090431213379e-03
-3.737109899520874023e-02
-4.151561483740806580e-02
-1.009561046957969666e-01
3.920092061161994934e-02
1.475120633840560913e-01
-2.096605859696865082e-02
7.362058013677597046e-02
6.798855960369110107e-02
7.636836916208267212e-02
-2.547668293118476868e-02
-4.598625004291534424e-02
3.302591666579246521e-02
1.016641855239868164e-01
8.277777582406997681e-02
2.807758981361985207e-03
-6.590146571397781372e-02
-1.580849476158618927e-02
6.208908185362815857e-02
-7.045803964138031006e-02
3.053743857890367508e-03
2.430880069732666016e-02
2.047723345458507538e-02
-4.702061787247657776e-02
-3.925631940364837646e-02
-2.740664035081863403e-02
-3.043763153254985809e-02
-8.813590742647647858e-03
3.970028460025787354e-02
-3.732241690158843994e-02
-2.280554547905921936e-02
-3.133587911725044250e-02
1.644248664379119873e-01
-1.918650232255458832e-02
3.417279571294784546e-02
5.733587592840194702e-02
-1.278613805770874023e-01
-7.454606145620346069e-02
5.341481417417526245e-02
-8.010011911392211914e-02
1.649679541587829590e-01
-2.627380192279815674e-02
7.036620378494262695e-02
-1.408653557300567627e-01
-2.722785435616970062e-02
-6.674213707447052002e-02
1.525984704494476318e-02
2.220125682651996613e-02
-9.833410149440169334e-04
-8.751823008060455322e-02
8.737535774707794189e-02
2.789428457617759705e-03
2.089840918779373169e-01
-2.965064346790313721e-02
3.890562057495117188e-02
9.509886801242828369e-02
-1.050816625356674194e-01
1.982756853103637695e-01
-4.453718662261962891e-02
2.109744772315025330e-02
1.178994253277778625e-01
-5.126992613077163696e-02
-7.323431968688964844e-02
-5.976227112114429474e-03
5.547589063644409180e-02
-3.418303132057189941e-01
-1.763284020125865936e-02
-1.347606033086776733e-01
-1.286344677209854126e-01
-1.080239936709403992e-01
-8.313888683915138245e-03
-1.558385044336318970e-01
1.178402230143547058e-01
-8.887434378266334534e-03
-4.381659626960754395e-02
1.046186219900846481e-02
-1.771979033946990967e-01
-1.884871721267700195e-01
-3.382716327905654907e-02
1.208205148577690125e-02
1.202794909477233887e-01
-1.078019198030233383e-02
-2.091128565371036530e-02
-3.508027270436286926e-02
-1.502385437488555908e-01
-3.066085278987884521e-01
1.227805390954017639e-01
-2.550155818462371826e-01
-1.426661107689142227e-02
-9.515544027090072632e-02
-1.160749718546867371e-01
-4.520357027649879456e-02
1.712439209222793579e-01
4.044847935438156128e-02
4.477496817708015442e-02
-1.490525454282760620e-01
-4.909276217222213745e-02
8.214838057756423950e-02
3.163639456033706665e-02
-2.278519421815872192e-01
-3.742681443691253662e-02
-1.460241079330444336e-01
-2.475705184042453766e-02
-6.210070848464965820e-02
9.330172836780548096e-02
4.340874031186103821e-02
4.530028626322746277e-02
-4.133097361773252487e-03
1.879063993692398071e-01
2.795708552002906799e-02
-2.004196047782897949e-01
-1.247676685452461243e-01
-5.908505618572235107e-02
3.991382569074630737e-02
-1.244997754693031311e-01
-5.607453361153602600e-02
-6.482329219579696655e-02
-5.486379191279411316e-02
-1.072370931506156921e-01
-4.253184050321578979e-02
5.085751786828041077e-02
-6.878896802663803101e-02
1.513562537729740143e-02
1.233157236129045486e-02
6.128060817718505859e-02
4.342798888683319092e-02
7.630359381437301636e-02
-8.958259969949722290e-02
-1.463443338871002197e-01
1.024323254823684692e-01
-7.003215700387954712e-02
-5.928345769643783569e-02
-1.782683469355106354e-02
8.311539888381958008e-02
-1.212354823946952820e-01
-1.701779365539550781e-01
-1.047050133347511292e-01
-1.829275041818618774e-01
-1.244522407650947571e-01
-3.643111884593963623e-02
9.518696926534175873e-03
-1.789297461509704590e-01
5.529016628861427307e-02
-1.856589317321777344e-01
-1.590038836002349854e-01
8.766529709100723267e-02
7.204885780811309814e-02
-2.779897488653659821e-02
1.863736286759376526e-02
6.750082224607467651e-02
-7.829731330275535583e-03
-2.408376187086105347e-01
-3.886168589815497398e-03
1.083123534917831421e-01
3.401476424187421799e-03
6.227722764015197754e-02
3.127279225736856461e-03
1.495649106800556183e-03
9.675402939319610596e-02
5.459542945027351379e-02
-6.740764714777469635e-03
8.711326867341995239e-02
3.159901499748229980e-02
7.216124795377254486e-03
-6.493972986936569214e-02
1.563288830220699310e-02
6.971691548824310303e-02
5.453635379672050476e-02
-1.498365774750709534e-02
-1.024378538131713867e-01
-4.030885174870491028e-02
-1.132566295564174652e-02
8.517546951770782471e-02
1.920198462903499603e-02
-6.492323242127895355e-03
-8.528485894203186035e-03
9.081277064979076385e-03
2.995962649583816528e-02
-7.864439487457275391e-02
1.210015919059514999e-02
1.523379236459732056e-03
-1.202566996216773987e-01
-8.065332472324371338e-02
-2.461973764002323151e-02
-7.371173053979873657e-02
-3.270831108093261719e-01
-1.860019564628601074e-02
1.086477935314178467e-01
-1.181092485785484314e-01
-1.604847162961959839e-01
-7.331992685794830322e-02
-4.623209312558174133e-02
1.299623548984527588e-01
5.973202735185623169e-02
-1.014990918338298798e-02
-1.940104961395263672e-01
-4.116688389331102371e-03
-7.751963287591934204e-02
-1.685596071183681488e-02
7.973960041999816895e-02
5.654866993427276611e-02
-1.726896166801452637e-01
-7.890187203884124756e-02
-7.855994254350662231e-02
-6.840410828590393066e-02
5.147694051265716553e-02
1.728680580854415894e-01
1.323004364967346191e-01
2.525252103805541992e-01
2.045343071222305298e-01
8.356794714927673340e-02
2.651452459394931793e-02
-1.227732747793197632e-02
-3.392830863595008850e-02
3.068159334361553192e-03
-7.311739027500152588e-03
-4.748247563838958740e-02
6.764739286154508591e-03
8.348569273948669434e-03
-6.225521117448806763e-02
1.526910364627838135e-01
2.258973941206932068e-02
-1.186672821640968323e-01
-1.399378180503845215e-01
-6.892798840999603271e-02
6.558198481798171997e-02
1.571206003427505493e-02
7.929331623017787933e-03
5.511906743049621582e-02
-1.994354873895645142e-01
-1.029496341943740845e-01
8.676606416702270508e-02
-7.579254359006881714e-02
-1.678955852985382080e-01
-1.054318174719810486e-01
-1.130596175789833069e-01
-3.601327836513519287e-01
-1.924043297767639160e-01
3.843799605965614319e-02
1.040561124682426453e-02
-1.015841066837310791e-01
1.347014904022216797e-01
-2.213412672281265259e-01
-9.498611092567443848e-02
6.477080285549163818e-02
-6.303215026855468750e-02
-8.274306356906890869e-02
5.159575864672660828e-02
6.131240632385015488e-03
-7.588116079568862915e-02
1.359704136848449707e-01
1.084910109639167786e-01
-6.772948056459426880e-02
-1.226177066564559937e-01
5.007754266262054443e-02
-1.990526318550109863e-01
-2.503690682351589203e-02
2.518969960510730743e-02
-1.196444779634475708e-01
-5.260157957673072815e-02
1.851724111475050449e-03
-7.570309191942214966e-02
-5.235451739281415939e-03
-6.696063280105590820e-02
-1.226416006684303284e-01
-1.249315869063138962e-02
1.203850563615560532e-02
5.819557979702949524e-02
-4.927897825837135315e-03
-4.462289437651634216e-02
-8.846801519393920898e-02
-6.378486007452011108e-02
1.961616799235343933e-02
-2.444289997220039368e-02
-6.913081556558609009e-02
-7.063573598861694336e-02
-6.792673468589782715e-02
-1.023955941200256348e-01
-2.730198204517364502e-02
1.498185284435749054e-02
1.422547455877065659e-02
-5.535322055220603943e-02
1.068770699203014374e-02
-2.494885772466659546e-01
1.330824345350265503e-01
2.245815396308898926e-01
-2.295733056962490082e-02
7.548514753580093384e-02
-2.461529150605201721e-02
-7.982388138771057129e-02
-7.231476157903671265e-02
4.349072277545928955e-02
5.132717639207839966e-02
9.562800824642181396e-02
-3.920143842697143555e-02
-5.539285019040107727e-02
2.530583925545215607e-02
3.040008842945098877e-01
-2.218863964080810547e-01
5.641390010714530945e-02
1.308746188879013062e-01
-1.142238155007362366e-01
-9.003619104623794556e-02
-1.019391566514968872e-01
1.614876687526702881e-01
2.709616422653198242e-01
1.607799679040908813e-01
-1.843333430588245392e-02
-4.662689194083213806e-02
9.971321560442447662e-03
-4.672762379050254822e-02
-4.087377712130546570e-02
-3.786281496286392212e-02
-2.864640578627586365e-02
-9.247180819511413574e-02
-9.066705405712127686e-02
-2.548685111105442047e-02
-6.623392459005117416e-03
8.108945190906524658e-02
-6.114908307790756226e-02
4.430320858955383301e-02
5.072677135467529297e-02
4.127476364374160767e-02
-2.332280762493610382e-02
-2.222569584846496582e-01
4.768658801913261414e-02
1.912901061587035656e-03
3.740410134196281433e-02
6.968012545257806778e-03
-5.606705695390701294e-02
8.211507461965084076e-03
-3.463048860430717468e-02
-6.174254044890403748e-02
-5.155343413352966309e-01
-2.793753743171691895e-01
-6.840621680021286011e-02
3.594823926687240601e-02
-5.980727821588516235e-02
1.248829290270805359e-01
9.251379221677780151e-02
-1.580492407083511353e-01
-1.902665756642818451e-02
9.388697892427444458e-02
1.270302850753068924e-02
-3.066243045032024384e-02
-1.059914827346801758e-01
-2.022597193717956543e-02
-1.920938678085803986e-02
-1.375760436058044434e-01
2.241789596155285835e-03
4.176806658506393433e-02
-3.595488891005516052e-02
-1.254582870751619339e-02
2.491285055875778198e-01
2.529417276382446289e-01
1.089405938982963562e-01
2.799249812960624695e-02
-2.962424233555793762e-02
-2.094293385744094849e-02
1.991122402250766754e-02
4.506135731935501099e-02
1.080413237214088440e-01
1.727263326756656170e-03
4.907370358705520630e-02
4.152395203709602356e-02
-9.778479114174842834e-03
4.884408786892890930e-03
1.902361512184143066e-01
3.095393478870391846e-01
1.084682568907737732e-01
-6.064251437783241272e-02
1.534764422103762627e-03
-7.019851356744766235e-02
3.363588452339172363e-02
-2.255654521286487579e-02
4.729697108268737793e-01
9.108666330575942993e-02
-1.820258051156997681e-02
-1.443658322095870972e-01
-5.875944346189498901e-02
2.278498373925685883e-02
-2.084165960550308228e-01
3.718768656253814697e-01
6.092141196131706238e-02
1.905273087322711945e-02
-1.088733226060867310e-01
-6.609241664409637451e-02
3.168235719203948975e-02
-1.062069460749626160e-01
4.344655871391296387e-01
9.543379396200180054e-02
-3.822924569249153137e-02
-6.412153691053390503e-02
1.683713309466838837e-02
-2.623509615659713745e-02
2.668435871601104736e-01
3.400702774524688721e-01
-1.167263835668563843e-02
-2.159587852656841278e-02
8.464193344116210938e-02
2.937659993767738342e-02
-6.078459788113832474e-03
4.944215342402458191e-02
4.334955476224422455e-03
3.883604705333709717e-02
-3.439011797308921814e-02
3.830274799838662148e-03
4.924792051315307617e-02
3.584050759673118591e-02
1.468563103117048740e-03
2.848530188202857971e-02
-2.095778845250606537e-02
-4.592707008123397827e-02
-2.208464965224266052e-02
-5.762613564729690552e-02
-5.575149785727262497e-03
-2.143215201795101166e-02
4.621447250247001648e-02
4.029531404376029968e-02
-1.742653665132820606e-03
-1.009308174252510071e-01
-8.810188621282577515e-02
7.752447575330734253e-02
1.122320592403411865e-01
1.751593649387359619e-01
-5.207693576812744141e-02
3.914777655154466629e-03
-1.224189065396785736e-02
-1.108854413032531738e-01
-3.822727873921394348e-02
-9.044380858540534973e-03
1.702916920185089111e-01
1.067874878644943237e-01
5.313726887106895447e-02
-7.321693748235702515e-02
1.760124415159225464e-02
-2.508851885795593262e-02
1.237511113286018372e-01
1.602553874254226685e-01
5.365871265530586243e-02
9.655617922544479370e-02
2.325261197984218597e-02
-7.470428943634033203e-02
-1.141613069921731949e-02
2.095161378383636475e-01
1.483393311500549316e-01
-8.877461403608322144e-02
1.917272508144378662e-01
2.019697241485118866e-02
-5.028588697314262390e-03
6.504508852958679199e-02
2.349101603031158447e-01
2.267165482044219971e-02
7.508151978254318237e-02
5.358391627669334412e-02
-1.956234313547611237e-02
7.466912735253572464e-03
6.454405188560485840e-02
-5.638775974512100220e-02
-3.972899615764617920e-01
-1.051549389958381653e-01
-2.440970391035079956e-02
3.618498519062995911e-02
4.110070411115884781e-03
-5.479418486356735229e-02
-1.496294289827346802e-01
7.532457262277603149e-02
-4.736056178808212280e-02
-4.021298512816429138e-02
4.565629735589027405e-02
-3.662272542715072632e-02
-5.979017913341522217e-02
-1.020767092704772949e-01
1.508299354463815689e-02
6.672041863203048706e-02
4.565903171896934509e-02
1.845180056989192963e-02
-4.224121943116188049e-02
-4.037723690271377563e-02
-4.732227325439453125e-02
7.256098091602325439e-03
3.764673694968223572e-02
9.732617065310478210e-03
1.144846677780151367e-01
-4.376393556594848633e-02
-1.602454632520675659e-01
-1.713676378130912781e-02
1.445622090250253677e-02
1.757281832396984100e-02
-4.482240881770849228e-03
-1.086937543004751205e-02
-4.953349754214286804e-02
-2.101370692253112793e-01
-3.028333000838756561e-02
5.459206923842430115e-02
3.485484793782234192e-02
-1.810260117053985596e-01
-2.543772459030151367e-01
-6.073431670665740967e-02
-7.931306958198547363e-02
1.808094233274459839e-02
8.617324382066726685e-02
2.141855359077453613e-01
8.416864275932312012e-02
-2.905009605456143618e-04
2.772258967161178589e-02
-6.971924751996994019e-02
-9.764401614665985107e-02
7.340700924396514893e-02
1.602376997470855713e-01
9.281896799802780151e-02
-1.103227864950895309e-02
2.516485005617141724e-02
-2.432796359062194824e-01
-1.057758107781410217e-01
-1.657680608332157135e-02
1.652017384767532349e-01
2.585250139236450195e-01
1.127758845686912537e-01
-3.535813465714454651e-02
4.442036524415016174e-02
8.781006932258605957e-02
-1.263903081417083740e-02
4.679257422685623169e-02
1.484115980565547943e-02
-2.208213806152343750e-01
-1.510037183761596680e-01
-1.605662256479263306e-01
8.922590315341949463e-02
-2.402434311807155609e-02
-5.944759771227836609e-02
5.067727714776992798e-02
-7.072336226701736450e-02
2.946249023079872131e-02
-3.955321386456489563e-02
-4.367716982960700989e-02
-1.139025762677192688e-01
-2.235779613256454468e-01
7.473998516798019409e-02
-1.118988171219825745e-02
5.551255494356155396e-02
-1.122232899069786072e-01
-2.478259429335594177e-02
-2.011593133211135864e-01
-1.148884966969490051e-01
2.796538919210433960e-02
5.865504592657089233e-02
-1.766431145370006561e-02
5.092562735080718994e-02
-4.569581523537635803e-02
9.261128492653369904e-03
8.091239631175994873e-02
8.242131024599075317e-02
1.178781315684318542e-01
3.763259947299957275e-02
-3.054298646748065948e-02
1.311777532100677490e-01
-3.432770073413848877e-02
9.061392396688461304e-02
3.011169610545039177e-03
2.611991390585899353e-02
5.301067978143692017e-02
1.094498708844184875e-01
1.766619831323623657e-01
4.274591058492660522e-02
-1.805944740772247314e-02
1.592403054237365723e-01
-1.307335775345563889e-02
6.450273841619491577e-02
-1.098613142967224121e-01
4.477132856845855713e-02
-2.900867909193038940e-02
-3.643618151545524597e-02
-1.232405677437782288e-01
-1.767650246620178223e-01
-6.152192503213882446e-02
-1.724796444177627563e-01
-1.795663982629776001e-01
5.430734902620315552e-02
-2.918270044028759003e-02
4.214305803179740906e-02
5.073587875813245773e-03
-1.703055500984191895e-01
-1.959904134273529053e-01
-1.022062897682189941e-01
6.033018976449966431e-02
-5.157609004527330399e-03
3.476490825414657593e-02
1.548718363046646118e-01
-4.682230949401855469e-02
-5.838591605424880981e-02
-1.298014670610427856e-01
-1.197587549686431885e-01
-4.274595156311988831e-02
-3.049646131694316864e-02
1.025476530194282532e-01
4.233929887413978577e-02
-1.722701452672481537e-02
2.584511972963809967e-02
2.945080585777759552e-02
-1.863493397831916809e-02
1.084933876991271973e-01
3.835245594382286072e-02
-1.212436147034168243e-02
-2.040662430226802826e-02
-2.452172338962554932e-02
-9.025972336530685425e-03
1.367871183902025223e-02
5.105315893888473511e-02
-1.973210275173187256e-02
-1.372099202126264572e-02
-7.610189169645309448e-02
1.957312598824501038e-02
1.394409239292144775e-01
2.138770073652267456e-01
1.075761765241622925e-01
2.111856080591678619e-02
-9.941461682319641113e-02
2.634557336568832397e-02
1.096875816583633423e-01
1.338215917348861694e-01
6.956805288791656494e-02
2.078303992748260498e-01
-9.672818332910537720e-02
-5.395847931504249573e-02
-1.217882260680198669e-01
3.709420561790466309e-02
1.522776484489440918e-01
-3.184057399630546570e-02
-1.967310160398483276e-01
-1.258160471916198730e-01
-9.418338537216186523e-03
4.094166215509176254e-03
-1.296382583677768707e-02
-1.125852093100547791e-01
-2.899993360042572021e-01
2.125452505424618721e-03
-2.240585349500179291e-02
4.760772362351417542e-02
-9.904024749994277954e-02
1.081494167447090149e-01
-1.591729745268821716e-02
2.685711085796356201e-01
1.012803688645362854e-01
-7.500286400318145752e-02
4.587357980199158192e-04
9.117474779486656189e-03
-6.301059573888778687e-02
-2.757604978978633881e-02
9.549089521169662476e-02
1.290345788002014160e-01
5.018622055649757385e-02
4.265480116009712219e-02
-2.231909334659576416e-02
-4.779756069183349609e-02
1.889598816633224487e-01
-4.469631984829902649e-02
-9.849643707275390625e-02
-2.595013706013560295e-03
1.959297806024551392e-02
5.067593231797218323e-02
9.585149586200714111e-02
-1.631004363298416138e-02
-1.553745754063129425e-02
-1.990773677825927734e-01
-1.821271628141403198e-01
1.479449868202209473e-02
-6.350401639938354492e-01
-3.346825242042541504e-01
-2.346048131585121155e-03
-4.155512154102325439e-02
-1.094952970743179321e-01
1.138262264430522919e-02
1.322708372026681900e-02
9.633945673704147339e-02
-1.274876594543457031e-01
-2.708452045917510986e-01
-8.489283174276351929e-02
-3.396666049957275391e-02
-9.934673458337783813e-02
1.672270148992538452e-02
-1.411137133836746216e-01
-5.886471271514892578e-02
-9.668705612421035767e-02
-9.379073977470397949e-02
-2.264057993888854980e-01
-2.444324782118201256e-03
1.907444186508655548e-02
-2.035502195358276367e-01
-2.360300868749618530e-01
3.446338698267936707e-02
1.115928292274475098e-01
1.368330568075180054e-01
-1.100042462348937988e-01
-4.956284537911415100e-02
-1.964316219091415405e-01
-4.714625701308250427e-02
2.102536335587501526e-02
-6.714554131031036377e-02
-4.142837598919868469e-02
6.311395671218633652e-03
4.734557867050170898e-02
5.887991562485694885e-02
-4.601433277130126953e-01
-4.355735480785369873e-01
-8.664447814226150513e-02
7.308197021484375000e-02
-7.906032353639602661e-02
-4.771660547703504562e-03
7.870195060968399048e-02
-8.607789129018783569e-02
9.050939977169036865e-02
3.173912689089775085e-02
-1.083359029144048691e-02
1.733583956956863403e-02
-5.535039678215980530e-02
-1.079593226313591003e-02
-9.963732957839965820e-02
6.296943128108978271e-02
4.551115259528160095e-02
-2.012166231870651245e-01
-6.564866751432418823e-02
-6.274970620870590210e-02
-1.172359958291053772e-01
8.955570310354232788e-02
-1.115329489111900330e-01
-7.269245386123657227e-02
-1.677004620432853699e-02
-3.257035911083221436e-01
-5.262999236583709717e-02
-8.289049565792083740e-02
-2.123329937458038330e-01
8.827493339776992798e-02
-7.599461078643798828e-02
-1.225751191377639771e-01
-1.182353869080543518e-02
1.302049160003662109e-01
-5.507942661643028259e-02
-6.216993182897567749e-02
-2.630662405863404274e-03
-5.605678260326385498e-02
2.303752303123474121e-02
1.504381597042083740e-01
-4.906186833977699280e-02
-3.253583237528800964e-02
6.364539265632629395e-02
-8.584699034690856934e-02
-1.410248279571533203e-01
-2.444169484078884125e-02
-7.312177121639251709e-02
-2.907949499785900116e-02
-1.143799945712089539e-01
3.469134122133255005e-02
-1.295512765645980835e-01
-1.592210531234741211e-01
-4.390357062220573425e-02
-1.285997182130813599e-01
1.634166110306978226e-03
3.900084272027015686e-02
7.716305553913116455e-02
-4.591131955385208130e-02
-6.808260828256607056e-02
-1.211263388395309448e-01
-1.474449783563613892e-01
-1.562639921903610229e-01
-1.872870326042175293e-01
-7.485047727823257446e-02
-2.466329187154769897e-02
7.250164449214935303e-02
-4.266515839844942093e-03
-1.443325579166412354e-01
-1.194680333137512207e-01
-1.358949691057205200e-01
-4.750830680131912231e-02
-6.558839231729507446e-02
-2.038280107080936432e-02
-1.389591395854949951e-01
2.967928163707256317e-02
1.183285936713218689e-01
8.262544125318527222e-02
-1.091186143457889557e-02
1.133166179060935974e-01
-4.214067757129669189e-02
-1.887516491115093231e-02
1.482963114976882935e-01
1.140468567609786987e-02
4.937060549855232239e-02
-1.336599886417388916e-01
-1.440980657935142517e-02
-4.219435900449752808e-02
7.455795258283615112e-02
2.014542520046234131e-01
-3.563255770131945610e-03
2.504251711070537567e-02
-1.269774436950683594e-01
-4.347506538033485413e-02
9.200012683868408203e-02
3.353425115346908569e-02
3.932528197765350342e-02
6.671740859746932983e-02
-1.044903472065925598e-01
8.549525588750839233e-02
-1.342394016683101654e-02
-5.109774321317672729e-02
3.108298033475875854e-02
-1.507044769823551178e-03
3.559697046875953674e-02
-4.074608162045478821e-02
3.163312748074531555e-02
3.661581128835678101e-02
-2.548068575561046600e-02
1.342285517603158951e-02
2.105727232992649078e-02
1.085700094699859619e-01
5.027779191732406616e-02
-1.812154203653335571e-01
-3.228193148970603943e-02
8.216086030006408691e-02
1.867604106664657593e-01
2.064038999378681183e-02
-1.087842881679534912e-01
-7.714107632637023926e-02
-5.581391230225563049e-02
8.626016974449157715e-02
1.602886766195297241e-01
2.297882176935672760e-02
-9.277670830488204956e-02
-1.659854128956794739e-02
-1.466902941465377808e-01
-2.497490495443344116e-01
-1.359662227332592010e-02
1.260994970798492432e-01
-9.372342377901077271e-02
-3.002972342073917389e-02
-1.839301735162734985e-02
1.154483184218406677e-01
1.009778454899787903e-01
-4.906371980905532837e-02
-1.994234919548034668e-01
-8.609391748905181885e-02
-1.887628883123397827e-01
3.585376963019371033e-02
9.527767449617385864e-02
-6.074230745434761047e-02
-5.921370908617973328e-02
1.077125221490859985e-01
2.094439603388309479e-02
-5.013319104909896851e-02
-5.579643324017524719e-02
7.445190101861953735e-02
-5.225798487663269043e-02
7.340214401483535767e-02
2.900421246886253357e-02
-3.356365952640771866e-03
-1.154775097966194153e-01
2.272353321313858032e-02
-2.029787190258502960e-02
-2.858897438272833824e-03
5.736496672034263611e-02
1.596301980316638947e-02
-4.368174821138381958e-02
-1.208691820502281189e-01
3.451079130172729492e-02
3.713665530085563660e-02
-9.575670212507247925e-02
5.851070396602153778e-03
2.388580143451690674e-02
-2.060442864894866943e-01
-1.401053071022033691e-01
1.026396751403808594e-01
3.826959431171417236e-02
4.151163250207901001e-02
4.696157574653625488e-02
-2.426140382885932922e-02
-1.965263336896896362e-01
6.133865937590599060e-02
-2.297203987836837769e-02
-9.569344669580459595e-02
-1.482941806316375732e-01
-1.592401117086410522e-01
-3.125699236989021301e-02
2.082538604736328125e-02
1.930112987756729126e-01
-2.075490206480026245e-01
-1.629782840609550476e-02
1.110707297921180725e-01
-8.475936017930507660e-03
-1.043818518519401550e-02
9.088628739118576050e-02
5.887089297175407410e-02
8.553350716829299927e-02
6.873337924480438232e-02
-8.774038404226303101e-03
4.277445748448371887e-02
2.118759788572788239e-02
-4.890646412968635559e-02
4.833414778113365173e-02
-4.746320471167564392e-02
1.632810942828655243e-02
1.092133373022079468e-01
1.954279094934463501e-01
-2.300853095948696136e-02
-1.296450197696685791e-01
-9.242842346429824829e-02
-6.457883398979902267e-03
2.673783525824546814e-02
-1.194544658064842224e-01
-8.927677571773529053e-02
5.527393519878387451e-02
1.694511622190475464e-01
-9.839402884244918823e-02
-2.326222509145736694e-01
1.977502927184104919e-02
-8.025825023651123047e-02
-4.527893289923667908e-02
-3.826304152607917786e-02
4.323771595954895020e-02
8.224894106388092041e-02
-8.347307145595550537e-02
1.361008035019040108e-03
-2.266451269388198853e-01
-9.603913873434066772e-02
-1.893450468778610229e-01
-2.260223962366580963e-02
-1.084182783961296082e-01
1.655409298837184906e-02
2.040486931800842285e-01
1.972686052322387695e-01
7.207272574305534363e-03
5.946223973296582699e-04
1.347520798444747925e-01
-2.756787650287151337e-02
2.704735100269317627e-02
1.305467933416366577e-01
-2.123775426298379898e-03
9.793633595108985901e-03
1.511187572032213211e-02
-1.860227584838867188e-01
-3.358491882681846619e-02
4.943663626909255981e-02
-1.421187352389097214e-02
-9.226244874298572540e-03
2.107039093971252441e-02
-1.732172444462776184e-02
-7.669694721698760986e-02
-1.724536903202533722e-02
-5.422974471002817154e-03
-3.319190442562103271e-02
3.253069147467613220e-02
7.306847721338272095e-02
-1.404270082712173462e-01
8.865359425544738770e-02
1.041850820183753967e-02
1.874993443489074707e-01
-1.059332638978958130e-01
4.326389636844396591e-03
2.389702200889587402e-02
1.491923183202743530e-01
6.109585613012313843e-02
9.893164038658142090e-02
-8.002914488315582275e-02
-6.387082487344741821e-02
5.870774388313293457e-03
7.028171420097351074e-02
5.687201768159866333e-02
2.477485090494155884e-01
1.877884380519390106e-03
4.136800765991210938e-02
-2.490778267383575439e-02
-1.324613541364669800e-01
-4.717762395739555359e-02
-4.665013030171394348e-02
-1.178771704435348511e-01
-1.776755042374134064e-02
1.812987588346004486e-02
9.728350490331649780e-02
-1.935371160507202148e-01
-1.169332675635814667e-02
6.599659472703933716e-02
2.650388330221176147e-02
-1.050213947892189026e-01
1.062560304999351501e-01
7.630981504917144775e-02
-5.432385578751564026e-02
-9.054519981145858765e-02
-1.012813970446586609e-01
2.590732574462890625e-01
-1.303269118070602417e-01
1.130262836813926697e-01
-3.806865774095058441e-03
-5.908574908971786499e-02
1.548509113490581512e-03
1.252401713281869888e-02
6.700278818607330322e-02
1.739817485213279724e-02
-4.455887526273727417e-02
2.354338765144348145e-02
-1.168892718851566315e-02
-8.256437629461288452e-02
-1.752214320003986359e-02
-4.735536873340606689e-02
-8.908715844154357910e-02
-8.305533975362777710e-02
-5.509398877620697021e-02
8.405859768390655518e-02
-1.260391902178525925e-02
-8.759034425020217896e-02
-1.618812680244445801e-01
-9.280018508434295654e-02
-1.385043263435363770e-01
1.174702271819114685e-01
1.209929585456848145e-01
1.279189884662628174e-01
3.740250691771507263e-02
-5.988694727420806885e-02
-6.108496338129043579e-02
2.870525047183036804e-02
8.553100377321243286e-02
1.641437113285064697e-01
8.688341826200485229e-02
9.687263518571853638e-02
9.876292943954467773e-02
-8.739282190799713135e-02
6.267265975475311279e-02
-1.173747926950454712e-01
-1.429938226938247681e-01
-1.237445622682571411e-01
-8.142390102148056030e-02
1.423309892416000366e-01
1.048520505428314209e-01
1.105811893939971924e-01
-1.227558106184005737e-01
-3.020201623439788818e-02
7.355742901563644409e-02
1.085382774472236633e-01
1.556272804737091064e-01
1.548668444156646729e-01
1.069601923227310181e-01
4.628957435488700867e-02
2.439019829034805298e-02
-4.281606059521436691e-03
1.921789161860942841e-02
1.424300968647003174e-01
5.300341546535491943e-02
2.140290290117263794e-02
-1.019130051136016846e-01
-1.394854635000228882e-01
-3.705229982733726501e-02
1.811144175007939339e-03
3.491951897740364075e-02
3.911073505878448486e-02
2.836274504661560059e-01
-1.035363823175430298e-01
5.911055952310562134e-03
3.857169067487120628e-03
7.238458842039108276e-02
-8.737035095691680908e-02
6.820964068174362183e-02
1.908766664564609528e-02
-9.900266677141189575e-02
-1.915490478277206421e-01
1.154025867581367493e-01
2.523436583578586578e-02
-1.261208392679691315e-02
-7.577850669622421265e-02
8.616772480309009552e-03
-1.957287639379501343e-01
-1.730286926031112671e-01
1.858099130913615227e-03
2.157524377107620239e-01
-1.447363793849945068e-01
-7.209576666355133057e-02
4.418453574180603027e-02
5.114015191793441772e-02
1.832942366600036621e-01
-1.703217276372015476e-03
-1.659382879734039307e-01
-2.265628576278686523e-01
-5.307081341743469238e-02
4.912740085273981094e-03
3.935683146119117737e-02
-6.298577040433883667e-02
5.476503819227218628e-02
8.083312213420867920e-02
-1.446979939937591553e-01
-8.182214573025703430e-03
1.356817688792943954e-02
-6.603019684553146362e-02
2.543506398797035217e-02
5.409811437129974365e-02
1.836835034191608429e-02
1.023230049759149551e-02
1.072465777397155762e-01
-4.857750982046127319e-02
-2.644446305930614471e-02
1.242456305772066116e-02
4.171700030565261841e-02
2.407000213861465454e-02
-3.549060225486755371e-02
-8.848997950553894043e-02
-1.296207308769226074e-01
1.080704480409622192e-01
1.068218722939491272e-01
-4.350052773952484131e-02
7.337579876184463501e-02
-3.743847087025642395e-02
-1.789621412754058838e-01
5.692486837506294250e-02
2.490641362965106964e-02
1.079735681414604187e-01
1.026707291603088379e-01
3.410838078707456589e-03
-9.231144189834594727e-02
-2.768774628639221191e-01
-2.652784809470176697e-03
7.418444007635116577e-02
-1.317009795457124710e-02
-1.704473197460174561e-01
4.615784157067537308e-03
-1.009407639503479004e-01
-6.422421336174011230e-02
5.142972618341445923e-02
-1.193966716527938843e-01
-3.516242504119873047e-01
1.903712935745716095e-02
-3.919221833348274231e-02
6.595368613488972187e-04
2.717029154300689697e-01
2.240880765020847321e-02
-2.885090373456478119e-02
-1.040824279189109802e-01
9.529669769108295441e-03
5.171400681138038635e-02
1.788279265165328979e-01
1.869720071554183960e-01
-3.342284858226776123e-01
-1.027477234601974487e-01
-8.383771404623985291e-03
1.058401819318532944e-02
3.326263278722763062e-03
1.029281318187713623e-01
6.576158851385116577e-02
-1.058711111545562744e-02
4.193598404526710510e-02
-1.673531383275985718e-01
-1.943057030439376831e-01
3.533897548913955688e-02
-3.492224961519241333e-02
-2.474775537848472595e-02
-2.027479745447635651e-02
-2.324657142162322998e-02
-3.508199751377105713e-02
-1.437748819589614868e-01
2.091007493436336517e-02
1.942541748285293579e-01
9.682238847017288208e-02
9.687777608633041382e-03
-5.493910983204841614e-02
-1.226419880986213684e-01
-2.571624703705310822e-02
6.830567866563796997e-02
4.674458876252174377e-02
1.131562888622283936e-01
-8.221539109945297241e-02
-1.435731500387191772e-01
-1.398199349641799927e-01
-9.699698537588119507e-03
-6.809924542903900146e-02
-1.045433506369590759e-01
-1.267904341220855713e-01
2.763327956199645996e-02
-1.323739737272262573e-01
-7.715852558612823486e-02
-1.133531033992767334e-01
-2.090147882699966431e-01
-4.140387102961540222e-02
-1.636154800653457642e-01
-4.183525219559669495e-03
9.630567580461502075e-02
-1.338921040296554565e-01
-1.745215356349945068e-01
1.797678694128990173e-02
3.325692191720008850e-02
-6.427355110645294189e-02
-8.039729436859488487e-04
-2.438860014081001282e-02
2.755258977413177490e-02
-4.604340717196464539e-02
7.636366039514541626e-02
2.857804112136363983e-02
8.709948509931564331e-02
1.849195733666419983e-02
-4.904559999704360962e-02
4.134406521916389465e-02
-1.329698860645294189e-01
-1.267799437046051025e-01
1.015592068433761597e-01
5.245362222194671631e-02
1.115604490041732788e-01
-5.547902733087539673e-02
-9.533337317407131195e-03
-4.288339242339134216e-02
-6.948450207710266113e-02
-1.116392239928245544e-01
-3.546230494976043701e-02
3.002188503742218018e-01
-1.146881356835365295e-01
4.442057013511657715e-02
-7.076578587293624878e-02
-4.014835134148597717e-02
-5.147097166627645493e-03
-1.370435804128646851e-01
2.504625357687473297e-02
-1.813302934169769287e-01
-1.620701998472213745e-01
-8.092803880572319031e-03
4.218598362058401108e-03
4.267417266964912415e-02
6.244345754384994507e-02
-1.537115219980478287e-02
2.670373208820819855e-02
2.056863158941268921e-02
-5.648787599056959152e-03
7.785069197416305542e-02
-2.525697350502014160e-01
1.190514639019966125e-01
1.890905052423477173e-01
1.055769398808479309e-01
6.297565996646881104e-02
3.543004021048545837e-02
-2.320073544979095459e-01
-4.359449818730354309e-02
-6.848947703838348389e-02
-4.560945928096771240e-02
1.792380400002002716e-02
-1.854197829961776733e-01
5.600576475262641907e-02
1.888276934623718262e-01
1.330962926149368286e-01
8.128328621387481689e-02
-2.666060812771320343e-02
-3.099557757377624512e-02
-6.053514406085014343e-02
2.201258949935436249e-02
-1.457271873950958252e-01
-9.191820770502090454e-02
-1.405681669712066650e-02
1.373252272605895996e-01
6.242977082729339600e-02
-5.629364401102066040e-02
4.998159781098365784e-02
-2.280204147100448608e-01
-1.348710954189300537e-01
-1.216798871755599976e-01
-3.759577870368957520e-02
-1.366930007934570312e-01
-1.720434576272964478e-01
-1.535052657127380371e-01
8.607856929302215576e-02
-3.220031037926673889e-02
-9.227475523948669434e-02
-1.554104685783386230e-01
-9.753363579511642456e-02
-1.538189034909009933e-02
7.262686640024185181e-02
1.253137886524200439e-01
-8.563428185880184174e-03
-1.268635094165802002e-01
1.759190559387207031e-01
1.014326959848403931e-01
2.485040947794914246e-02
1.223865058273077011e-02
-6.339239329099655151e-02
-1.783533841371536255e-01
-1.205850765109062195e-01
1.297741681337356567e-01
1.159805729985237122e-01
-4.702210426330566406e-02
-1.573635190725326538e-01
-1.032004505395889282e-01
-2.207976300269365311e-03
8.284265547990798950e-02
-1.717874556779861450e-01
-1.091243252158164978e-01
-1.878498941659927368e-01
6.590943038463592529e-02
1.674037873744964600e-01
-7.076017558574676514e-02
8.104967325925827026e-02
-1.603157371282577515e-01
1.671486198902130127e-01
1.041820496320724487e-01
3.681351616978645325e-02
-1.395629197359085083e-01
-8.260565996170043945e-02
5.071648582816123962e-02
1.807826161384582520e-01
-1.316604763269424438e-01
2.413629740476608276e-02
1.069982349872589111e-02
3.838504478335380554e-02
3.243295475840568542e-03
-1.642900258302688599e-01
6.695035845041275024e-03
-5.280961841344833374e-02
8.322318317368626595e-04
-1.395937427878379822e-02
3.373171016573905945e-02
9.570980444550514221e-03
-6.007364764809608459e-02
2.338890731334686279e-02
-1.488399058580398560e-01
-3.073851466178894043e-01
-3.063437938690185547e-01
-1.476834565401077271e-01
-4.577983170747756958e-02
8.381485939025878906e-02
-4.521278291940689087e-02
-6.339517235755920410e-02
-8.588200807571411133e-02
7.557027041912078857e-02
8.665350824594497681e-02
2.472192607820034027e-02
5.556754022836685181e-02
-1.152982842177152634e-02
8.694449067115783691e-02
4.258847609162330627e-02
4.259907454252243042e-02
3.250281326472759247e-03
6.057972833514213562e-02
-8.899910375475883484e-03
1.784330233931541443e-02
-8.420937694609165192e-03
1.118657365441322327e-01
5.656944960355758667e-02
-4.032007232308387756e-02
5.186628922820091248e-02
1.554216444492340088e-02
9.709565900266170502e-03
7.167162746191024780e-02
1.139347106218338013e-01
-1.322613954544067383e-01
6.996358931064605713e-02
5.229813233017921448e-02
-5.316513031721115112e-02
9.124392271041870117e-02
5.524757131934165955e-02
-1.117679476737976074e-01
-8.627124875783920288e-02
2.069209143519401550e-02
6.721996515989303589e-02
-6.520711630582809448e-02
8.633187413215637207e-02
-1.134403795003890991e-01
-6.408458948135375977e-02
-4.520383849740028381e-02
1.938395053148269653e-01
5.284184962511062622e-02
8.640798181295394897e-02
4.815289005637168884e-02
-1.594889611005783081e-01
-1.738967150449752808e-01
-3.885069489479064941e-02
3.895247727632522583e-02
2.427084185183048248e-02
2.646603062748908997e-02
-7.479096204042434692e-02
-1.427257806062698364e-01
-2.388316988945007324e-01
-8.240245282649993896e-02
-5.865694209933280945e-02
-1.338159479200839996e-02
-1.198105514049530029e-01
-2.500312216579914093e-02
1.515198405832052231e-02
5.926631763577461243e-02
-5.697253718972206116e-02
2.780250832438468933e-02
-7.804237306118011475e-02
-3.915284574031829834e-02
3.983970091212540865e-04
1.179459095001220703e-01
-6.750565767288208008e-02
-8.577384054660797119e-02
3.879645373672246933e-03
1.396141797304153442e-01
8.540557324886322021e-02
-1.952537149190902710e-02
7.618453819304704666e-03
7.704437524080276489e-02
-5.978487432003021240e-02
-3.622040450572967529e-01
-1.882587224245071411e-01
-3.913818299770355225e-02
-5.007172748446464539e-02
2.591952867805957794e-02
1.863636374473571777e-01
7.311395020224153996e-04
1.231237351894378662e-01
-3.339514136314392090e-01
-1.444537341594696045e-01
-7.552623283118009567e-03
-3.187716752290725708e-02
-9.066865593194961548e-02
2.354070544242858887e-02
1.025363244116306305e-02
2.739991061389446259e-02
-1.492464449256658554e-03
-9.640455991029739380e-02
-1.117183119058609009e-01
-5.852783098816871643e-02
-2.322804182767868042e-02
-1.939711160957813263e-03
-8.059114962816238403e-02
-1.039084196090698242e-01
3.359933570027351379e-02
-9.100714325904846191e-02
-2.199323475360870361e-01
-1.366370916366577148e-01
1.553587168455123901e-01
-5.456487834453582764e-02
-1.001843586564064026e-01
1.426339149475097656e-01
8.095899224281311035e-02
-1.058899685740470886e-01
-1.176218539476394653e-01
3.622737526893615723e-02
-3.382364660501480103e-02
1.156520619988441467e-01
7.311808876693248749e-03
-7.774147391319274902e-02
-8.262907713651657104e-02
-3.112622722983360291e-02
1.349856704473495483e-01
1.238014176487922668e-01
2.431978434324264526e-01
-2.955652587115764618e-02
1.375147141516208649e-02
3.917259350419044495e-02
5.028793215751647949e-02
-2.176930010318756104e-01
-4.832393676042556763e-02
1.331449300050735474e-01
-9.587430395185947418e-03
-1.260477751493453979e-01
1.028908938169479370e-01
-2.866130135953426361e-02
-5.823267251253128052e-02
-3.201444149017333984e-01
-5.487144365906715393e-02
5.767657756805419922e-01
-3.510266914963722229e-02
3.051755949854850769e-02
-9.516021609306335449e-02
-4.167183488607406616e-02
8.640345931053161621e-02
1.942397467792034149e-02
-5.247431993484497070e-02
-1.627772152423858643e-01
-5.410327017307281494e-02
-1.199415302835404873e-03
4.597728326916694641e-02
3.121010586619377136e-02
2.042190358042716980e-02
1.412555575370788574e-01
1.345880888402462006e-02
-1.875994801521301270e-01
-8.516903966665267944e-03
9.129852801561355591e-02
-7.300118915736675262e-03
-1.017391085624694824e-01
2.105401903390884399e-01
6.731770187616348267e-02
2.811563201248645782e-02
-4.178536683320999146e-02
-5.729335173964500427e-02
-7.404772937297821045e-02
3.423382341861724854e-02
-8.062235265970230103e-02
4.142288118600845337e-02
3.420434519648551941e-02
-1.413790732622146606e-01
-1.899948716163635254e-01
-5.997046083211898804e-02
1.721884012222290039e-01
1.491327863186597824e-02
-8.317333646118640900e-03
1.510800868272781372e-01
-8.269445598125457764e-02
-1.764003187417984009e-01
-1.207518428564071655e-01
-5.008166655898094177e-02
1.337629854679107666e-01
-1.231492832303047180e-01
1.792649552226066589e-02
1.042399108409881592e-01
8.613109588623046875e-02
7.852220535278320312e-02
-7.879029959440231323e-02
-7.545946538448333740e-02
-2.433281093835830688e-01
-1.272432357072830200e-01
-3.769574686884880066e-02
7.262368500232696533e-02
4.696456715464591980e-02
-1.281806826591491699e-01
-7.309373002499341965e-03
-1.831553727388381958e-01
-2.715653181076049805e-02
7.888041436672210693e-03
-2.453000247478485107e-01
-9.675057977437973022e-02
-7.408151775598526001e-02
5.676935240626335144e-02
4.754065349698066711e-02
-4.865466430783271790e-02
-1.275506615638732910e-01
-1.431641820818185806e-02
1.669937744736671448e-02
8.401972055435180664e-02
8.521554619073867798e-02
-2.826974168419837952e-02
1.659993827342987061e-02
4.241172969341278076e-02
5.697355791926383972e-02
1.076053678989410400e-01
1.567642837762832642e-01
1.246743928641080856e-02
-1.478311270475387573e-01
-7.809239625930786133e-02
4.416204243898391724e-02
7.450983673334121704e-02
1.470418274402618408e-01
9.328699670732021332e-03
-1.333440244197845459e-01
2.708917669951915741e-02
6.800071150064468384e-02
6.672668736428022385e-03
5.239706113934516907e-02
-1.285475026816129684e-02
-1.068547666072845459e-01
-4.093511402606964111e-02
-5.077378079295158386e-02
6.849669665098190308e-02
7.420169189572334290e-03
4.569119773805141449e-03
-6.371479481458663940e-02
-9.550205618143081665e-02
-1.076344698667526245e-01
-3.369567543268203735e-02
4.599120467901229858e-02
1.269142627716064453e-01
-1.140704698627814651e-04
3.446492180228233337e-02
-6.580079346895217896e-02
5.713899061083793640e-02
-1.473671942949295044e-01
1.062595993280410767e-01
1.930389553308486938e-01
6.857616454362869263e-02
-1.936367014423012733e-03
4.254208877682685852e-02
-8.126949518918991089e-02
2.550496160984039307e-02
-2.363689802587032318e-02
-8.503918349742889404e-02
-5.044027045369148254e-02
5.450337775982916355e-04
1.064782738685607910e-01
7.782403379678726196e-02
-2.066352032124996185e-02
-2.362470142543315887e-02
-1.042200699448585510e-01
-6.659097969532012939e-02
3.112931177020072937e-02
1.691981963813304901e-02
-4.734190588351339102e-04
-5.971122067421674728e-03
2.062224037945270538e-02
-1.075448002666234970e-02
1.200893223285675049e-01
8.044859021902084351e-02
3.976372629404067993e-02
1.844252273440361023e-02
8.823762647807598114e-03
-3.966267406940460205e-02
1.113043632358312607e-02
-1.890377316158264875e-04
2.195417881011962891e-02
1.371240359731018543e-03
7.690720260143280029e-02
7.036457955837249756e-02
8.267389982938766479e-02
-1.270076632499694824e-01
2.107961103320121765e-02
1.906943134963512421e-02
-1.777690351009368896e-01
1.048571337014436722e-02
-2.698365785181522369e-02
-5.789907649159431458e-02
-1.303875818848609924e-02
-3.070285543799400330e-02
-1.127478294074535370e-02
-1.205333545804023743e-01
4.492809250950813293e-02
1.279605180025100708e-01
-6.681037694215774536e-02
-8.527889102697372437e-02
-1.155242100358009338e-01
-7.542968541383743286e-02
-1.664420813322067261e-01
1.254701763391494751e-01
3.499143524095416069e-03
-1.804310642182826996e-02
-2.180269360542297363e-01
1.369321644306182861e-01
4.054415039718151093e-03
-1.467168424278497696e-02
1.110637262463569641e-01
6.530757993459701538e-03
-1.721272617578506470e-02
-1.046863868832588196e-01
1.200846657156944275e-01
2.744640782475471497e-02
-2.460753545165061951e-02
-1.810991764068603516e-01
-9.620447456836700439e-02
-4.889626428484916687e-02
-7.178904861211776733e-02
-1.507060676813125610e-01
-4.957832023501396179e-02
-1.648289896547794342e-02
-1.433069258928298950e-01
9.576541930437088013e-02
2.661520056426525116e-02
3.196088224649429321e-02
-1.913760975003242493e-02
-6.897854804992675781e-02
-4.295842256397008896e-03
7.148365676403045654e-02
-8.337929844856262207e-02
-5.033377185463905334e-02
6.930351257324218750e-02
7.175413519144058228e-02
7.296255230903625488e-02
-8.578108996152877808e-02
4.254813864827156067e-02
-8.791442215442657471e-02
-1.302876416593790054e-02
1.365256607532501221e-01
7.827537134289741516e-03
-1.308747753500938416e-02
-8.871003240346908569e-02
1.223403438925743103e-01
1.466566920280456543e-01
2.427000086754560471e-03
3.932432457804679871e-02
-1.353085637092590332e-01
-8.206111192703247070e-02
-2.349299006164073944e-02
-2.121327631175518036e-02
-2.939357608556747437e-02
-8.302573114633560181e-02
6.336469203233718872e-02
-2.095504477620124817e-02
-1.160517185926437378e-01
2.345776744186878204e-02
-2.311339974403381348e-01
-3.853412866592407227e-01
-8.476448059082031250e-02
5.719684809446334839e-02
1.550858169794082642e-01
4.096921533346176147e-02
6.750296801328659058e-02
3.655117750167846680e-02
8.046171069145202637e-02
-2.032454609870910645e-01
-2.079344838857650757e-01
1.874190871603786945e-03
1.113983914256095886e-01
1.323874145746231079e-01
-2.841174416244029999e-02
6.488231569528579712e-02
1.309792101383209229e-01
-1.483625150285661221e-03
5.672613903880119324e-02
-1.324383728206157684e-02
-8.366696536540985107e-02
-5.701819807291030884e-02
-2.219473943114280701e-02
-2.761688781902194023e-03
-2.095527574419975281e-02
6.773410364985466003e-03
-5.774268135428428650e-02
-9.164299070835113525e-02
2.310911007225513458e-02
-9.953825501725077629e-04
7.475531846284866333e-02
1.012931484729051590e-02
-4.161868989467620850e-02
-4.378837719559669495e-02
-2.979758940637111664e-02
-3.548255562782287598e-02
1.441788673400878906e-01
1.314515471458435059e-01
1.694099977612495422e-02
7.901179790496826172e-02
4.417301341891288757e-02
-1.297104638069868088e-02
1.015622615814208984e-01
3.552180901169776917e-02
-7.003242522478103638e-02
1.493392586708068848e-01
1.543700546026229858e-01
-5.863067507743835449e-02
-1.729229390621185303e-01
-1.107224524021148682e-01
-7.842455804347991943e-02
-2.125646546483039856e-02
4.663635045289993286e-02
5.810168758034706116e-02
-9.250257164239883423e-02
-2.252348512411117554e-01
-5.965948849916458130e-02
-5.995351076126098633e-02
1.144294291734695435e-01
8.841403573751449585e-02
-1.860600560903549194e-01
2.172314561903476715e-02
-5.962779745459556580e-02
8.691947907209396362e-03
-3.046547621488571167e-02
7.267499342560768127e-03
5.459246691316366196e-03
-1.111330464482307434e-01
-4.057367146015167236e-02
1.991818100214004517e-02
5.968118458986282349e-02
6.906637549400329590e-02
1.150300055742263794e-01
-9.160313755273818970e-02
4.800234735012054443e-02
2.165723405778408051e-02
-2.837469242513179779e-02
-5.671954900026321411e-02
-9.174606949090957642e-02
-5.610958114266395569e-02
-2.769379876554012299e-03
-1.061568930745124817e-01
3.218264132738113403e-02
1.341919302940368652e-01
-5.013265833258628845e-02
-1.080665066838264465e-01
-2.920832252129912376e-03
-4.569699987769126892e-02
-9.700166992843151093e-03
-3.132799640297889709e-02
-1.798705458641052246e-01
4.352113604545593262e-02
-6.319820880889892578e-02
1.967074535787105560e-02
-7.429121434688568115e-02
1.832990944385528564e-01
-1.127527430653572083e-01
-2.013453692197799683e-01
4.035523533821105957e-02
4.754227120429277420e-03
9.652999043464660645e-02
1.183867081999778748e-01
5.777377262711524963e-02
-3.084736168384552002e-01
9.255568683147430420e-02
3.043637238442897797e-02
-5.282272771000862122e-02
1.258054375648498535e-01
1.351386457681655884e-01
4.452781379222869873e-02
1.388340741395950317e-01
2.959863049909472466e-03
2.257345244288444519e-02
-2.226584032177925110e-02
6.370779871940612793e-02
9.551315754652023315e-02
8.292898535728454590e-02
-9.091953933238983154e-02
-2.456774413585662842e-01
1.406340673565864563e-02
-1.849613524973392487e-02
-6.915048509836196899e-02
6.104487460106611252e-03
-1.435889769345521927e-02
1.416863966733217239e-02
-2.689963281154632568e-01
4.119143635034561157e-02
3.316666558384895325e-02
5.273492261767387390e-02
-6.622375547885894775e-02
-4.142504185438156128e-02
4.901728406548500061e-02
-2.564655244350433350e-01
-3.762460500001907349e-02
1.622451841831207275e-02
-5.412404984235763550e-02
-1.666134297847747803e-01
-1.383255869150161743e-01
9.963723272085189819e-02
8.083036541938781738e-02
1.722259372472763062e-01
8.734493702650070190e-02
-3.103722818195819855e-03
-2.295132875442504883e-01
1.528356969356536865e-01
2.697845548391342163e-02
1.455214172601699829e-01
1.998136043548583984e-01
1.564577966928482056e-02
-3.192310780286788940e-02
9.250385314226150513e-02
1.438443958759307861e-01
1.910775899887084961e-01
6.396878510713577271e-02
-1.306538432836532593e-01
-9.643401950597763062e-02
-5.906049162149429321e-02
-1.152274832129478455e-01
1.930499225854873657e-01
-2.176294848322868347e-02
-8.874470740556716919e-02
-4.938442725688219070e-03
6.757867336273193359e-02
1.284161508083343506e-01
2.226576954126358032e-02
-3.876432031393051147e-02
-2.051684632897377014e-02
1.924918498843908310e-03
-1.257400866597890854e-02
-1.546440366655588150e-02
7.045384496450424194e-02
3.990826662629842758e-03
4.489565268158912659e-02
-5.314652994275093079e-02
-3.852409496903419495e-02
-9.381913393735885620e-02
-3.984626010060310364e-02
1.356256455183029175e-01
7.515440881252288818e-02
-1.737565547227859497e-02
1.492358464747667313e-02
4.565514251589775085e-02
9.472801536321640015e-02
1.304550468921661377e-01
2.739169895648956299e-01
4.631707072257995605e-02
-1.088271737098693848e-01
2.248561941087245941e-02
-1.227579079568386078e-02
9.155580773949623108e-03
-4.251403361558914185e-02
-3.928296640515327454e-02
-7.806131243705749512e-02
9.439650177955627441e-02
-1.072148308157920837e-01
-9.187104552984237671e-02
-5.923908203840255737e-02
-1.634957939386367798e-01
-1.990768313407897949e-01
-5.267284810543060303e-02
3.007934391498565674e-01
-5.807439610362052917e-02
2.332612406462430954e-03
4.009118303656578064e-02
2.483815187588334084e-04
-6.326112896203994751e-02
-1.632777601480484009e-01
2.605286613106727600e-02
-3.626594319939613342e-02
-7.766720652580261230e-02
-3.201797232031822205e-02
5.210475996136665344e-02
1.132738776504993439e-02
4.070854280143976212e-03
-8.029296994209289551e-03
1.392285991460084915e-02
4.273645579814910889e-02
2.704066783189773560e-02
-3.601448982954025269e-02
2.303749322891235352e-02
-3.121321089565753937e-02
-3.158589825034141541e-02
-6.966733490116894245e-04
-3.661420196294784546e-02
-6.789096444845199585e-02
-3.218543156981468201e-02
-4.357301443815231323e-02
-9.312470257282257080e-02
1.733822375535964966e-02
-3.595535876229405403e-03
-2.427870221436023712e-02
5.484854429960250854e-02
1.334544569253921509e-01
9.841286391019821167e-02
1.578613668680191040e-01
1.082344278693199158e-01
2.848275005817413330e-03
7.204033434391021729e-02
6.982001662254333496e-02
-8.681923896074295044e-02
-3.823891282081604004e-02
1.167372316122055054e-01
1.154740750789642334e-01
3.122448222711682320e-03
5.856767296791076660e-02
-6.736293435096740723e-02
-1.471596807241439819e-01
-1.024982854723930359e-01
1.681714206933975220e-01
2.882056236267089844e-01
2.012624591588973999e-01
2.380701899528503418e-02
3.848222643136978149e-02
-8.532387763261795044e-02
-2.164938300848007202e-01
-5.148479342460632324e-01
-2.385323643684387207e-01
-1.594237387180328369e-01
-6.382668018341064453e-02
-6.390693131834268570e-03
-6.039857491850852966e-02
8.690144121646881104e-02
-7.561543025076389313e-03
-3.221626952290534973e-02
6.609372049570083618e-02
-7.803191244602203369e-02
-8.420960977673530579e-03
-1.420100033283233643e-01
-7.008234970271587372e-03
2.913766503334045410e-01
2.847456634044647217e-01
8.792570978403091431e-02
-5.518335476517677307e-02
-3.864357247948646545e-02
4.168743640184402466e-02
1.746380776166915894e-01
-9.561076760292053223e-02
7.287380844354629517e-02
5.249721929430961609e-02
1.029945909976959229e-02
9.926693141460418701e-02
-6.370249390602111816e-02
-3.570925071835517883e-02
7.552044093608856201e-02
-5.725202336907386780e-02
-1.865069866180419922e-01
-1.827139258384704590e-01
-2.062817511614412069e-04
-6.935047358274459839e-02
-1.625228226184844971e-01
-3.722146525979042053e-02
-1.741540879011154175e-01
5.346960946917533875e-02
-3.930599614977836609e-02
1.020327359437942505e-01
-1.879569888114929199e-02
9.313343465328216553e-02
1.243288815021514893e-01
-2.928851544857025146e-01
4.877528548240661621e-02
6.014865636825561523e-02
1.885127741843461990e-03
1.670638173818588257e-01
9.358639270067214966e-02
6.923900544643402100e-02
-5.515056475996971130e-02
7.728223502635955811e-02
4.569545760750770569e-02
-2.877129241824150085e-02
-8.010597899556159973e-03
3.402318432927131653e-02
-8.855980634689331055e-02
7.395085995085537434e-04
-3.046732954680919647e-02
-4.604910686612129211e-02
-8.479293435811996460e-03
1.001427508890628815e-02
-2.222571149468421936e-02
-8.770254999399185181e-02
-4.527448862791061401e-02
1.896309480071067810e-02
2.303678356111049652e-02
-6.456028670072555542e-02
-3.893025964498519897e-02
-1.270874738693237305e-01
1.045663952827453613e-01
1.152574196457862854e-01
1.592371463775634766e-01
1.460592150688171387e-01
8.629761636257171631e-02
1.377778798341751099e-01
9.438056498765945435e-02
-1.743472414091229439e-03
-6.704565137624740601e-02
1.378647536039352417e-01
-8.424797654151916504e-02
7.318034186027944088e-04
1.669872403144836426e-01
5.867980048060417175e-02
1.209997832775115967e-01
-5.687218531966209412e-02
4.058211296796798706e-02
-9.207434952259063721e-02
-2.172238379716873169e-02
-1.030762195587158203e-01
1.296445578336715698e-01
2.590635325759649277e-03
-1.698259562253952026e-01
-1.285086274147033691e-01
1.268575317226350307e-03
-5.925728008151054382e-02
1.514043062925338745e-01
1.202457398176193237e-01
-3.419489413499832153e-02
-1.054162383079528809e-01
1.354229170829057693e-02
-3.870839625597000122e-02
-2.424700930714607239e-02
-8.858837187290191650e-02
3.360488265752792358e-02
1.027349382638931274e-01
3.112995252013206482e-02
-4.499726928770542145e-03
-5.529491696506738663e-03
-1.615624129772186279e-02
-1.233415305614471436e-01
1.530661806464195251e-02
6.830577552318572998e-02
1.051739379763603210e-01
-1.630695164203643799e-01
-2.648351490497589111e-01
1.681222021579742432e-02
-1.270096749067306519e-01
6.131027266383171082e-02
2.194256335496902466e-02
-5.205179005861282349e-02
-3.404623642563819885e-02
1.246965862810611725e-02
2.601785399019718170e-02
-8.645157516002655029e-02
-5.055074393749237061e-02
-5.410197377204895020e-02
1.093307882547378540e-01
7.618062198162078857e-02
1.251795291900634766e-01
-5.686027556657791138e-02
-1.312623172998428345e-01
-5.826892331242561340e-02
9.526143781840801239e-03
5.570839717984199524e-02
1.817045360803604126e-01
1.271857321262359619e-01
4.177371039986610413e-02
8.259197324514389038e-02
3.786038607358932495e-02
-1.267860410735011101e-03
-8.117806166410446167e-02
9.245086461305618286e-02
-6.078261882066726685e-02
1.146167218685150146e-01
1.357814949005842209e-02
5.245747417211532593e-02
-3.666266053915023804e-02
-2.227090895175933838e-01
-8.503203839063644409e-02
-7.980278879404067993e-02
5.687762168236076832e-04
4.840359091758728027e-02
-3.036134503781795502e-02
-7.233822345733642578e-02
-1.669904142618179321e-01
-4.208194464445114136e-02
-6.127887219190597534e-02
-3.681404888629913330e-02
-6.868599448353052139e-03
1.211172789335250854e-01
8.907236903905868530e-02
-1.383786052465438843e-01
-1.129451766610145569e-01
8.654554933309555054e-02
-8.651763945817947388e-02
-5.452195554971694946e-02
-7.084083557128906250e-02
1.276676803827285767e-01
-4.695717245340347290e-03
6.645055860280990601e-02
1.252530664205551147e-01
-4.440992698073387146e-02
6.693841516971588135e-02
1.349106431007385254e-01
3.174197673797607422e-02
7.328090723603963852e-03
7.330478727817535400e-02
-5.680015683174133301e-02
1.035169363021850586e-01
1.394852846860885620e-01
2.227574139833450317e-01
1.954986713826656342e-02
-1.582832485437393188e-01
6.643249839544296265e-02
1.395087782293558121e-02
-3.746580332517623901e-02
-1.450847834348678589e-01
4.202670231461524963e-02
1.807373911142349243e-01
3.345254063606262207e-02
4.118805006146430969e-02
1.489007025957107544e-01
8.141386508941650391e-02
6.533814221620559692e-02
-6.846519187092781067e-03
1.213254313915967941e-02
4.820746555924415588e-02
1.177087053656578064e-01
1.160938441753387451e-01
-7.662705332040786743e-02
-2.278028428554534912e-02
1.359649933874607086e-02
1.204562708735466003e-01
-6.835978943854570389e-03
-5.602836981415748596e-02
-5.234182998538017273e-02
7.667195796966552734e-02
-1.932975351810455322e-01
-6.583057343959808350e-02
5.304778739809989929e-02
3.630033507943153381e-02
2.388924919068813324e-02
3.204341605305671692e-02
2.081216126680374146e-02
-1.116949915885925293e-01
-7.650681585073471069e-02
7.281153649091720581e-02
8.792852610349655151e-02
1.284442394971847534e-01
-1.265314966440200806e-01
1.051905974745750427e-01
-6.922294199466705322e-02
-2.090487033128738403e-01
-1.663935333490371704e-01
-9.454311430454254150e-02
-4.165655001997947693e-02
1.239620707929134369e-02
-1.102714240550994873e-01
3.394855558872222900e-02
-2.398441880941390991e-01
1.004946697503328323e-02
-1.430959999561309814e-01
-8.404181897640228271e-02
-1.309412647970020771e-03
6.755203008651733398e-02
-4.221146181225776672e-02
2.625267370603978634e-04
6.329157203435897827e-02
4.368276894092559814e-02
1.096529737114906311e-01
1.171682104468345642e-01
1.661034673452377319e-02
-9.742221795022487640e-03
4.846001788973808289e-02
6.448832899332046509e-02
6.609226763248443604e-02
1.071211590897291899e-04
-1.055796742439270020e-01
1.328330021351575851e-02
-6.146975606679916382e-02
-5.175049975514411926e-02
4.765256866812705994e-02
-6.274324655532836914e-02
-8.380827493965625763e-03
-3.986097499728202820e-02
-3.038781881332397461e-02
-5.065219849348068237e-02
4.546708986163139343e-02
-1.579061746597290039e-01
2.275373786687850952e-02
3.278793096542358398e-01
-1.239213626831769943e-02
4.828382749110460281e-03
-9.222049266099929810e-02
2.905864454805850983e-02
1.394282095134258270e-02
5.085736513137817383e-03
-3.136830404400825500e-02
-2.253802567720413208e-01
2.303555421531200409e-02
1.033789739012718201e-01
5.094995722174644470e-02
-3.720410168170928955e-02
7.716079056262969971e-02
-9.196704626083374023e-02
-7.782506942749023438e-02
1.459437757730484009e-01
1.384059488773345947e-01
1.060855686664581299e-01
7.316067069768905640e-02
-1.287218034267425537e-01
-2.176820486783981323e-02
1.311025172472000122e-01
-9.118773788213729858e-02
-2.887415699660778046e-02
4.945601150393486023e-02
1.183369234204292297e-01
1.716339439153671265e-01
6.597881764173507690e-02
7.832772284746170044e-02
-4.711391404271125793e-02
5.558535456657409668e-02
2.493688836693763733e-02
4.805640131235122681e-02
8.917136117815971375e-03
9.604277461767196655e-02
8.354509621858596802e-02
2.281997725367546082e-02
-6.895481795072555542e-02
-5.358733609318733215e-02
-8.480561524629592896e-02
7.502407580614089966e-02
-4.889350757002830505e-02
-1.393201649188995361e-01
-4.089556634426116943e-03
-1.073480844497680664e-01
-1.739276945590972900e-01
1.670826822519302368e-01
4.300365224480628967e-02
-6.871485617011785507e-03
-5.835334584116935730e-02
1.233330182731151581e-02
1.909785717725753784e-01
-1.173580512404441833e-01
1.187961846590042114e-01
-1.076345052570104599e-02
-2.361799590289592743e-02
-1.606808006763458252e-01
-4.445208609104156494e-02
-1.797514855861663818e-01
-2.537716031074523926e-01
-5.763667821884155273e-02
-7.693848758935928345e-02
1.127817928791046143e-01
1.035713702440261841e-01
-1.724547706544399261e-02
-1.736865751445293427e-02
8.648532629013061523e-02
3.018307127058506012e-02
7.440751791000366211e-02
1.125676035881042480e-01
4.663392528891563416e-02
4.071591794490814209e-02
1.222985051572322845e-02
1.244538053870201111e-01
1.568045169115066528e-01
8.446615189313888550e-02
7.393424957990646362e-02
-2.481076808180660009e-04
7.396646309643983841e-03
-6.887397170066833496e-02
9.833188354969024658e-02
1.024772673845291138e-01
1.345305442810058594e-01
-3.509313240647315979e-02
-1.530321538448333740e-01
-1.102797836065292358e-01
-1.398466378450393677e-01
1.460069566965103149e-01
1.130000650882720947e-01
-4.482850432395935059e-02
-1.465370692312717438e-02
-2.475243508815765381e-01
-2.214451879262924194e-02
-1.105278506875038147e-01
7.096550613641738892e-02
4.565576091408729553e-02
4.646209627389907837e-02
3.096546977758407593e-02
-9.675888717174530029e-02
-4.890190064907073975e-02
-2.970371954143047333e-02
9.348206222057342529e-03
-4.067855700850486755e-02
-9.613391011953353882e-02
-3.883661329746246338e-02
-1.960046775639057159e-02
-9.080645442008972168e-02
1.072540730237960815e-01
-6.865901499986648560e-02
-1.603665053844451904e-01
-4.570608586072921753e-02
-4.490827023983001709e-02
-1.211612671613693237e-01
-1.925487518310546875e-01
3.764758631587028503e-02
1.197406426072120667e-01
1.031137183308601379e-01
-2.076772041618824005e-02
1.218671500682830811e-01
5.709124729037284851e-03
5.581855401396751404e-02
3.739977255463600159e-02
1.221982762217521667e-01
-1.518866047263145447e-03
7.112821191549301147e-02
6.757227331399917603e-02
1.892796307802200317e-01
1.983553767204284668e-01
-9.325441718101501465e-02
3.232631832361221313e-02
-5.747428536415100098e-02
-4.353033751249313354e-02
-8.246151730418205261e-03
4.120559990406036377e-02
3.084767609834671021e-02
6.236912682652473450e-02
-1.540087908506393433e-01
-4.400505870580673218e-02
-1.274382919073104858e-01
1.308502703905105591e-01
4.955799877643585205e-02
8.304438740015029907e-02
-1.061035245656967163e-01
-1.937033683061599731e-01
-1.080948859453201294e-01
-5.457065626978874207e-02
1.112923175096511841e-01
5.395223852246999741e-03
-1.284859925508499146e-01
-1.467903852462768555e-01
6.269320100545883179e-02
-7.400666363537311554e-03
-3.047566674649715424e-02
-5.133677273988723755e-02
-3.436924517154693604e-02
-1.438279449939727783e-01
-1.439190208911895752e-01
3.111628443002700806e-02
-4.658353328704833984e-02
-9.165767580270767212e-02
4.710203036665916443e-02
8.085496723651885986e-02
-1.005558595061302185e-01
-5.045543983578681946e-02
-3.713920116424560547e-01
-1.457819789648056030e-01
1.499968022108078003e-01
4.693139344453811646e-02
-7.631794363260269165e-02
-1.064738072454929352e-02
-1.279507428407669067e-01
-2.766880095005035400e-01
6.675741169601678848e-03
1.239079013466835022e-01
1.375722736120223999e-01
-5.874296650290489197e-02
-5.628419294953346252e-02
-8.075314015150070190e-02
-2.117364667356014252e-02
6.794565357267856598e-03
1.498282998800277710e-01
4.549825191497802734e-02
7.375241816043853760e-02
-7.633921504020690918e-02
-3.415224701166152954e-02
-4.976584389805793762e-02
4.525786265730857849e-02
1.300899684429168701e-01
-2.084647072479128838e-03
9.002317674458026886e-03
-4.538027569651603699e-02
5.468880012631416321e-02
-7.480626553297042847e-02
-6.829216331243515015e-02
-3.036773949861526489e-02
-5.598906427621841431e-03
7.806532829999923706e-02
6.346607208251953125e-02
-1.988294273614883423e-01
-2.239722907543182373e-01
-1.375482231378555298e-01
6.935307383537292480e-02
9.587530791759490967e-02
7.611719425767660141e-03
-1.689739227294921875e-01
-1.129872500896453857e-01
-2.127819359302520752e-01
-2.195101827383041382e-01
-1.495979279279708862e-01
-1.605061888694763184e-01
4.829277098178863525e-02
-1.058389693498611450e-01
-1.130921542644500732e-01
-1.265901774168014526e-01
2.919198200106620789e-02
-5.862905830144882202e-02
-7.814680784940719604e-02
7.584130764007568359e-02
-2.360653132200241089e-02
2.469108253717422485e-02
-1.845714896917343140e-01
-1.064538490027189255e-02
-1.173569820821285248e-02
-1.025234684348106384e-01
1.654551550745964050e-02
-1.381894387304782867e-02
2.770888805389404297e-02
-7.610253244638442993e-02
-8.349536359310150146e-02
-1.874565035104751587e-01
7.980857044458389282e-02
-8.698946796357631683e-03
5.070733278989791870e-02
-1.573268324136734009e-01
4.109546914696693420e-02
-5.702553689479827881e-02
4.702743515372276306e-02
8.514819294214248657e-02
1.351985614746809006e-02
2.797089330852031708e-02
-4.189730621874332428e-03
6.480958778411149979e-03
1.330571528524160385e-02
-2.864166721701622009e-02
-9.576521813869476318e-02
-1.794306039810180664e-01
4.660677164793014526e-03
1.767782419919967651e-01
-2.201744355261325836e-02
4.060839861631393433e-02
2.460540272295475006e-02
-7.330280262976884842e-03
-2.349095642566680908e-01
1.661076396703720093e-02
9.857002645730972290e-02
1.047410592436790466e-01
-5.808883346617221832e-03
1.742277890443801880e-01
1.006970405578613281e-01
-4.348669573664665222e-02
3.178938105702400208e-02
4.513158276677131653e-02
-5.916398018598556519e-02
1.393010094761848450e-02
1.613445729017257690e-01
-7.939972728490829468e-02
3.824781998991966248e-02
-1.886872500181198120e-01
8.725645393133163452e-02
-5.206040665507316589e-02
-2.748837135732173920e-02
4.826777800917625427e-02
-3.366154432296752930e-02
9.640315547585487366e-03
-8.634329587221145630e-02
-2.250290708616375923e-03
2.066095173358917236e-02
3.308904124423861504e-03
1.457664556801319122e-02
2.509745582938194275e-02
2.184269949793815613e-02
4.571426287293434143e-02
-3.271652758121490479e-02
-1.125038117170333862e-01
-1.429860442876815796e-01
3.687852621078491211e-02
6.799311190843582153e-02
-1.747390329837799072e-01
-6.424949504435062408e-03
-1.061987411230802536e-02
-3.619450926780700684e-01
2.294624596834182739e-01
2.420201897621154785e-02
-2.095338702201843262e-02
1.838139593601226807e-01
-7.650747895240783691e-03
1.772878319025039673e-01
1.819045655429363251e-02
8.496297150850296021e-02
8.721601217985153198e-02
2.498652599751949310e-02
8.922883868217468262e-02
-5.021796375513076782e-02
-7.979632169008255005e-02
-4.293779283761978149e-02
-8.453764021396636963e-02
8.245389908552169800e-02
-1.934004388749599457e-02
-1.612715125083923340e-01
-1.783564239740371704e-01
-2.923309504985809326e-01
-2.565897703170776367e-01
-1.196247935295104980e-01
1.764692133292555809e-03
-7.330857962369918823e-02
8.516497164964675903e-02
-2.240257151424884796e-02
-2.186214774847030640e-01
-4.874723032116889954e-02
-1.110718399286270142e-02
-5.276138428598642349e-03
6.796094775199890137e-02
5.621983483433723450e-02
-4.287879168987274170e-02
-1.118660531938076019e-02
-8.650965988636016846e-03
6.805654615163803101e-02
5.116743594408035278e-02
2.559296786785125732e-02
-3.409778873901814222e-04
-5.051122978329658508e-02
1.457955408841371536e-02
-1.552124172449111938e-01
-2.172704599797725677e-02
-2.736151218414306641e-01
1.937511861324310303e-01
2.427016757428646088e-02
-7.040642946958541870e-02
-1.582540720701217651e-01
-1.282509416341781616e-01
1.915159970521926880e-01
-3.255645185708999634e-02
7.763260602951049805e-02
4.760558530688285828e-02
2.524249721318483353e-03
-3.293088078498840332e-02
-1.387214474380016327e-02
1.104652062058448792e-01
3.829545574262738228e-03
-1.236703246831893921e-01
3.151330351829528809e-02
7.004775851964950562e-02
-1.320440322160720825e-01
4.122685641050338745e-02
6.447006016969680786e-02
-1.510507464408874512e-01
-2.529082000255584717e-01
7.052312046289443970e-02
-1.997569575905799866e-02
-3.601003810763359070e-02
-4.487946256995201111e-02
-6.807912141084671021e-02
-1.478829830884933472e-01
1.205514743924140930e-02
6.380501389503479004e-02
1.393751893192529678e-02
1.458425074815750122e-02
9.814595431089401245e-02
1.234796270728111267e-02
-1.834428682923316956e-02
-3.061074316501617432e-01
8.924096077680587769e-02
-6.882580369710922241e-02
9.873936884105205536e-03
-3.186320420354604721e-03
-1.889252336695790291e-03
2.561575965955853462e-03
-2.470898628234863281e-02
9.651022404432296753e-02
-4.716270603239536285e-03
1.025756075978279114e-02
4.603515192866325378e-02
5.477964878082275391e-02
1.807784475386142731e-02
6.916922982782125473e-03
9.878204204142093658e-03
5.245222151279449463e-02
4.560974612832069397e-02
1.799811050295829773e-02
4.544409736990928650e-02
1.886977814137935638e-02
-3.722066059708595276e-02
3.846167027950286865e-02
9.651205688714981079e-02
7.057376950979232788e-02
7.283388078212738037e-02
6.604465097188949585e-02
-2.764475531876087189e-02
-2.245330810546875000e-01
-2.633723989129066467e-02
9.926769882440567017e-02
-7.952223531901836395e-03
-5.501432716846466064e-02
2.842116169631481171e-02
5.437159910798072815e-02
-2.728645876049995422e-02
-9.428616613149642944e-02
-1.817134767770767212e-01
-2.222584746778011322e-02
5.968417599797248840e-02
5.783656146377325058e-03
4.684781283140182495e-02
-1.096756011247634888e-02
-1.616564840078353882e-01
-8.314685523509979248e-02
-9.259316138923168182e-03
1.794736981391906738e-01
1.656458675861358643e-01
4.052198678255081177e-02
-1.651826947927474976e-01
-5.790865793824195862e-02
-1.181468516588211060e-01
-3.210537880659103394e-02
6.545944139361381531e-03
5.257988721132278442e-02
-3.097696974873542786e-02
-2.530598826706409454e-02
-4.266874864697456360e-02
-6.401386111974716187e-02
6.108241528272628784e-02
3.044014982879161835e-02
-2.719991095364093781e-02
-7.313118129968643188e-02
7.208573073148727417e-02
5.782214924693107605e-02
-1.151646152138710022e-01
6.042727269232273102e-03
-1.522319912910461426e-01
5.132286250591278076e-02
-1.098476946353912354e-01
-1.126582548022270203e-01
8.398802578449249268e-02
-2.163621485233306885e-01
-1.399270147085189819e-01
-3.592858910560607910e-01
-1.655143201351165771e-01
-1.410266906023025513e-01
-2.924292683601379395e-01
-8.495566993951797485e-02
-2.320626191794872284e-02
-1.055306494235992432e-01
-1.352286785840988159e-01
1.137903891503810883e-02
-1.566341966390609741e-01
-2.512747645378112793e-01
-1.861134767532348633e-01
-1.848672702908515930e-02
3.784328699111938477e-02
-1.372577846050262451e-01
4.871727898716926575e-02
-6.343118147924542427e-04
1.332639455795288086e-01
8.958205580711364746e-02
9.133984893560409546e-02
-6.796839088201522827e-02
-9.274762868881225586e-02
-1.182796508073806763e-01
1.532773021608591080e-04
-3.404422476887702942e-02
-8.022446185350418091e-02
-4.514319822192192078e-02
-5.388810113072395325e-02
-2.287420779466629028e-01
-9.859441220760345459e-02
2.593529522418975830e-01
7.609796524047851562e-02
-2.068696776404976845e-03
1.095313206315040588e-02
3.597348183393478394e-02
2.893259190022945404e-02
2.135720662772655487e-02
4.795837402343750000e-02
5.122683569788932800e-02
-2.453214488923549652e-03
9.772619605064392090e-02
-5.677416548132896423e-02
1.378458738327026367e-01
1.633319556713104248e-01
1.077335104346275330e-01
-3.325989469885826111e-02
8.493834733963012695e-02
4.287531599402427673e-02
1.073403283953666687e-01
3.236810863018035889e-02
1.021114364266395569e-02
4.422772303223609924e-02
5.880254134535789490e-02
-3.231964260339736938e-02
-1.287191919982433319e-02
1.839051395654678345e-02
-7.176325470209121704e-02
4.296604171395301819e-02
7.226695865392684937e-02
9.094033390283584595e-02
-9.037018567323684692e-02
-9.280864149332046509e-02
-2.131823264062404633e-02
4.593054950237274170e-02
1.540089119225740433e-02
6.787824630737304688e-02
1.478419080376625061e-02
-2.563660144805908203e-01
-2.278424054384231567e-02
2.321202307939529419e-02
5.984166171401739120e-03
7.040573749691247940e-03
-5.952719133347272873e-03
-1.420878916978836060e-01
-2.129769772291183472e-01
1.466040164232254028e-01
1.206668466329574585e-01
5.735897645354270935e-02
5.516284331679344177e-02
-9.604624938219785690e-04
-2.354571223258972168e-02
-1.662523001432418823e-01
-1.507767289876937866e-02
8.174635469913482666e-02
-1.199226733297109604e-02
-2.306620627641677856e-01
-1.076875850558280945e-01
5.135197192430496216e-03
2.780150994658470154e-02
-1.372822932898998260e-02
-6.009404733777046204e-02
-2.079551815986633301e-01
1.302001178264617920e-01
1.267263591289520264e-01
9.104572981595993042e-02
-2.686627954244613647e-02
5.977834388613700867e-02
-1.828305274248123169e-01
-2.875141426920890808e-02
2.793487533926963806e-02
-1.440198440104722977e-02
-3.073906525969505310e-02
-1.025729700922966003e-01
5.705429241061210632e-02
2.745533548295497894e-02
-2.270767092704772949e-01
-6.291519850492477417e-02
-3.633201494812965393e-02
5.832110345363616943e-02
-2.393125742673873901e-02
-2.417015470564365387e-02
9.105082601308822632e-02
-1.587837338447570801e-01
3.647109493613243103e-03
1.120744645595550537e-01
2.224555239081382751e-02
-5.395936593413352966e-02
-4.587021842598915100e-02
9.517776221036911011e-02
-1.067069545388221741e-02
1.077049970626831055e-01
-1.091490779072046280e-02
-2.306437306106090546e-02
-3.499519079923629761e-02
-5.546134710311889648e-02
-2.174044586718082428e-02
4.933112859725952148e-02
-1.670619286596775055e-02
-2.411851659417152405e-02
-1.188240572810173035e-01
-6.619645655155181885e-02
-4.554152023047208786e-03
6.299585103988647461e-02
-2.540399506688117981e-02
-1.549599319696426392e-02
1.371389329433441162e-01
-1.571953743696212769e-01
-1.578060537576675415e-02
3.676689788699150085e-02
-9.061421267688274384e-03
-9.624093770980834961e-02
6.909373402595520020e-02
7.744411379098892212e-02
1.094904989004135132e-01
-6.308145821094512939e-02
-2.366995364427566528e-01
-1.378752589225769043e-01
-8.296699076890945435e-02
-3.501448780298233032e-02
1.369713693857192993e-01
1.481550186872482300e-01
-1.448102146387100220e-01
-2.476505041122436523e-01
-2.085011154413223267e-01
-3.313447237014770508e-01
-2.224954813718795776e-01
-3.879716247320175171e-02
-1.489544212818145752e-01
-8.492097258567810059e-02
1.211203411221504211e-01
-9.797611087560653687e-02
-2.027793526649475098e-01
-5.826401710510253906e-02
9.000922739505767822e-02
8.906381577253341675e-02
-2.770310938358306885e-01
-1.686252281069755554e-02
-3.611043095588684082e-02
-1.796418577432632446e-01
7.475242018699645996e-02
6.717190146446228027e-02
8.069894462823867798e-02
-1.224864572286605835e-01
1.510435789823532104e-01
-2.301174998283386230e-01
1.355853229761123657e-01
-4.760627821087837219e-02
4.285999760031700134e-02
-1.360663473606109619e-01
8.906503021717071533e-02
3.351067006587982178e-02
7.466415874660015106e-03
5.106755346059799194e-02
-5.348325357772409916e-04
8.660379797220230103e-03
2.979722060263156891e-02
2.014174126088619232e-02
1.538188904523849487e-01
9.288360364735126495e-03
8.833104372024536133e-02
-2.687998861074447632e-02
-6.653378158807754517e-02
-1.324531584978103638e-01
2.203373797237873077e-02
-6.632509082555770874e-02
-1.477337926626205444e-01
-1.186624392867088318e-01
8.852338790893554688e-02
-1.092016324400901794e-02
-1.469691097736358643e-01
-4.933577775955200195e-02
-2.093312740325927734e-01
-2.903700172901153564e-01
-3.146569132804870605e-01
-5.404195934534072876e-02
-1.414340734481811523e-01
7.917196489870548248e-03
1.844247430562973022e-01
-1.347308307886123657e-01
-1.510632038116455078e-01
-1.473756730556488037e-01
-4.559411481022834778e-02
7.637667655944824219e-02
1.141786351799964905e-01
5.263206362724304199e-02
2.214486338198184967e-02
-1.489106416702270508e-01
8.884213864803314209e-02
9.603412449359893799e-02
2.824591398239135742e-01
2.771613560616970062e-02
-1.597347785718739033e-03
-2.160808816552162170e-02
-4.714884236454963684e-02
-9.116867184638977051e-02
-1.070451457053422928e-02
-1.079305857419967651e-01
1.061591953039169312e-01
-1.790870353579521179e-02
1.495942622423171997e-01
-3.182477653026580811e-01
7.031350582838058472e-02
2.265021800994873047e-01
9.972283151000738144e-04
1.925935782492160797e-02
-2.811550535261631012e-02
1.066282484680414200e-02
7.999433204531669617e-03
1.186990514397621155e-01
5.915585532784461975e-02
-9.841724298894405365e-03
3.118017874658107758e-02
-8.854146301746368408e-02
-5.333766341209411621e-02
-8.587840944528579712e-02
-2.775963209569454193e-02
-1.181107088923454285e-01
4.501127824187278748e-02
-5.389965698122978210e-02
-9.093227796256542206e-03
-6.703978031873703003e-02
-2.191214114427566528e-01
-9.489437565207481384e-03
8.102741837501525879e-02
1.096844077110290527e-01
-4.394650459289550781e-02
-7.427287846803665161e-02
9.426478296518325806e-02
5.585560575127601624e-02
-8.059570565819740295e-03
1.830775290727615356e-02
-3.222595900297164917e-02
-1.418373733758926392e-02
-3.385232388973236084e-02
3.050994686782360077e-02
-3.673605248332023621e-02
-3.913572803139686584e-02
-9.074407815933227539e-02
-1.412034407258033752e-02
-4.719204828143119812e-02
4.434506408870220184e-04
1.147307232022285461e-01
3.063255548477172852e-02
6.792965531349182129e-02
1.388082094490528107e-02
8.929533511400222778e-02
-4.419287666678428650e-02
-4.919544607400894165e-02
-7.590744644403457642e-02
-4.412991111166775227e-04
1.870609074831008911e-02
7.715956866741180420e-02
6.268303096294403076e-02
7.328415662050247192e-02
1.152621284127235413e-01
3.914621099829673767e-02
3.074806928634643555e-02
-8.624339848756790161e-02
-1.869513541460037231e-01
3.800319880247116089e-02
1.471939403563737869e-02
1.824196428060531616e-02
-2.989940717816352844e-02
-3.620522469282150269e-02
-1.888438314199447632e-01
-4.125862941145896912e-02
-3.377683833241462708e-02
-3.208675980567932129e-02
-1.229033842682838440e-01
7.389658689498901367e-02
-1.773971021175384521e-01
-3.304523825645446777e-01
-1.736677587032318115e-01
-7.469402253627777100e-02
6.500644981861114502e-02
-9.414075314998626709e-02
5.751508846879005432e-02
-3.504222258925437927e-02
-1.664236187934875488e-01
8.382337540388107300e-02
9.734920412302017212e-02
3.714338690042495728e-02
-8.499033004045486450e-02
-1.109786704182624817e-01
-3.914307057857513428e-02
-1.042729988694190979e-01
1.715058386325836182e-01
3.815904259681701660e-02
1.232915185391902924e-02
1.187198236584663391e-02
6.557486951351165771e-02
-9.285093098878860474e-02
-7.641897536814212799e-03
-2.727540433406829834e-01
-8.568748086690902710e-02
-1.214351505041122437e-01
-2.484170198440551758e-01
5.211115349084138870e-03
-5.044349282979965210e-02
-4.641377925872802734e-02
7.520738989114761353e-02
-9.327741712331771851e-02
-8.566261269152164459e-03
-5.500289425253868103e-02
2.144928090274333954e-02
-8.277229219675064087e-02
7.180225104093551636e-02
-2.420804500579833984e-01
-2.874954938888549805e-01
-4.764296859502792358e-02
-1.074431166052818298e-01
5.409076437354087830e-02
1.095154955983161926e-01
3.141002357006072998e-02
-4.019912739749997854e-05
8.190739899873733521e-02
2.655651420354843140e-02
4.780134558677673340e-02
6.572709232568740845e-02
-6.211638450622558594e-03
-1.181144714355468750e-01
-7.337193936109542847e-02
7.409101724624633789e-02
-6.888220459222793579e-02
-3.109170794486999512e-01
-6.327467504888772964e-03
6.672710878774523735e-04
-1.192097514867782593e-01
-1.014109402894973755e-01
9.618370980024337769e-02
5.141249671578407288e-02
-4.635004699230194092e-02
-1.059512868523597717e-01
-2.810417488217353821e-02
-8.159004151821136475e-02
6.791207008063793182e-03
8.624123036861419678e-02
8.851294219493865967e-02
-5.205283686518669128e-02
-1.237230841070413589e-03
6.211142614483833313e-02
6.343494355678558350e-02
5.840918794274330139e-02
2.932869130745530128e-03
-1.146296411752700806e-01
-2.615992128849029541e-01
-1.965750940144062042e-02
1.856526359915733337e-02
1.392428204417228699e-02
-1.022260859608650208e-01
-2.834491245448589325e-02
-4.082990810275077820e-02
-6.543242186307907104e-02
3.917459771037101746e-02
8.528307080268859863e-02
-2.857312187552452087e-02
1.743408851325511932e-02
-5.870933830738067627e-02
1.105072908103466034e-02
-1.621431112289428711e-02
5.296764150261878967e-02
-2.029114961624145508e-02
-1.787589341402053833e-01
8.172521740198135376e-02
1.548030227422714233e-02
8.497068285942077637e-02
-1.841687113046646118e-01
-8.610136061906814575e-02
-1.510374099016189575e-01
-2.772495448589324951e-01
-1.199530363082885742e-01
2.234823256731033325e-02
-1.709407269954681396e-01
-5.740448087453842163e-02
-1.736734956502914429e-01
-6.381224095821380615e-02
-6.353253871202468872e-02
-3.015694208443164825e-02
3.365751728415489197e-02
-6.534573435783386230e-02
1.254109591245651245e-01
-4.634620249271392822e-02
-4.532686620950698853e-02
-8.178112655878067017e-02
-4.120107914786785841e-04
5.986155942082405090e-02
1.938012428581714630e-02
-1.565016359090805054e-01
1.492727249860763550e-01
-2.264419794082641602e-01
9.471420198678970337e-03
4.474459215998649597e-02
4.880423471331596375e-02
4.802104551345109940e-03
3.791746497154235840e-02
1.317398436367511749e-02
1.193528175354003906e-01
-9.296429902315139771e-02
-3.338844049721956253e-03
-1.315573453903198242e-01
-3.184898495674133301e-01
9.445657581090927124e-02
7.284761220216751099e-02
-1.094150245189666748e-01
-8.651304244995117188e-02
5.631776154041290283e-02
8.319287747144699097e-02
2.689737975597381592e-01
-2.094601988792419434e-01
1.477528065443038940e-01
-5.865199118852615356e-02
-9.851292520761489868e-02
-3.805258078500628471e-03
-3.895460395142436028e-03
-9.449221938848495483e-02
-6.029021367430686951e-02
-6.361041218042373657e-02
-1.353703588247299194e-01
-1.810792088508605957e-01
-9.615566581487655640e-02
1.698271036148071289e-01
1.613340675830841064e-01
1.806842535734176636e-02
1.078989952802658081e-01
-3.541596233844757080e-02
-1.967719942331314087e-01
-2.134422585368156433e-02
6.226066872477531433e-02
6.784951314330101013e-03
-8.335638791322708130e-02
4.111080430448055267e-03
-5.071231350302696228e-02
8.333262056112289429e-03
-9.580319374799728394e-02
1.021778136491775513e-01
-1.903077773749828339e-02
-6.975851953029632568e-03
6.158036179840564728e-03
6.383872032165527344e-02
-6.016530096530914307e-03
-2.552261203527450562e-02
-3.924539685249328613e-02
-1.465089917182922363e-01
9.492948651313781738e-03
6.728091835975646973e-02
-4.756745696067810059e-02
1.549966633319854736e-02
5.725094676017761230e-02
1.123773213475942612e-02
1.436808984726667404e-02
4.478520154953002930e-02
2.701134607195854187e-02
5.509052425622940063e-02
8.252887986600399017e-03
3.751239925622940063e-02
-5.116743966937065125e-03
-3.989190608263015747e-02
-1.640021502971649170e-01
6.880099326372146606e-02
5.961716175079345703e-03
-2.709397301077842712e-02
1.671358942985534668e-02
4.357011243700981140e-02
1.024644672870635986e-01
-2.563515007495880127e-01
7.963642477989196777e-02
3.410386620089411736e-03
-1.093267127871513367e-01
9.590232744812965393e-03
-4.800481349229812622e-02
2.029489353299140930e-02
-5.800265446305274963e-02
4.097022488713264465e-02
-9.754853695631027222e-02
2.728116139769554138e-02
8.752857893705368042e-02
9.868936985731124878e-02
-1.292830519378185272e-02
-9.358384460210800171e-02
-5.225789546966552734e-02
-5.354693159461021423e-02
9.320726245641708374e-02
3.955968841910362244e-02
6.965193897485733032e-02
1.508458890020847321e-02
-2.346144244074821472e-02
9.391819685697555542e-02
5.583510175347328186e-02
1.432410068809986115e-02
1.738540828227996826e-02
-1.084517762064933777e-01
-6.505548954010009766e-02
-1.376510262489318848e-01
-3.434355929493904114e-02
4.950417578220367432e-02
-5.514219403266906738e-02
1.520089618861675262e-02
-7.110711932182312012e-02
-6.245767325162887573e-02
-2.129477262496948242e-02
-1.342329569160938263e-02
-2.328284899704158306e-04
1.867240853607654572e-02
8.536173403263092041e-02
-3.272414440289139748e-03
-9.106179326772689819e-02
-1.133016273379325867e-01
-6.741562485694885254e-02
4.071009531617164612e-02
8.565742522478103638e-02
5.035223811864852905e-02
6.136218085885047913e-02
-2.441198751330375671e-02
3.563805297017097473e-02
-8.040013909339904785e-02
-1.902204006910324097e-01
7.658260874450206757e-04
-8.705443702638149261e-03
-1.067844033241271973e-02
-3.501536324620246887e-02
-4.989993944764137268e-02
-3.775614127516746521e-02
-5.760635831393301487e-04
6.688538193702697754e-02
-1.133356839418411255e-01
-5.211362987756729126e-02
8.417709916830062866e-02
-6.173517182469367981e-02
-1.139015406370162964e-01
5.989620089530944824e-02
3.778784349560737610e-02
-6.761255860328674316e-02
-1.729322969913482666e-01
-2.477924339473247528e-02
-1.190720275044441223e-01
6.195384636521339417e-02
1.053883135318756104e-01
1.092275828123092651e-01
-1.002883240580558777e-01
5.622793361544609070e-02
7.362113147974014282e-02
3.164935484528541565e-02
2.217038869857788086e-01
-2.070571631193161011e-01
-6.868892908096313477e-02
1.638945564627647400e-02
1.853139400482177734e-01
1.286864466965198517e-02
-3.531239181756973267e-02
6.974021345376968384e-02
-3.518522530794143677e-02
1.465055346488952637e-02
-1.379216648638248444e-02
-7.739530410617589951e-03
-3.698334563523530960e-03
6.937767844647169113e-03
3.287765383720397949e-02
-1.307672411203384399e-01
-2.095651477575302124e-01
-8.464900404214859009e-02
-7.386703789234161377e-02
-2.073945663869380951e-02
-1.452226042747497559e-01
1.633131317794322968e-02
-3.616392239928245544e-02
-1.400072872638702393e-01
8.944542147219181061e-03
8.856972306966781616e-02
1.307906955480575562e-01
-7.725752145051956177e-02
-3.853613883256912231e-02
1.045232266187667847e-01
1.376297175884246826e-01
6.693488359451293945e-02
1.482154279947280884e-01
5.640079081058502197e-02
5.971860885620117188e-02
3.769690543413162231e-02
2.570171952247619629e-01
7.337000221014022827e-02
7.076828926801681519e-02
8.108853548765182495e-02
2.866749837994575500e-02
-8.653570711612701416e-02
-1.190608218312263489e-01
-1.128200665116310120e-01
5.841684527695178986e-03
-2.928791008889675140e-02
-1.844200119376182556e-02
6.408891081809997559e-02
5.521343555301427841e-04
-6.178788375109434128e-03
-1.791195198893547058e-02
-2.102340944111347198e-02
9.925787337124347687e-03
-2.832948043942451477e-02
4.951022565364837646e-02
-5.393431335687637329e-02
6.035302206873893738e-02
1.458393223583698273e-02
4.098849743604660034e-02
1.169144641607999802e-03
-5.191278830170631409e-02
1.872060447931289673e-02
2.236079191789031029e-03
-5.711584351956844330e-03
6.153254769742488861e-03
1.509463693946599960e-02
-5.791442096233367920e-02
7.376796752214431763e-02
5.559960007667541504e-02
-2.628900296986103058e-02
6.225152686238288879e-02
-2.431550808250904083e-02
-1.865994650870561600e-03
-9.819188714027404785e-02
-3.143439535051584244e-04
4.557118937373161316e-02
-1.889432072639465332e-01
2.972356975078582764e-02
3.212506324052810669e-02
1.561997681856155396e-01
-5.315369367599487305e-02
-6.599429249763488770e-02
-5.288616567850112915e-02
7.403314113616943359e-02
1.297072973102331161e-03
1.034435108304023743e-01
9.820587933063507080e-02
5.871787294745445251e-02
4.226503148674964905e-02
1.439732164144515991e-01
3.683761134743690491e-02
3.260051831603050232e-02
-4.967968165874481201e-02
-1.402610167860984802e-02
-6.329238414764404297e-02
-2.375885695219039917e-01
1.113649904727935791e-01
3.527544066309928894e-02
-2.716145664453506470e-02
-1.935798116028308868e-02
-6.458977609872817993e-02
-8.692443370819091797e-02
2.163492329418659210e-02
-2.565729245543479919e-02
-1.772531494498252869e-02
-3.177952766418457031e-02
2.835747413337230682e-02
1.286873780190944672e-02
-3.278340026736259460e-02
4.260484501719474792e-02
5.490770936012268066e-02
-9.179363027215003967e-03
-9.793680161237716675e-02
-7.400186359882354736e-02
-7.366626709699630737e-02
1.603186316788196564e-02
9.635450690984725952e-02
7.594896107912063599e-02
1.626149192452430725e-02
1.499464828521013260e-02
1.779236830770969391e-02
-2.304206788539886475e-01
-2.023242413997650146e-01
-1.911187916994094849e-02
-4.073706269264221191e-02
7.341334968805313110e-02
-6.104576867073774338e-03
7.416518032550811768e-02
-1.260936260223388672e-01
3.113269573077559471e-03
2.260199375450611115e-02
1.201582234352827072e-02
1.090267002582550049e-01
-2.139488607645034790e-02
1.292928028851747513e-02
-1.229160651564598083e-01
8.406884968280792236e-03
5.130286887288093567e-02
3.937962278723716736e-02
-9.256688505411148071e-02
-3.644045814871788025e-02
-4.110062122344970703e-02
-1.389219611883163452e-01
-3.984414041042327881e-02
1.406216770410537720e-01
-1.141011714935302734e-01
-8.788321912288665771e-02
-1.514811255037784576e-02
-2.643568627536296844e-02
-2.421816252171993256e-02
-1.162288859486579895e-01
2.454695291817188263e-02
-1.270587593317031860e-01
1.598433107137680054e-01
1.347236428409814835e-02
3.024196438491344452e-02
6.708931922912597656e-02
1.884215138852596283e-02
9.646970033645629883e-02
-4.901689291000366211e-02
-2.543196082115173340e-01
1.045336388051509857e-02
1.192666310817003250e-02
-8.069090545177459717e-02
5.761285498738288879e-02
1.280194073915481567e-01
8.803817629814147949e-02
-1.353765130043029785e-01
-1.086549088358879089e-01
-3.760479390621185303e-02
-4.009321928024291992e-01
-6.628447771072387695e-02
1.070683747529983521e-01
-2.350236475467681885e-02
1.033026427030563354e-01
-3.307558223605155945e-02
-8.851712942123413086e-02
-1.461061388254165649e-01
-2.329201251268386841e-01
-1.417527347803115845e-01
-3.555963560938835144e-02
-6.461226940155029297e-02
-1.716367155313491821e-01
-7.860289514064788818e-02
-8.629290014505386353e-02
-8.695720881223678589e-02
-1.071154996752738953e-01
-6.691175699234008789e-02
-2.050914429128170013e-02
6.757532805204391479e-02
1.147867515683174133e-01
2.941890954971313477e-01
-1.238145604729652405e-01
-1.166147962212562561e-01
2.270768396556377411e-02
3.105671703815460205e-02
3.417700354475528002e-04
-1.181505694985389709e-01
-9.730767458677291870e-02
9.424253553152084351e-02
4.685935378074645996e-02
-6.335184723138809204e-02
-2.340263687074184418e-02
-3.504994139075279236e-02
-2.036411687731742859e-02
1.708432333543896675e-03
1.952566392719745636e-02
-2.412247098982334137e-02
-4.824931174516677856e-02
6.934126373380422592e-03
2.565218508243560791e-02
-1.650276221334934235e-02
3.132981061935424805e-02
4.160314798355102539e-02
-1.474328059703111649e-02
-1.796258985996246338e-01
-6.429622881114482880e-03
-3.124558366835117340e-02
8.683092892169952393e-02
-1.382661759853363037e-01
-8.948999643325805664e-02
1.491289585828781128e-01
1.647744923830032349e-01
-8.243408054113388062e-02
8.652114868164062500e-02
1.637774407863616943e-01
-1.221933141350746155e-01
-1.410229057073593140e-01
1.424040552228689194e-02
-6.629555486142635345e-03
-1.177238225936889648e-01
-9.169321274384856224e-04
1.631730198860168457e-01
3.459911793470382690e-02
-5.065895244479179382e-02
-1.552145779132843018e-01
7.503162138164043427e-03
2.790080569684505463e-02
-8.988495916128158569e-02
1.137774214148521423e-01
1.217351332306861877e-01
-3.675213456153869629e-02
-3.515285551548004150e-01
1.694159209728240967e-02
-2.909427322447299957e-02
1.206272933632135391e-02
-1.058002412319183350e-01
-8.202802389860153198e-02
1.443537068553268909e-03
7.851994037628173828e-02
5.184726044535636902e-02
8.491500467061996460e-02
-1.880481373518705368e-03
-4.227462038397789001e-02
2.284155786037445068e-02
7.111313194036483765e-02
3.544470819178968668e-04
3.205444291234016418e-02
2.956590428948402405e-02
3.595171496272087097e-02
1.101789474487304688e-01
-2.784667909145355225e-01
-7.401379942893981934e-02
3.057772107422351837e-02
2.759601920843124390e-02
-1.387999057769775391e-01
-1.700983643531799316e-01
-1.134325936436653137e-01
-2.052637636661529541e-01
-1.906697303056716919e-01
-2.896441519260406494e-02
7.623212039470672607e-02
-2.522362861782312393e-03
-3.738009929656982422e-02
1.006139516830444336e-01
2.916790172457695007e-02
-8.938714116811752319e-02
9.547901898622512817e-02
-3.775419294834136963e-02
1.725197210907936096e-02
4.847297072410583496e-02
1.107845529913902283e-01
1.964836940169334412e-02
6.876977626234292984e-03
-1.108840554952621460e-01
-9.765828028321266174e-03
5.368037149310112000e-02
1.595532521605491638e-02
-6.617847084999084473e-02
1.343877464532852173e-01
1.840162575244903564e-01
5.369969084858894348e-02
4.682214930653572083e-02
7.902836799621582031e-02
-2.976370602846145630e-02
-5.837324634194374084e-02
-5.698396638035774231e-02
2.630136348307132721e-02
1.189605798572301865e-02
-1.662275940179824829e-02
9.851390123367309570e-02
-6.142380088567733765e-02
4.522508010268211365e-02
8.698385953903198242e-02
-1.137305796146392822e-02
8.744660764932632446e-02
6.741382926702499390e-02
2.616556175053119659e-02
-2.280845120549201965e-02
-2.213574945926666260e-02
2.473854459822177887e-02
-2.936113774776458740e-01
-8.106803894042968750e-02
-3.274985030293464661e-02
-6.188312545418739319e-02
-1.514729261398315430e-01
2.739250361919403076e-01
6.554209440946578979e-02
-9.190087765455245972e-02
-6.621990352869033813e-02
2.003865130245685577e-02
-2.797424560412764549e-03
-5.951814353466033936e-02
1.838220842182636261e-02
1.895182877779006958e-01
8.591432124376296997e-02
1.312830150127410889e-01
2.342186868190765381e-02
-3.375117108225822449e-02
-9.946886450052261353e-02
-1.017497703433036804e-01
-2.165738344192504883e-01
-2.185774035751819611e-03
-9.534873068332672119e-02
-7.567513734102249146e-03
-1.176760867238044739e-01
-1.271331012248992920e-01
-1.194824576377868652e-01
-3.543550148606300354e-02
9.208445996046066284e-02
6.870039552450180054e-02
5.943456199020147324e-03
-1.573369093239307404e-02
-2.377106621861457825e-02
-5.793832242488861084e-02
4.110159352421760559e-02
3.763121739029884338e-02
-1.442374568432569504e-02
3.750308603048324585e-02
-1.136624719947576523e-02
-2.714121714234352112e-03
-2.051270939409732819e-02
-1.563995890319347382e-02
-2.789239957928657532e-02
3.311785683035850525e-02
1.423344761133193970e-02
4.499100521206855774e-02
4.293880239129066467e-02
-7.402109354734420776e-02
-2.090559303760528564e-01
-1.968976855278015137e-01
-1.101610660552978516e-01
-2.316534891724586487e-02
-1.248267013579607010e-03
-1.082418188452720642e-01
-5.489169433712959290e-02
-5.073479376733303070e-03
-6.014833599328994751e-02
-1.105120629072189331e-01
-1.306179314851760864e-01
-3.295743465423583984e-02
-7.328549027442932129e-02
1.126910280436277390e-02
-2.289590612053871155e-02
5.779982730746269226e-02
-1.933060400187969208e-02
-1.408037245273590088e-01
-1.694258749485015869e-01
-2.533228695392608643e-02
2.030652910470962524e-01
-7.290442287921905518e-02
-6.709104776382446289e-02
-1.264874935150146484e-01
-2.554593980312347412e-02
7.426151633262634277e-02
3.383481875061988831e-02
-5.932643264532089233e-02
-1.623316407203674316e-01
-1.117436960339546204e-01
1.065494585782289505e-02
-3.820976242423057556e-02
-1.281664334237575531e-02
8.006039261817932129e-02
-4.081315174698829651e-02
-1.879094727337360382e-02
3.207576274871826172e-02
2.829152531921863556e-02
7.272957265377044678e-02
-1.940697804093360901e-02
-2.910529822111129761e-02
7.097078114748001099e-02
-7.479292154312133789e-02
4.580033197999000549e-02
-6.444907630793750286e-04
-5.708997324109077454e-02
-1.225418522953987122e-01
-5.161751061677932739e-03
-5.728381499648094177e-02
-1.442030519247055054e-01
-1.311853248625993729e-02
-1.031199097633361816e-01
6.102716177701950073e-02
1.888911277055740356e-01
-7.947544753551483154e-02
-1.924720555543899536e-01
-1.835547387599945068e-01
-9.737892076373100281e-03
1.818329212255775928e-03
-3.618056178092956543e-01
1.021887436509132385e-01
-1.161909550428390503e-01
-1.680994480848312378e-01
-5.652735009789466858e-02
1.775764487683773041e-02
-8.132100105285644531e-02
-1.441332995891571045e-01
1.110692471265792847e-01
5.048631690442562103e-03
-1.254828721284866333e-01
-2.955690920352935791e-01
6.667450070381164551e-02
-1.191486567258834839e-01
1.248624473810195923e-01
9.158863872289657593e-02
-3.220373392105102539e-02
2.834765613079071045e-02
-3.787138685584068298e-02
-2.009872943162918091e-01
-2.198607921600341797e-01
1.247297972440719604e-01
8.669871836900711060e-02
-1.825946010649204254e-02
1.596348918974399567e-02
-3.703455626964569092e-02
1.610725931823253632e-02
8.674508333206176758e-02
4.161538556218147278e-03
-6.530168931931257248e-03
1.080666407942771912e-01
1.139220371842384338e-01
5.495934933423995972e-02
-1.426938474178314209e-01
-3.059200942516326904e-01
-3.301185369491577148e-01
6.434717029333114624e-02
5.038028210401535034e-02
-2.287651970982551575e-02
6.506956368684768677e-02
-4.683895409107208252e-02
-5.704631283879280090e-02
-1.859820932149887085e-01
-4.088596403598785400e-01
-5.668446049094200134e-02
-3.321679681539535522e-02
-7.020727265626192093e-03
7.968915998935699463e-02
2.063939906656742096e-02
-3.284423053264617920e-01
-2.933598756790161133e-01
-1.427028775215148926e-01
-1.475020051002502441e-01
-6.309270858764648438e-02
1.151109635829925537e-01
2.467942424118518829e-02
9.099972434341907501e-03
-8.669319003820419312e-02
-5.895032733678817749e-02
1.805734634399414062e-02
-5.563820153474807739e-02
1.710260659456253052e-01
4.676308855414390564e-02
1.008429215289652348e-03
-1.254923343658447266e-01
7.460332475602626801e-03
-4.515692964196205139e-02
1.760319061577320099e-02
2.649367414414882660e-02
1.914218626916408539e-02
-8.828418701887130737e-02
-7.672545313835144043e-02
3.847678005695343018e-02
5.049945320934057236e-03
9.290629625320434570e-02
-1.389254163950681686e-02
-2.730691432952880859e-02
9.707782417535781860e-02
1.780261169187724590e-03
-5.032759159803390503e-02
4.516942426562309265e-02
3.119537606835365295e-02
1.133377775549888611e-01
1.157789975404739380e-01
2.100424617528915405e-01
-1.235069558024406433e-01
1.078516319394111633e-01
-1.997303813695907593e-01
1.267837733030319214e-02
-1.126830130815505981e-01
7.495783735066652298e-03
-7.942216843366622925e-02
-3.069359958171844482e-01
-3.838323056697845459e-02
-1.898704916238784790e-01
1.451443433761596680e-01
7.468111813068389893e-02
7.212986797094345093e-02
8.170915395021438599e-02
-5.107146129012107849e-02
1.843033134937286377e-01
-8.878467977046966553e-02
-7.904006540775299072e-02
4.217403382062911987e-02
8.846125006675720215e-02
6.709461659193038940e-02
-1.168865785002708435e-01
7.783102244138717651e-02
-2.605881914496421814e-02
-3.648944199085235596e-02
-3.849895671010017395e-02
3.337694704532623291e-02
1.318186055868864059e-02
-1.435637287795543671e-02
-9.151997044682502747e-03
-2.375838719308376312e-02
2.857613563537597656e-02
5.268982797861099243e-02
2.421869523823261261e-02
3.549994900822639465e-03
5.430175736546516418e-02
7.021706085652112961e-03
1.275125984102487564e-02
-9.049670398235321045e-02
6.977357901632785797e-03
6.523119658231735229e-02
6.654492765665054321e-02
2.472245134413242340e-02
7.345465570688247681e-02
1.003346219658851624e-01
-1.009431630373001099e-01
-1.123673170804977417e-01
-1.626665145158767700e-01
3.418701887130737305e-02
9.300065785646438599e-02
-1.055861264467239380e-01
-1.532543567009270191e-03
5.840872228145599365e-02
2.251907624304294586e-02
-9.189724177122116089e-02
-2.938933968544006348e-01
-5.587774794548749924e-03
-8.121631294488906860e-02
1.239951793104410172e-02
1.077345386147499084e-01
6.172729656100273132e-02
-7.022403180599212646e-02
-5.795102193951606750e-02
2.996206097304821014e-02
-1.505536735057830811e-01
-9.751893579959869385e-02
-3.433653712272644043e-02
4.935757070779800415e-02
9.985598176717758179e-02
-1.622053235769271851e-01
-1.475429683923721313e-01
9.901747852563858032e-02
-7.723159343004226685e-02
-5.040321871638298035e-02
-2.258299663662910461e-02
2.813906967639923096e-02
-1.654528081417083740e-01
-4.483369737863540649e-02
6.187690794467926025e-02
-1.084958240389823914e-01
4.507601633667945862e-02
3.478182479739189148e-02
5.064651742577552795e-02
-5.681650340557098389e-02
-5.562200024724006653e-02
9.076037444174289703e-03
4.899648204445838928e-02
-8.953574299812316895e-02
7.679969072341918945e-02
1.371272057294845581e-01
9.669345617294311523e-02
1.255490630865097046e-01
1.753864460624754429e-03
1.294606775045394897e-01
8.091871440410614014e-02
-1.078945621848106384e-01
2.361337887123227119e-03
1.962668821215629578e-02
-1.135654374957084656e-01
-3.511049970984458923e-02
-1.055976599454879761e-01
-1.972500085830688477e-01
-8.951503783464431763e-02
-1.163958832621574402e-01
2.591969631612300873e-02
-2.916247844696044922e-01
-1.201924905180931091e-01
3.809789940714836121e-02
-3.039678037166595459e-01
-2.016991823911666870e-01
4.080198332667350769e-02
5.419436469674110413e-02
7.138039171695709229e-02
-9.536708891391754150e-02
-1.226377561688423157e-01
-2.196884900331497192e-01
2.416273206472396851e-02
1.012339740991592407e-01
-6.529700756072998047e-02
-2.200084854848682880e-04
-1.099231392145156860e-01
2.151646465063095093e-02
-8.767405152320861816e-02
1.598490774631500244e-02
-2.957136556506156921e-02
7.760968804359436035e-02
1.829848289489746094e-01
1.678656088188290596e-03
1.118641570210456848e-01
-1.196172982454299927e-01
2.256440669298171997e-01
5.465210974216461182e-02
1.432934850454330444e-01
1.562916934490203857e-01
6.101132836192846298e-03
4.119274765253067017e-02
-1.162695214152336121e-01
-1.361503303050994873e-01
-5.294809117913246155e-02
7.775547355413436890e-02
-1.374881565570831299e-01
-3.545122221112251282e-02
-1.391272805631160736e-02
-2.525373399257659912e-01
-1.132097840309143066e-01
-3.873660042881965637e-02
2.018405683338642120e-02
6.568858027458190918e-02
2.336875302717089653e-03
3.241392970085144043e-02
-1.250545531511306763e-01
-1.915618926286697388e-01
-2.346707507967948914e-02
-1.556277461349964142e-02
-1.246607825160026550e-01
7.175816595554351807e-02
-1.151447072625160217e-01
-1.601583324372768402e-02
9.182713180780410767e-02
1.811406016349792480e-01
1.815686076879501343e-01
1.746151130646467209e-03
-9.792714565992355347e-02
-1.199318394064903259e-01
-1.340590268373489380e-01
1.167101114988327026e-01
1.692852675914764404e-01
3.291953727602958679e-02
1.246245875954627991e-01
3.176504280418157578e-03
-9.122253954410552979e-02
-1.927394568920135498e-01
-8.959938772022724152e-03
6.810306012630462646e-02
1.297232806682586670e-01
-1.909274309873580933e-01
-7.503741979598999023e-02
1.015914157032966614e-01
-8.552990108728408813e-02
1.693531721830368042e-01
1.753975152969360352e-01
3.648393973708152771e-02
3.431170061230659485e-02
-3.941889852285385132e-02
-1.635754555463790894e-01
-1.292762607336044312e-01
-1.814730912446975708e-01
-7.817404717206954956e-02
-6.289361417293548584e-02
-5.594646558165550232e-02
-2.614235691726207733e-02
-6.393992155790328979e-02
1.146609801799058914e-02
1.516478806734085083e-01
1.378463208675384521e-01
1.845894902944564819e-01
5.232862755656242371e-02
6.116205453872680664e-02
-4.153751581907272339e-02
-3.289768099784851074e-02
-5.171163380146026611e-02
-9.890306740999221802e-03
-4.335649311542510986e-01
4.961822926998138428e-02
4.158063232898712158e-02
9.845601022243499756e-02
2.043561264872550964e-02
-9.549389034509658813e-02
1.946054957807064056e-02
-1.880845129489898682e-01
7.140734046697616577e-02
4.523862153291702271e-02
-7.637229561805725098e-02
9.678411483764648438e-02
2.204037085175514221e-02
-1.697548106312751770e-02
7.257745414972305298e-02
7.836413383483886719e-02
-9.777313470840454102e-02
3.278407454490661621e-02
1.091741174459457397e-01
9.860543906688690186e-02
-8.553343266248703003e-02
7.977772504091262817e-02
-1.589377969503402710e-01
-4.254445433616638184e-02
1.293595582246780396e-01
8.196726441383361816e-03
-1.852969825267791748e-01
-2.659185230731964111e-01
6.277391314506530762e-02
1.667560450732707977e-02
-9.527136571705341339e-03
-5.234698206186294556e-02
-1.694600433111190796e-01
-4.201271012425422668e-02
4.455181956291198730e-02
-8.865133672952651978e-02
-3.133906796574592590e-02
-5.782280489802360535e-02
-3.359863162040710449e-02
-5.952590703964233398e-02
3.044979646801948547e-02
-1.677489466965198517e-02
-4.605575278401374817e-02
-3.868836164474487305e-02
-6.688208878040313721e-02
5.359860602766275406e-03
9.759396314620971680e-02
2.399152070283889771e-01
2.474538683891296387e-01
1.102941259741783142e-01
-7.886037230491638184e-02
7.849276810884475708e-02
7.505181431770324707e-02
8.995148539543151855e-02
-1.653650104999542236e-01
1.155657880008220673e-02
-1.901880465447902679e-02
-1.506735570728778839e-02
2.382135018706321716e-02
-4.913143068552017212e-02
-1.290293782949447632e-01
-6.234724447131156921e-02
9.495767205953598022e-02
-1.588294953107833862e-01
-7.580378651618957520e-02
-6.920909881591796875e-02
9.055910632014274597e-03
-6.556449085474014282e-02
7.821620255708694458e-02
1.123734489083290100e-01
6.057361140847206116e-02
2.911425661295652390e-03
-1.238844618201255798e-01
-7.677156827412545681e-04
1.418231707066297531e-02
1.566456258296966553e-01
1.181064248085021973e-01
-1.535618156194686890e-01
-1.124290376901626587e-01
4.804161190986633301e-02
-3.462671115994453430e-02
-1.552872010506689548e-03
-9.453768841922283173e-03
-4.661583900451660156e-02
-1.241564005613327026e-01
-2.300038188695907593e-02
1.616226434707641602e-01
-7.181039545685052872e-03
1.723865047097206116e-02
9.167558513581752777e-03
-1.543416678905487061e-01
-1.269988119602203369e-01
-4.698645789176225662e-03
4.577511176466941833e-02
-2.163094934076070786e-03
-1.578561365604400635e-01
-2.418281584978103638e-01
-2.973874807357788086e-01
-1.815335303544998169e-01
-7.894282042980194092e-02
7.673452049493789673e-02
-1.128944307565689087e-01
2.156090550124645233e-02
5.294365808367729187e-02
-1.939080506563186646e-01
4.208266735076904297e-02
9.981365501880645752e-02
-1.893030703067779541e-01
7.811558246612548828e-02
2.942017652094364166e-02
-4.767760634422302246e-02
6.726749986410140991e-02
1.403468940407037735e-02
-5.325720645487308502e-03
1.349134743213653564e-01
1.018165424466133118e-01
5.053818970918655396e-02
-4.380841925740242004e-02
-7.218888029456138611e-03
1.205090135335922241e-01
9.831025451421737671e-02
-5.310978740453720093e-02
1.311974525451660156e-01
-2.613802850246429443e-01
-9.470168501138687134e-02
-7.179389148950576782e-02
7.084602862596511841e-02
-2.038203552365303040e-02
4.802529141306877136e-02
-1.660210080444812775e-02
-7.977616786956787109e-02
-1.363944113254547119e-01
-1.533185839653015137e-01
-3.196388781070709229e-01
-1.802839040756225586e-01
-5.966418609023094177e-02
-4.370195418596267700e-02
-3.999510663561522961e-04
-1.565856337547302246e-01
1.044358778744935989e-02
9.499888867139816284e-02
1.168065667152404785e-01
1.482695341110229492e-01
4.821834713220596313e-02
-8.499582856893539429e-02
-6.188874691724777222e-02
2.414318360388278961e-02
-1.916238479316234589e-02
-1.631736457347869873e-01
1.272847950458526611e-01
-1.362822055816650391e-01
2.959644049406051636e-02
-8.633010089397430420e-02
-7.578887045383453369e-02
-6.002276763319969177e-02
-1.764396131038665771e-01
1.244455203413963318e-01
1.235793828964233398e-01
-1.226251665502786636e-02
-1.049292460083961487e-02
1.525082886219024658e-01
3.436059132218360901e-02
-4.884010180830955505e-02
8.203871548175811768e-03
8.216858655214309692e-02
1.076319143176078796e-01
7.386252284049987793e-02
4.096988588571548462e-02
4.782099276781082153e-02
1.369063556194305420e-02
-2.498753964900970459e-01
-1.989588886499404907e-01
-3.185954689979553223e-02
-1.295187324285507202e-01
-4.151604473590850830e-01
-2.218485921621322632e-01
-8.336474746465682983e-02
-4.321954399347305298e-02
-7.602719217538833618e-02
6.183555722236633301e-02
-1.045434847474098206e-01
-8.311355113983154297e-02
-2.037024646997451782e-01
-6.726998835802078247e-03
-8.043599128723144531e-02
5.521852150559425354e-02
5.409553274512290955e-02
-1.022710949182510376e-01
-7.739145308732986450e-02
8.823212236166000366e-02
-3.899683058261871338e-02
-1.890905201435089111e-02
7.115399837493896484e-02
3.782290592789649963e-02
-1.736763864755630493e-01
-2.247951924800872803e-02
-2.021109610795974731e-01
7.793248444795608521e-02
-5.445780232548713684e-02
5.245140939950942993e-02
8.754552900791168213e-02
7.797120511531829834e-02
3.639967739582061768e-02
-2.979032397270202637e-01
1.619440875947475433e-02
-4.379810765385627747e-03
-1.051900442689657211e-02
3.402610123157501221e-02
2.477515116333961487e-02
1.896224766969680786e-01
-1.907194554805755615e-01
-1.244573146104812622e-01
2.601025253534317017e-02
-1.967625459656119347e-03
1.072358936071395874e-01
8.892381936311721802e-02
5.898290500044822693e-02
-6.185733154416084290e-02
-2.411709167063236237e-03
2.253449521958827972e-02
-2.571522258222103119e-02
-1.273110974580049515e-02
-9.468574076890945435e-02
-3.693346306681632996e-02
3.917376324534416199e-02
1.414404809474945068e-01
-1.632284820079803467e-01
-1.696293428540229797e-02
-7.687689363956451416e-02
-1.402042154222726822e-02
-2.194920741021633148e-02
6.563833355903625488e-02
1.017173081636428833e-01
7.980313152074813843e-02
-8.147493749856948853e-02
-8.364419639110565186e-02
-1.939003467559814453e-01
-1.303604990243911743e-01
-2.503237314522266388e-02
-3.131334111094474792e-02
9.534149616956710815e-02
2.414466440677642822e-02
-2.099284827709197998e-01
-3.481545150279998779e-01
-2.540516257286071777e-01
-2.972154319286346436e-01
5.161967594176530838e-03
1.353465765714645386e-01
1.266667153686285019e-02
-9.647242724895477295e-02
1.041627824306488037e-01
-1.211584433913230896e-01
-2.074359059333801270e-01
1.287623867392539978e-02
1.615620553493499756e-01
1.825249344110488892e-01
1.345673799514770508e-01
1.060515195131301880e-01
-5.341302976012229919e-02
-3.115398064255714417e-02
6.861671805381774902e-02
8.121104538440704346e-02
4.868160188198089600e-02
-2.063026651740074158e-02
-5.760141462087631226e-02
-3.536121249198913574e-01
-6.579749286174774170e-02
6.209161132574081421e-02
-1.046943888068199158e-01
-1.177942566573619843e-02
-9.245603531599044800e-02
-5.399790033698081970e-02
2.722223289310932159e-02
6.303796172142028809e-02
9.143986552953720093e-02
2.914262376725673676e-02
-4.500883072614669800e-02
-1.009601056575775146e-01
-3.490099310874938965e-02
2.594869956374168396e-02
-3.885513544082641602e-02
-8.338062465190887451e-02
-1.043579727411270142e-01
1.627234369516372681e-02
1.368744075298309326e-01
-5.915859714150428772e-03
1.011096239089965820e-01
1.499610692262649536e-01
-1.226469278335571289e-01
-3.460314869880676270e-02
5.519538745284080505e-02
5.767875909805297852e-02
1.200166046619415283e-01
2.015660405158996582e-01
1.743764281272888184e-01
-6.906720343977212906e-03
-2.391479938523843884e-04
1.157757733017206192e-02
6.999360024929046631e-02
-5.434475094079971313e-02
-9.800262004137039185e-02
-1.287935860455036163e-02
-1.100443154573440552e-01
-9.238994866609573364e-02
-5.428112298250198364e-02
-8.384907990694046021e-02
-1.397191882133483887e-01
3.038173913955688477e-02
-1.014166176319122314e-01
-3.171152994036674500e-02
1.037177536636590958e-02
7.219044864177703857e-02
6.637706421315670013e-03
5.697544664144515991e-02
4.565704986453056335e-02
1.346328705549240112e-01
-5.083120614290237427e-02
-7.733326405286788940e-02
1.262584626674652100e-01
2.989832684397697449e-02
-2.162058204412460327e-01
-1.890689432621002197e-01
7.189919054508209229e-02
-5.746735259890556335e-02
4.477227106690406799e-02
1.102177053689956665e-01
4.392939060926437378e-02
-2.914334833621978760e-02
-1.141381114721298218e-01
-2.701240032911300659e-02
-2.304141409695148468e-02
1.177041158080101013e-01
5.466091260313987732e-02
-2.477196753025054932e-01
-3.591581284999847412e-01
-4.948644638061523438e-01
-1.583841741085052490e-01
-1.212724149227142334e-01
2.012367248535156250e-01
-1.849309206008911133e-01
-7.984460890293121338e-02
-1.582649946212768555e-01
-3.208492100238800049e-01
-3.358480334281921387e-01
-5.035119131207466125e-02
-3.783956915140151978e-02
1.050830557942390442e-01
4.252217710018157959e-02
1.206209734082221985e-01
-2.699513435363769531e-01
-7.569113373756408691e-02
-1.886239647865295410e-02
1.553078889846801758e-01
9.864921122789382935e-02
1.079654544591903687e-01
1.128980666399002075e-01
1.537089347839355469e-01
1.043177023530006409e-01
4.042392969131469727e-02
-3.483284637331962585e-02
4.171257466077804565e-02
3.224115446209907532e-02
5.800332408398389816e-03
4.293728992342948914e-02
1.246013343334197998e-01
4.188274964690208435e-02
-1.675353050231933594e-01
-7.561860233545303345e-02
-1.252694129943847656e-01
-6.708841025829315186e-02
-7.836486399173736572e-02
1.686505414545536041e-02
1.697487235069274902e-01
-4.267600830644369125e-03
-1.294179707765579224e-01
-1.111462935805320740e-01
5.397718772292137146e-02
-9.899774193763732910e-02
-1.832232773303985596e-01
-4.193448461592197418e-03
-6.144496146589517593e-03
8.822592347860336304e-02
1.948371082544326782e-01
3.049483001232147217e-01
8.876832574605941772e-02
-1.395556516945362091e-02
-1.680858880281448364e-01
1.819984987378120422e-02
7.817239314317703247e-02
6.937191635370254517e-02
-8.424229919910430908e-03
-1.105664670467376709e-02
3.648937121033668518e-02
-8.964359015226364136e-02
-3.426763042807579041e-02
-7.544957101345062256e-02
-3.392494283616542816e-03
-8.324804157018661499e-02
-1.136625837534666061e-02
1.063451617956161499e-01
-4.782192874699831009e-03
2.299616113305091858e-02
1.556992717087268829e-02
6.177235767245292664e-02
1.394082442857325077e-03
2.875490114092826843e-02
1.388321965932846069e-01
-2.089451625943183899e-02
-2.167871780693531036e-02
-9.868829697370529175e-02
-3.214047476649284363e-02
-5.465932562947273254e-02
5.616523325443267822e-02
1.173726543784141541e-01
-9.180442988872528076e-02
-4.910477437078952789e-03
-2.320425957441329956e-02
-2.154336124658584595e-01
-3.475904464721679688e-02
-3.189571946859359741e-02
-3.893722593784332275e-02
-7.393148541450500488e-02
-1.925540156662464142e-02
-2.362860366702079773e-02
-1.532522290945053101e-01
2.464942261576652527e-02
-1.889848411083221436e-01
-9.568919986486434937e-02
1.523955538868904114e-02
-4.836789518594741821e-02
-2.786456421017646790e-02
3.151050209999084473e-02
-9.081222862005233765e-02
-4.823711887001991272e-02
8.035832643508911133e-02
-4.054560512304306030e-02
-1.444638520479202271e-01
6.287814676761627197e-02
8.056553453207015991e-02
4.274922236800193787e-02
1.348224096000194550e-02
-2.248333394527435303e-02
-7.454065233469009399e-02
7.441533263772726059e-03
-2.220623940229415894e-02
-1.846492104232311249e-02
2.412131754681468010e-03
2.453114651143550873e-02
-1.628952622413635254e-01
5.962117761373519897e-02
-6.722164154052734375e-02
-2.204512432217597961e-02
9.985893964767456055e-02
-2.963149547576904297e-02
-3.936695307493209839e-02
-2.576436847448348999e-02
-4.956195130944252014e-02
2.092334441840648651e-02
1.303487420082092285e-01
1.251368671655654907e-01
8.584753610193729401e-03
9.976115822792053223e-02
-8.071313053369522095e-02
1.452753841876983643e-01
-8.326319605112075806e-02
-6.335805356502532959e-02
8.102016896009445190e-02
-9.121424704790115356e-02
-3.422483801841735840e-02
9.403441846370697021e-02
2.506558783352375031e-02
-4.943129140883684158e-03
-1.279221475124359131e-01
-2.316314280033111572e-01
-9.660021215677261353e-02
-1.292402297258377075e-01
1.188181806355714798e-03
-2.017380483448505402e-02
-5.623341351747512817e-02
-5.469338223338127136e-02
-9.129863465204834938e-04
-7.099564373493194580e-02
5.520179867744445801e-02
1.295705586671829224e-01
-6.954905390739440918e-02
9.738980233669281006e-02
7.122655957937240601e-02
6.083972007036209106e-02
1.116346418857574463e-01
8.697652257978916168e-03
-9.972961992025375366e-02
2.194358035922050476e-02
7.297064363956451416e-02
2.398942597210407257e-02
-2.665376849472522736e-02
-1.367613524198532104e-01
-2.917468920350074768e-02
-7.614257931709289551e-02
1.034718975424766541e-01
-5.557165946811437607e-03
8.506026864051818848e-02
8.598172664642333984e-02
1.139868199825286865e-01
-1.073832288384437561e-01
-2.524123489856719971e-01
-8.236523717641830444e-02
-1.594045907258987427e-01
1.109809875488281250e-01
5.929505452513694763e-02
-1.278838980942964554e-02
-1.161237284541130066e-01
4.367465525865554810e-02
4.709465429186820984e-02
-1.172448545694351196e-01
3.458162397146224976e-02
2.076715603470802307e-02
-7.976666837930679321e-02
-8.560325205326080322e-02
7.001619786024093628e-02
-7.419275492429733276e-02
-1.458832644857466221e-03
-7.839158922433853149e-02
-1.101716905832290649e-01
-1.551291346549987793e-01
1.006278842687606812e-01
-4.840470850467681885e-02
-1.326328068971633911e-01
-2.358933910727500916e-02
5.558701232075691223e-02
7.284079492092132568e-02
-9.718226641416549683e-02
1.707372069358825684e-02
-1.848083585500717163e-01
-1.347825378179550171e-01
-7.064036279916763306e-02
1.519585996866226196e-01
4.981637373566627502e-02
-1.766945049166679382e-02
5.654272064566612244e-02
-1.090492978692054749e-01
-5.556393787264823914e-02
8.220393955707550049e-02
4.180725663900375366e-02
3.909179940819740295e-02
-2.248201519250869751e-02
-1.044870615005493164e-01
3.885886073112487793e-02
-1.747564226388931274e-02
-6.905017048120498657e-02
2.690128423273563385e-02
5.240908637642860413e-02
1.030550450086593628e-01
2.431024564430117607e-03
1.540447920560836792e-01
2.730894088745117188e-02
-7.035358995199203491e-02
-1.461573392152786255e-01
-2.088018804788589478e-01
-5.257902666926383972e-04
-6.839747726917266846e-02
1.024335157126188278e-02
5.912484973669052124e-02
-3.271723538637161255e-02
-4.668924491852521896e-03
1.075032576918601990e-01
-2.327417954802513123e-02
-1.615165323019027710e-01
-1.958333551883697510e-01
-1.378248818218708038e-02
1.462342869490385056e-02
-1.316226422786712646e-01
-1.422424912452697754e-01
-5.152821540832519531e-02
-1.449955813586711884e-02
-1.437996029853820801e-01
-1.196351572871208191e-01
1.645383238792419434e-02
-1.755539923906326294e-01
8.112943172454833984e-02
1.361886411905288696e-01
4.973765090107917786e-02
-4.210438579320907593e-02
4.484717175364494324e-02
-1.882980577647686005e-02
1.062952280044555664e-01
2.333824783563613892e-01
2.003344297409057617e-01
1.107991188764572144e-01
-7.344888150691986084e-02
-2.458145320415496826e-01
-9.293577075004577637e-02
5.056497082114219666e-02
1.063493117690086365e-01
7.683671265840530396e-02
5.658607557415962219e-02
1.429795026779174805e-01
-2.781598567962646484e-01
-2.637632191181182861e-03
-1.931120157241821289e-01
-9.308865666389465332e-02
-8.996965736150741577e-02
-1.292273253202438354e-01
3.717188490554690361e-03
-2.456192672252655029e-01
4.525211080908775330e-02
-9.846846014261245728e-02
-1.164678782224655151e-01
-5.031047388911247253e-02
3.291391208767890930e-02
5.667639151215553284e-02
-8.014941215515136719e-02
-1.197274178266525269e-01
-7.386613637208938599e-02
8.605715632438659668e-02
3.619414940476417542e-02
1.393421143293380737e-01
1.541875898838043213e-01
-7.795257866382598877e-02
-1.098524220287799835e-02
-3.846401721239089966e-02
-1.276321262121200562e-01
-7.723446190357208252e-02
1.113438308238983154e-01
1.402086112648248672e-02
-6.731515377759933472e-02
-2.704450115561485291e-02
-9.124693274497985840e-02
-1.175662502646446228e-01
-1.611628383398056030e-02
-2.084145555272698402e-03
1.426963210105895996e-01
1.373262852430343628e-01
3.291425481438636780e-02
-6.788975745439529419e-02
-7.278876751661300659e-02
-1.158219203352928162e-01
-1.018521934747695923e-01
1.481667906045913696e-01
1.879554539918899536e-01
-2.638783492147922516e-02
1.355998963117599487e-02
7.651095092296600342e-02
-7.457795087248086929e-03
-1.534223258495330811e-01
-6.755838543176651001e-02
-1.636238992214202881e-01
4.690033569931983948e-02
6.053534522652626038e-02
6.164211779832839966e-02
1.331919580698013306e-01
-1.053553372621536255e-01
-4.056055098772048950e-02
-1.213982999324798584e-01
4.020384326577186584e-02
-5.572370067238807678e-02
9.134871512651443481e-02
4.832085594534873962e-02
-3.734018653631210327e-02
-3.335230052471160889e-02
8.343530446290969849e-02
-2.790300734341144562e-02
-7.601102441549301147e-02
-6.552100181579589844e-02
-1.681115180253982544e-01
-1.536082178354263306e-01
1.456482335925102234e-02
7.780611515045166016e-02
8.665229193866252899e-03
-1.059800572693347931e-02
-1.737790256738662720e-01
-1.643716394901275635e-01
-3.751414362341165543e-03
-2.967130541801452637e-01
-1.047122702002525330e-01
-5.419075116515159607e-02
-2.156533300876617432e-02
-1.707711964845657349e-01
-8.987156301736831665e-02
-1.368894279003143311e-01
7.112193107604980469e-02
1.375702619552612305e-01
-2.292857766151428223e-01
1.297656353563070297e-02
1.320399492979049683e-01
4.913971200585365295e-02
-7.984294556081295013e-03
-8.550614863634109497e-02
-2.749325474724173546e-03
-3.104502856731414795e-01
-4.578139632940292358e-02
7.811395917087793350e-03
6.923052668571472168e-02
8.686760067939758301e-02
-3.184288367629051208e-02
-2.070508897304534912e-01
-4.432613402605056763e-02
1.953087002038955688e-02
-1.858780160546302795e-02
-2.683772332966327667e-02
-1.064224839210510254e-01
1.559078344143927097e-03
-1.670270413160324097e-01
1.406501792371273041e-02
-1.323385834693908691e-01
-1.265342347323894501e-02
-3.406864032149314880e-02
1.477993875741958618e-01
5.631298199295997620e-02
1.346284430474042892e-02
-2.000386267900466919e-02
1.868593133985996246e-02
5.559752508997917175e-02
-5.741130188107490540e-02
-2.080467157065868378e-02
7.199532538652420044e-02
8.224753662943840027e-03
1.430501136928796768e-02
2.594944834709167480e-02
-2.206770479679107666e-01
2.426972612738609314e-02
-4.006825760006904602e-02
-5.930877849459648132e-02
-1.618155837059020996e-02
-1.262133717536926270e-01
6.460063904523849487e-02
1.441673487424850464e-01
-4.407018423080444336e-03
-8.015393465757369995e-02
3.987851366400718689e-02
-1.218777149915695190e-01
-2.557019516825675964e-02
5.737939104437828064e-02
1.243994235992431641e-01
-2.629326581954956055e-01
-6.950789596885442734e-03
-8.443520963191986084e-02
1.827667951583862305e-01
8.988173678517341614e-03
-2.589320950210094452e-02
3.028258495032787323e-02
1.590761989355087280e-01
-1.408309787511825562e-01
1.568029262125492096e-02
-1.851485669612884521e-01
-7.479776442050933838e-02
2.195968292653560638e-02
3.678087145090103149e-02
2.748038619756698608e-03
-6.987243145704269409e-02
5.408132914453744888e-03
-7.735304534435272217e-02
1.111036865040659904e-03
-6.334748864173889160e-02
-7.787348330020904541e-02
-6.477044522762298584e-02
-5.351432599127292633e-03
4.376179724931716919e-02
-6.896532326936721802e-02
1.088050752878189087e-02
1.654890179634094238e-02
-2.157096564769744873e-01
-3.687968477606773376e-02
-2.233505845069885254e-01
-4.671398177742958069e-02
2.710813470184803009e-02
1.135153230279684067e-02
3.473654622212052345e-03
-4.837690293788909912e-02
-1.114511862397193909e-01
-1.860375553369522095e-01
-1.253658980131149292e-01
4.611085355281829834e-02
1.328734606504440308e-01
9.677796810865402222e-02
-6.993778049945831299e-02
-1.887066960334777832e-01
-1.529954522848129272e-01
-2.224965766072273254e-02
1.468321532011032104e-01
3.479782491922378540e-02
2.550034550949931145e-04
-9.908218681812286377e-02
-1.957638263702392578e-01
-1.451374143362045288e-01
-1.787680834531784058e-01
5.065362527966499329e-02
8.629155345261096954e-03
-1.337229553610086441e-02
-3.633569180965423584e-02
-5.140684172511100769e-02
-1.643660962581634521e-01
-1.534911990165710449e-01
-1.447223871946334839e-01
-6.222986802458763123e-02
6.036471948027610779e-02
8.360777050256729126e-02
-2.747101150453090668e-02
-5.706274509429931641e-02
-5.732285603880882263e-02
2.633533254265785217e-02
1.895232200622558594e-01
4.116793721914291382e-02
6.894414126873016357e-02
-8.138123154640197754e-02
-1.792635172605514526e-01
8.293206989765167236e-02
-5.065635219216346741e-02
9.627249836921691895e-02
8.469077944755554199e-02
-2.947811782360076904e-02
-1.420692950487136841e-01
4.350128769874572754e-02
6.062094122171401978e-02
1.091452836990356445e-01
2.969328779727220535e-03
-7.303655147552490234e-02
-4.761398956179618835e-02
-9.284134209156036377e-02
-8.484940230846405029e-02
-4.036578163504600525e-02
-1.678278595209121704e-01
-1.245842799544334412e-01
-3.063744166865944862e-03
-1.777622289955615997e-02
9.495192021131515503e-02
2.097597569227218628e-01
-2.465108968317508698e-02
-6.931835319846868515e-03
-1.139089539647102356e-01
-4.579873010516166687e-02
-7.526058703660964966e-02
-9.618896991014480591e-03
-9.758630394935607910e-02
-1.675340086221694946e-01
-9.034486860036849976e-02
1.010880172252655029e-01
6.019175797700881958e-02
6.661607325077056885e-02
3.592422977089881897e-02
-1.345895081758499146e-01
1.905127316713333130e-01
2.636601775884628296e-02
6.917103379964828491e-02
1.143707111477851868e-01
-1.600173115730285645e-02
3.568704053759574890e-02
-1.277125924825668335e-01
8.086148649454116821e-02
1.561046019196510315e-02
-8.315271884202957153e-02
1.270111352205276489e-01
-1.934569925069808960e-01
-1.514200121164321899e-01
-5.098614469170570374e-02
5.078253895044326782e-02
1.657115668058395386e-01
1.070534437894821167e-01
-8.432605117559432983e-02
6.042743474245071411e-02
5.568285938352346420e-03
-8.877734839916229248e-02
-1.544168740510940552e-01
-1.401959955692291260e-01
-1.743821501731872559e-01
-1.098075360059738159e-01
-2.302156388759613037e-01
-8.928450196981430054e-02
-1.870393306016921997e-01
-7.406332343816757202e-02
-2.630903944373130798e-02
1.856290698051452637e-01
6.354141235351562500e-02
6.916723400354385376e-02
-5.155974999070167542e-02
-1.749360561370849609e-01
-1.298387199640274048e-01
-1.220512762665748596e-01
4.677356034517288208e-02
1.008127182722091675e-01
1.933628469705581665e-01
-1.033880934119224548e-01
-9.291821718215942383e-02
-5.146421492099761963e-02
-8.973282575607299805e-02
1.812586002051830292e-02
-1.938809640705585480e-02
9.821987897157669067e-02
1.117736101150512695e-02
1.043980591930449009e-05
-3.211664408445358276e-02
3.723808750510215759e-02
2.724154852330684662e-02
-4.034012183547019958e-02
-2.871947735548019409e-02
1.118772998452186584e-01
4.127100575715303421e-03
-6.078952550888061523e-02
6.424996256828308105e-02
-1.217391714453697205e-01
2.411980368196964264e-02
-2.126548141241073608e-01
-8.918763697147369385e-02
-1.360528469085693359e-01
-3.777160122990608215e-02
-6.369970738887786865e-02
6.376808136701583862e-02
-9.274841845035552979e-02
-8.605775982141494751e-02
1.613317877054214478e-01
-3.232198581099510193e-02
-1.242649555206298828e-01
-2.566408365964889526e-02
-5.268843844532966614e-03
-8.039439469575881958e-02
-3.252015709877014160e-01
-1.816462278366088867e-01
-1.979100257158279419e-01
-7.683267444372177124e-02
7.125143706798553467e-02
1.300306320190429688e-01
1.279147416353225708e-01
-2.862116321921348572e-02
-1.575108766555786133e-01
-1.180356442928314209e-01
-9.294441342353820801e-02
1.589062251150608063e-02
8.069360256195068359e-02
3.577488288283348083e-02
5.038802511990070343e-03
-1.995360106229782104e-02
-1.605780608952045441e-02
-3.781126067042350769e-02
-1.867956109344959259e-02
1.735755354166030884e-01
-4.715750366449356079e-02
-3.485906496644020081e-02
7.326441258192062378e-02
-4.214549809694290161e-02
5.344185233116149902e-02
-6.437886506319046021e-02
-9.701129049062728882e-03
2.707696706056594849e-02
1.058985367417335510e-01
6.280399858951568604e-02
-1.179186031222343445e-01
-1.199931129813194275e-01
3.677404299378395081e-02
1.808090209960937500e-01
1.129663810133934021e-01
-1.875510364770889282e-01
-2.530029714107513428e-01
-1.855340301990509033e-01
-1.178683489561080933e-01
-1.416882276535034180e-01
8.485160768032073975e-02
1.103088781237602234e-01
-9.808210283517837524e-02
-4.014148116111755371e-01
2.136287093162536621e-01
1.039278730750083923e-01
4.503039270639419556e-02
1.744114048779010773e-02
-8.865402638912200928e-02
-1.659758687019348145e-01
-1.341738551855087280e-01
-1.882915049791336060e-01
-7.664138078689575195e-02
-3.462847322225570679e-02
-1.474485150538384914e-03
2.601961046457290649e-02
6.848336756229400635e-02
-3.566782549023628235e-02
-1.199849098920822144e-01
-3.342336416244506836e-02
1.316478550434112549e-01
3.692202642560005188e-02
1.034226417541503906e-01
2.500536385923624039e-03
-4.315783455967903137e-02
5.955399014055728912e-03
-1.113275289535522461e-01
-1.901176273822784424e-01
1.976066827774047852e-02
-9.758271276950836182e-03
2.823794446885585785e-02
-5.324169993400573730e-02
-4.901567101478576660e-02
-3.384829685091972351e-02
-2.098992317914962769e-01
-1.020650565624237061e-02
-3.492673113942146301e-02
8.239664882421493530e-02
1.561264786869287491e-02
1.049786359071731567e-01
-8.592272549867630005e-02
-9.064435958862304688e-02
1.968479529023170471e-02
9.212753502652049065e-04
-4.064118489623069763e-02
1.543063949793577194e-02
-5.506659299135208130e-02
-7.032792270183563232e-02
4.083598777651786804e-02
4.283177480101585388e-02
7.922705262899398804e-02
1.344573497772216797e-01
-1.864236444234848022e-01
-2.416653782129287720e-01
-1.198431104421615601e-01
1.047807745635509491e-02
1.555843278765678406e-02
-2.008368633687496185e-02
-1.146212518215179443e-01
-5.092471372336149216e-03
-5.764007195830345154e-02
-1.670792400836944580e-01
-1.532064080238342285e-01
-3.978793043643236160e-03
1.874357648193836212e-02
-1.334305703639984131e-01
-8.959072083234786987e-02
-2.905468642711639404e-01
-1.573209315538406372e-01
-1.187861338257789612e-01
-5.022860132157802582e-03
-1.665624789893627167e-02
-1.500578671693801880e-01
5.966652184724807739e-02
-8.820867165923118591e-03
-1.833341121673583984e-01
8.740431815385818481e-02
-3.599948436021804810e-02
3.792601078748703003e-02
9.084005653858184814e-02
2.239070683717727661e-01
7.465002685785293579e-02
8.903967589139938354e-02
1.654982268810272217e-01
8.776602894067764282e-02
1.200056821107864380e-01
-3.658319264650344849e-02
1.532196253538131714e-01
1.566456407308578491e-01
2.017137557268142700e-01
-1.098326891660690308e-01
9.860353171825408936e-02
1.040383055806159973e-01
2.340194024145603180e-02
3.743385151028633118e-02
4.304042086005210876e-02
5.402674898505210876e-02
1.476237177848815918e-01
-5.123690143227577209e-02
-1.203692853450775146e-01
-1.793411225080490112e-01
-1.872049123048782349e-01
6.023095548152923584e-02
-6.485366076231002808e-02
-3.706071153283119202e-02
4.775448236614465714e-03
-2.446128241717815399e-02
-6.121703237295150757e-02
-1.413980573415756226e-01
-8.240045607089996338e-02
-5.443814024329185486e-02
1.866960339248180389e-02
1.845959201455116272e-02
1.935618966817855835e-01
-1.074060201644897461e-01
-1.644365191459655762e-01
-1.185237690806388855e-01
-1.129488721489906311e-01
9.616096317768096924e-02
3.476100787520408630e-02
1.034739837050437927e-01
-8.811008930206298828e-02
-1.852675825357437134e-01
-2.020824104547500610e-01
-2.799857780337333679e-02
1.152974925935268402e-02
8.162245899438858032e-02
-1.549257989972829819e-02
-4.699549078941345215e-02
9.784919768571853638e-02
-4.015749692916870117e-01
9.009057283401489258e-02
-8.848612196743488312e-03
3.233511000871658325e-02
-8.570083975791931152e-02
-5.263242125511169434e-02
8.386328071355819702e-02
-5.198383331298828125e-02
5.220518261194229126e-02
-3.407570347189903259e-02
-1.019221916794776917e-01
-2.358842343091964722e-01
-2.633184790611267090e-01
4.017464816570281982e-02
-4.293123632669448853e-02
-4.179443418979644775e-02
1.411607563495635986e-01
1.753695905208587646e-01
-8.391292765736579895e-03
-3.272511810064315796e-02
2.673679776489734650e-02
1.291770786046981812e-01
1.785101834684610367e-03
-8.875751867890357971e-03
-1.298490259796380997e-02
-1.117625832557678223e-02
-8.185179531574249268e-02
-2.402026653289794922e-01
-1.616095304489135742e-01
-1.455360054969787598e-01
-3.434196487069129944e-02
-1.446734461933374405e-02
3.981557115912437439e-02
-1.211236417293548584e-02
4.620640538632869720e-03
-1.151311397552490234e-01
-4.898329824209213257e-02
-2.211819142103195190e-01
-3.923598676919937134e-02
8.444818109273910522e-02
5.179324001073837280e-02
5.981478840112686157e-02
-9.769050031900405884e-02
3.260150086134672165e-03
-5.271109938621520996e-02
9.563580155372619629e-02
2.327242866158485413e-02
-1.254210714250802994e-02
1.022199988365173340e-01
6.724327802658081055e-02
1.112597715109586716e-02
-1.804469525814056396e-02
4.698186740279197693e-02
7.089558243751525879e-02
1.743783429265022278e-02
2.280908823013305664e-01
4.708468541502952576e-02
5.323567986488342285e-02
-7.893040776252746582e-02
-1.668541878461837769e-02
1.189182922244071960e-01
-1.957102268934249878e-01
-2.436557225883007050e-02
4.369566217064857483e-02
-1.065778583288192749e-01
-1.819043792784214020e-02
2.594782039523124695e-02
-7.893420755863189697e-03
2.758976258337497711e-02
7.969800382852554321e-02
-1.639292836189270020e-01
-8.960507065057754517e-02
-6.745797395706176758e-02
4.867631476372480392e-03
1.575826480984687805e-02
1.648669503629207611e-02
-1.255916953086853027e-01
-4.644220694899559021e-02
-1.140709035098552704e-02
-7.620513439178466797e-02
5.215981975197792053e-02
-2.822279930114746094e-02
-4.131719842553138733e-02
5.207364633679389954e-02
-1.843635588884353638e-01
-4.129194095730781555e-02
-1.436801999807357788e-02
2.587780589237809181e-03
7.944205403327941895e-02
3.443692252039909363e-02
6.497539579868316650e-02
-9.544198215007781982e-02
4.826686903834342957e-02
2.471497841179370880e-02
9.018597751855850220e-02
1.770947314798831940e-02
-1.904727965593338013e-01
-1.655822247266769409e-02
-2.507714331150054932e-01
-1.070496439933776855e-02
1.245297044515609741e-01
3.747560828924179077e-02
-2.288910746574401855e-01
8.531338721513748169e-02
-4.360274970531463623e-01
2.816423214972019196e-02
-7.924699038267135620e-02
-4.813161119818687439e-02
-9.379649162292480469e-02
-2.635253034532070160e-02
1.110567376017570496e-01
-4.604160413146018982e-02
1.041539758443832397e-01
3.347957506775856018e-03
-5.858749151229858398e-02
1.522588580846786499e-01
-8.522223681211471558e-02
9.030856192111968994e-02
-9.856352955102920532e-02
1.217749784700572491e-03
-3.401063755154609680e-02
-7.334734499454498291e-02
-3.070380724966526031e-02
-9.948721528053283691e-02
-3.012421727180480957e-02
-5.170339718461036682e-02
-9.207276254892349243e-02
-4.303267691284418106e-03
-5.440853536128997803e-02
-3.306929720565676689e-03
-3.280955133959650993e-04
-1.679261773824691772e-02
2.980712801218032837e-02
-1.441337633877992630e-02
-4.215991124510765076e-02
5.139157176017761230e-03
6.232177466154098511e-02
1.777347363531589508e-02
-1.421818044036626816e-02
1.092690043151378632e-02
1.674627959728240967e-01
-9.885471314191818237e-03
-8.344087004661560059e-02
5.832488462328910828e-02
7.012732326984405518e-02
-1.902278512716293335e-01
3.123105689883232117e-02
2.880719862878322601e-02
2.822560071945190430e-02
2.788810618221759796e-02
2.351627126336097717e-02
5.336266476660966873e-03
-6.861659139394760132e-02
-1.730358302593231201e-01
-1.837358176708221436e-01
-3.302944824099540710e-02
-6.767579168081283569e-02
1.459626853466033936e-01
-9.022779762744903564e-02
-2.917665988206863403e-03
1.234002709388732910e-01
1.493544131517410278e-01
-8.621153235435485840e-02
-1.663278415799140930e-02
-6.211397796869277954e-02
1.541369874030351639e-02
5.888110026717185974e-02
6.739190220832824707e-02
4.411802813410758972e-02
5.206996109336614609e-03
-5.379907414317131042e-02
2.643875405192375183e-02
-2.240268327295780182e-02
-1.366568803787231445e-01
-2.816003262996673584e-01
-1.891013681888580322e-01
-1.634596586227416992e-01
-1.355241984128952026e-01
-4.015854373574256897e-02
2.814149949699640274e-03
-9.300306439399719238e-02
-1.479411125183105469e-01
-7.439573854207992554e-02
-1.581983566284179688e-01
7.219314575195312500e-02
-2.773956954479217529e-02
-8.375779725611209869e-03
-7.169976597651839256e-04
4.622999206185340881e-02
1.490822713822126389e-02
1.428063064813613892e-01
1.456242054700851440e-01
8.894251286983489990e-02
8.895964920520782471e-02
4.660866409540176392e-02
-8.020527660846710205e-03
-5.085430666804313660e-02
1.550748050212860107e-01
4.633565992116928101e-02
5.748041076003573835e-05
1.697273459285497665e-03
6.995732337236404419e-02
1.136339679360389709e-01
-2.649168297648429871e-02
-1.128723751753568649e-02
-1.879475116729736328e-01
-1.190106272697448730e-01
3.047402203083038330e-02
-1.952663250267505646e-02
1.949968375265598297e-02
6.460162997245788574e-02
1.477173715829849243e-01
1.995138637721538544e-02
-8.402110077440738678e-03
2.225009165704250336e-02
4.891427978873252869e-02
3.552757948637008667e-02
7.744856923818588257e-02
-3.875515237450599670e-02
2.005281113088130951e-02
-3.712417092174291611e-03
-8.257295191287994385e-02
-5.908293277025222778e-02
-2.746192971244454384e-03
2.300956845283508301e-02
2.816673368215560913e-02
6.126889586448669434e-02
-1.542783826589584351e-01
-6.907027959823608398e-02
-5.852716416120529175e-02
-1.064932420849800110e-01
4.167667031288146973e-02
6.203558668494224548e-02
-5.810625478625297546e-02
-1.257410049438476562e-01
-3.670909907668828964e-03
1.260847318917512894e-02
-4.525249451398849487e-02
-1.730112284421920776e-01
2.421507053077220917e-02
-1.152118667960166931e-01
9.101948142051696777e-02
5.017351359128952026e-02
-8.435038477182388306e-02
-1.085478365421295166e-01
-4.548726603388786316e-02
2.914850600063800812e-02
7.074543833732604980e-02
8.266388624906539917e-02
-9.093736857175827026e-02
1.470036059617996216e-01
-2.347742579877376556e-02
1.281374096870422363e-01
1.095914002507925034e-02
2.720539830625057220e-02
2.680391259491443634e-02
1.069028675556182861e-01
5.560788512229919434e-02
-3.418579697608947754e-02
2.017984725534915924e-02
4.572888836264610291e-02
8.404602110385894775e-02
6.905046105384826660e-02
1.724658310413360596e-01
2.263035252690315247e-02
-9.604865312576293945e-02
-3.246717154979705811e-02
3.062123432755470276e-02
7.232278585433959961e-02
-6.716634146869182587e-03
-4.414612054824829102e-02
7.576689124107360840e-02
-7.312041521072387695e-02
-7.972793281078338623e-02
2.074143849313259125e-02
1.995060965418815613e-02
-1.839274019002914429e-01
9.728726744651794434e-02
2.234514206647872925e-01
5.515009537339210510e-02
-1.563994586467742920e-01
-1.139047518372535706e-01
-1.166251823306083679e-01
-1.045528948307037354e-01
1.126336306333541870e-01
2.986136823892593384e-02
-3.009905517101287842e-01
-1.809213012456893921e-01
-3.006560206413269043e-01
-2.246519774198532104e-01
1.920308172702789307e-02
8.596480824053287506e-03
-3.838703501969575882e-03
-7.513476908206939697e-02
-6.556768715381622314e-02
-6.681015342473983765e-02
1.209930237382650375e-02
-9.079350531101226807e-02
7.908309251070022583e-02
1.027991250157356262e-02
3.949283156543970108e-03
1.228976179845631123e-04
-2.046633698046207428e-02
-1.718085110187530518e-01
1.936357095837593079e-02
-1.977874664589762688e-03
1.866881176829338074e-02
3.594126785174012184e-03
6.583311408758163452e-02
9.649650007486343384e-02
-3.170368447899818420e-02
-8.373924531042575836e-03
-4.264939948916435242e-02
-9.809089452028274536e-02
-2.462139725685119629e-02
-7.952907681465148926e-02
-6.768618524074554443e-02
-1.790810748934745789e-02
-1.469958201050758362e-02
-1.054501608014106750e-01
7.338264025747776031e-03
-8.249387890100479126e-02
-1.312925070524215698e-01
1.568014966323971748e-03
-1.282014045864343643e-02
3.187378495931625366e-02
5.867838393896818161e-03
2.397863939404487610e-02
-6.414657086133956909e-02
1.055833399295806885e-01
-2.277653813362121582e-01
-5.604981631040573120e-02
-3.039561212062835693e-02
-7.574001327157020569e-03
-1.554450988769531250e-01
-5.390247106552124023e-01
-7.600484043359756470e-02
-2.465512156486511230e-01
-6.928685121238231659e-03
9.569624066352844238e-02
6.599886715412139893e-02
-1.122053116559982300e-01
-2.935431152582168579e-02
7.473354041576385498e-02
-1.167359426617622375e-01
1.034987717866897583e-01
4.733260720968246460e-02
5.192723125219345093e-02
1.152732968330383301e-01
1.110790222883224487e-01
1.844428628683090210e-01
2.380614280700683594e-01
1.153414845466613770e-01
-9.002422541379928589e-02
3.281736746430397034e-02
1.041074544191360474e-01
3.622291237115859985e-02
-1.945453882217407227e-01
-3.983242064714431763e-02
7.090841233730316162e-02
1.625769734382629395e-01
2.839190699160099030e-02
-2.797689475119113922e-02
-2.201626449823379517e-01
-1.452828496694564819e-01
4.082465171813964844e-02
5.184274539351463318e-02
-1.645997911691665649e-02
-4.691424965858459473e-02
-2.697773650288581848e-02
-1.078448593616485596e-01
-9.135229885578155518e-02
-3.052164427936077118e-02
1.279448810964822769e-02
-1.546626910567283630e-02
-1.215495052747428417e-03
6.275770068168640137e-02
-6.195508688688278198e-02
2.909226156771183014e-02
-1.541111469268798828e-01
-8.837076276540756226e-02
3.374335123226046562e-03
-2.422075569629669189e-01
-7.237470149993896484e-02
-1.343753933906555176e-01
-6.702794879674911499e-02
-2.779898606240749359e-02
1.821907460689544678e-01
-2.989734709262847900e-02
-8.415640145540237427e-02
6.270219385623931885e-02
1.412557661533355713e-01
9.578251838684082031e-02
6.496934592723846436e-02
2.632780186831951141e-02
-6.077232304960489273e-03
7.170186936855316162e-02
1.275266855955123901e-01
2.004745649173855782e-03
-2.085808664560317993e-01
8.423632383346557617e-02
6.065986305475234985e-02
8.963030576705932617e-02
-3.771019354462623596e-02
-6.854912266135215759e-03
-9.821446239948272705e-02
1.023509129881858826e-01
-1.745197027921676636e-01
-9.915474802255630493e-03
-4.037004336714744568e-02
3.055376000702381134e-02
-1.127516403794288635e-01
-1.203268468379974365e-01
4.145685583353042603e-02
-1.660317480564117432e-01
-2.824614942073822021e-02
-3.140564542263746262e-03
-5.675509572029113770e-03
-1.574832797050476074e-01
-2.500696480274200439e-01
-7.858966290950775146e-02
-2.440437972545623779e-01
-2.680440545082092285e-01
-1.527214143425226212e-02
-8.120320737361907959e-02
-1.742759160697460175e-02
-1.433632671833038330e-01
-6.626302748918533325e-02
-4.489608854055404663e-02
-1.522651016712188721e-01
-1.685756444931030273e-02
5.064631253480911255e-02
-1.490526795387268066e-01
-6.666367501020431519e-02
-1.063178703188896179e-01
2.202215641736984253e-01
5.255864001810550690e-03
-2.654601261019706726e-02
2.579909935593605042e-02
1.038551777601242065e-01
-1.003606244921684265e-01
-5.272890254855155945e-02
-7.555434107780456543e-02
-1.890686713159084320e-02
4.994368180632591248e-03
1.856549084186553955e-02
1.598980426788330078e-01
-1.589810550212860107e-01
-2.985017187893390656e-02
-6.590073555707931519e-02
2.323133498430252075e-02
6.121500954031944275e-02
1.196422353386878967e-01
1.564685553312301636e-01
-2.111949212849140167e-02
-1.070088371634483337e-01
-3.673968464136123657e-02
-2.359794685617089272e-03
-1.133615300059318542e-01
-6.415077485144138336e-03
1.434596069157123566e-02
-1.652802824974060059e-01
-2.758633531630039215e-02
-1.280241012573242188e-01
-5.762823857367038727e-03
-4.060986638069152832e-02
-1.300343573093414307e-01
5.386139452457427979e-02
1.560038477182388306e-01
1.099031046032905579e-01
1.154201626777648926e-01
2.450015582144260406e-02
-6.475820206105709076e-03
7.393802702426910400e-02
9.141159057617187500e-02
9.851442277431488037e-02
-1.743223965167999268e-01
8.306004106998443604e-02
-3.614125028252601624e-02
-7.165349088609218597e-03
8.754750341176986694e-02
-2.280089072883129120e-03
-2.127789556980133057e-01
-3.151093795895576477e-02
7.734461873769760132e-02
-1.461096014827489853e-02
-2.798502892255783081e-02
-1.004478558897972107e-01
-8.711418136954307556e-03
1.963915117084980011e-02
7.649333775043487549e-02
4.913649056106805801e-03
-2.725117467343807220e-02
3.800892736762762070e-04
-5.095662549138069153e-02
-1.685351282358169556e-01
1.499467343091964722e-01
5.495846644043922424e-02
-1.531706098467111588e-02
9.861057251691818237e-02
-1.694535091519355774e-02
-3.300906717777252197e-01
-8.899176865816116333e-02
7.427398860454559326e-02
3.274816554039716721e-03
3.798096626996994019e-02
-4.551413655281066895e-02
-2.397494949400424957e-02
-2.558587118983268738e-02
-1.580692268908023834e-02
4.778394848108291626e-02
5.087735131382942200e-02
-2.740333974361419678e-02
-7.887813448905944824e-02
-1.195630151778459549e-02
8.160007419064640999e-04
6.102203577756881714e-02
-6.379710137844085693e-02
1.748837297782301903e-03
9.263166575692594051e-04
-1.497512566857039928e-03
1.079207379370927811e-02
3.744413331151008606e-02
5.753126606578007340e-05
-4.218114539980888367e-02
-1.305143088102340698e-01
-5.985593795776367188e-02
-9.141282737255096436e-02
-3.994330391287803650e-02
6.251157820224761963e-02
1.453544497489929199e-01
-2.037373557686805725e-02
-2.216216325759887695e-01
-4.291995465755462646e-01
-1.351429373025894165e-01
1.270033977925777435e-02
5.411206930875778198e-02
1.010010689496994019e-01
1.856198161840438843e-01
-3.550271391868591309e-01
8.189686387777328491e-02
8.546688407659530640e-02
-1.661228239536285400e-01
3.372131660580635071e-02
-2.185798436403274536e-02
8.702047169208526611e-02
1.045557931065559387e-01
1.145382896065711975e-01
6.528752297163009644e-02
4.423544183373451233e-02
1.607642136514186859e-02
-1.611877679824829102e-01
-1.275168210268020630e-01
-1.554107666015625000e-02
1.504806727170944214e-01
4.155186936259269714e-02
-2.193113043904304504e-02
-6.781511753797531128e-02
-2.249896228313446045e-01
-4.553635120391845703e-01
-2.189456671476364136e-01
6.041470915079116821e-02
-3.637953475117683411e-02
-6.278697401285171509e-02
-5.574441980570554733e-03
-1.216848343610763550e-01
-2.908195182681083679e-02
3.066898789256811142e-03
-1.001039240509271622e-02
2.284912951290607452e-02
-5.119443684816360474e-02
-8.659283071756362915e-02
-7.036267220973968506e-02
2.573746896814554930e-04
1.012888997793197632e-01
1.520829647779464722e-01
2.189858630299568176e-02
-9.629100561141967773e-02
-1.921737492084503174e-01
3.109460137784481049e-02
3.331023082137107849e-02
1.576973944902420044e-01
1.813352555036544800e-01
6.921281665563583374e-02
-1.753296703100204468e-02
-9.666433930397033691e-02
-1.264467369765043259e-02
9.891171753406524658e-02
6.293656677007675171e-02
3.770365193486213684e-02
1.341264545917510986e-01
3.582585602998733521e-02
1.194600984454154968e-01
1.025785431265830994e-01
6.224453821778297424e-02
-1.055322736501693726e-01
-1.213491111993789673e-01
-9.939564764499664307e-02
6.332892924547195435e-02
9.447525441646575928e-02
9.161436557769775391e-02
-9.909529238939285278e-02
-9.644664078950881958e-02
-1.390148401260375977e-01
-1.421583890914916992e-01
-2.149238716810941696e-03
-5.943759903311729431e-02
-1.890231482684612274e-02
-7.272988092154264450e-03
8.218959905207157135e-03
5.350446328520774841e-03
-2.238453552126884460e-02
-7.778316736221313477e-02
8.128825575113296509e-03
-1.476482599973678589e-01
5.704487860202789307e-02
-2.757793478667736053e-02
9.788329154253005981e-02
-1.455375701189041138e-01
4.240403883159160614e-03
-6.779510062187910080e-03
2.528285980224609375e-01
-9.579716250300407410e-03
-1.824607402086257935e-01
-9.981606900691986084e-02
-7.098530977964401245e-02
1.684200167655944824e-01
-2.262157946825027466e-01
2.477611601352691650e-02
6.993614882230758667e-02
-9.134873747825622559e-02
-1.938501000404357910e-02
-9.780424833297729492e-02
1.075216159224510193e-01
-6.465823203325271606e-02
-1.125432178378105164e-01
1.403162032365798950e-01
-3.264784812927246094e-02
3.131128475069999695e-02
7.301688194274902344e-02
-6.413890421390533447e-02
-1.966537237167358398e-01
-4.950922355055809021e-02
3.042354015633463860e-03
-1.146131604909896851e-01
3.499112650752067566e-02
3.156856074929237366e-02
4.981212690472602844e-02
9.605615586042404175e-02
-2.138530611991882324e-01
4.281425476074218750e-02
-1.490982435643672943e-02
4.543957859277725220e-02
9.744221461005508900e-04
-1.036217361688613892e-01
2.340007387101650238e-02
3.899657726287841797e-02
6.650888174772262573e-02
6.175138801336288452e-02
2.282902412116527557e-02
3.234787285327911377e-02
3.940007463097572327e-02
-6.275735050439834595e-02
-1.369214523583650589e-02
2.991230599582195282e-02
7.797479629516601562e-02
-8.126933872699737549e-02
-1.079687699675559998e-01
9.049503505229949951e-02
4.273227229714393616e-02
1.731592118740081787e-01
-6.266664713621139526e-02
-2.688689827919006348e-01
2.996038198471069336e-01
-1.919445991516113281e-01
9.320707991719245911e-03
7.930469699203968048e-03
9.400614351034164429e-02
-1.950248926877975464e-01
-3.002957105636596680e-01
-6.977697461843490601e-02
1.838641762733459473e-01
-4.085566475987434387e-02
-8.268197998404502869e-03
6.935586035251617432e-02
-1.691514812409877777e-02
-1.361017581075429916e-03
2.249774187803268433e-01
-2.459396608173847198e-02
3.497999161481857300e-02
2.220541052520275116e-02
-5.606646463274955750e-02
-2.058932557702064514e-03
-1.884330809116363525e-02
2.264030426740646362e-01
-7.378342002630233765e-02
-5.505507439374923706e-02
-7.986844517290592194e-03
4.732649028301239014e-02
-1.456470340490341187e-01
6.359747052192687988e-02
-2.567139640450477600e-02
-1.786232180893421173e-02
1.449524861527606845e-04
-5.022165551781654358e-02
8.422054350376129150e-02
-2.859949506819248199e-02
-9.508509188890457153e-02
-5.938191339373588562e-02
-1.072192117571830750e-01
8.654415607452392578e-03
-5.666470155119895935e-02
-5.648342892527580261e-02
-2.139600366353988647e-02
-4.715894465334713459e-04
-7.553470786660909653e-03
6.218541786074638367e-02
-1.803090572357177734e-01
-1.459056138992309570e-01
4.354061931371688843e-02
5.151724908500909805e-03
1.112597435712814331e-01
7.074061781167984009e-02
-9.389352798461914062e-02
-3.191958069801330566e-01
-2.559227347373962402e-01
-8.498263359069824219e-02
-2.192073687911033630e-02
1.079906150698661804e-01
1.770752221345901489e-01
1.318593770265579224e-01
-1.320280320942401886e-02
-3.688217699527740479e-02
-4.020780697464942932e-02
3.615632280707359314e-02
-5.841836705803871155e-02
1.481289118528366089e-01
2.133997529745101929e-01
3.695004805922508240e-02
1.214729622006416321e-01
1.195062324404716492e-01
2.183631807565689087e-02
5.957545712590217590e-02
-2.652386436238884926e-03
3.987295925617218018e-02
-5.464967340230941772e-03
-5.235499702394008636e-04
7.198373321443796158e-03
1.702181436121463776e-02
2.847046777606010437e-02
-1.402910351753234863e-01
-3.029589056968688965e-01
-3.927581384778022766e-02
-1.501873694360256195e-02
-4.940542392432689667e-03
-1.014759391546249390e-02
-1.714779622852802277e-02
-9.817356616258621216e-02
-9.295893460512161255e-02
-4.988731350749731064e-03
-1.671650111675262451e-01
3.101527132093906403e-02
-1.623268797993659973e-02
2.188109904527664185e-01
-1.119704917073249817e-01
-9.557800740003585815e-02
-2.486502518877387047e-03
-3.466360270977020264e-03
7.058770954608917236e-02
7.122468948364257812e-02
1.214962452650070190e-02
-1.046882495284080505e-01
-4.706999287009239197e-02
-9.454518556594848633e-02
4.183463379740715027e-02
1.008381545543670654e-01
9.811896085739135742e-02
3.000301867723464966e-02
5.143568664789199829e-02
1.608547270298004150e-01
-1.520409584045410156e-01
-1.291089504957199097e-01
-1.643066294491291046e-02
8.115026354789733887e-02
-1.909213513135910034e-02
1.832875460386276245e-01
1.269158422946929932e-01
8.819135837256908417e-03
-2.147388309240341187e-01
-1.011041924357414246e-01
1.124488264322280884e-01
-7.471469789743423462e-02
-3.105331771075725555e-02
-2.708895504474639893e-02
-6.191186979413032532e-02
-1.875059753656387329e-01
-1.849525272846221924e-01
-9.852817654609680176e-02
-1.018491163849830627e-01
-1.011786907911300659e-01
-1.475688815116882324e-01
5.260762199759483337e-02
-3.016203269362449646e-02
7.283910363912582397e-02
-3.909493982791900635e-02
8.060466498136520386e-02
-6.097080186009407043e-03
8.289811760187149048e-02
-5.813484266400337219e-02
-4.733293130993843079e-02
-2.610858157277107239e-02
-9.601210802793502808e-02
-7.358956336975097656e-02
-3.842405602335929871e-02
-1.178005803376436234e-02
-2.395081333816051483e-03
-1.700316071510314941e-01
-3.242002129554748535e-01
-1.647687703371047974e-01
8.127804845571517944e-02
1.832106150686740875e-02
-3.940330445766448975e-02
-1.505344212055206299e-01
-8.017870038747787476e-02
-3.146534040570259094e-02
-1.838582335039973259e-03
1.033878847956657410e-01
1.025981679558753967e-01
1.515426486730575562e-01
-1.055251210927963257e-01
4.079546406865119934e-02
6.356329470872879028e-02
6.951311230659484863e-02
1.120935529470443726e-01
1.622658073902130127e-01
2.220926880836486816e-01
-9.190031886100769043e-02
-5.058959592133760452e-03
5.635233968496322632e-02
3.329396992921829224e-02
4.027533903717994690e-02
1.943693868815898895e-02
4.795247316360473633e-02
1.401298772543668747e-02
6.618383526802062988e-02
2.473055757582187653e-02
3.605085983872413635e-02
-1.162346601486206055e-01
-1.425671577453613281e-01
-3.336637914180755615e-01
-9.378133714199066162e-02
2.426505787298083305e-03
-2.722523408010601997e-03
1.520364172756671906e-02
-2.849080413579940796e-02
-7.315993309020996094e-02
-1.128904223442077637e-01
1.536508835852146149e-02
-7.456119358539581299e-02
-3.428409248590469360e-02
1.182630434632301331e-01
2.047830820083618164e-01
-4.444006830453872681e-02
1.996934786438941956e-02
-8.491299813613295555e-04
4.445027559995651245e-02
3.545848652720451355e-02
-4.752739891409873962e-02
-7.118051499128341675e-02
-3.598716855049133301e-01
-8.659362792968750000e-02
-2.280241996049880981e-02
1.640254072844982147e-02
7.889663428068161011e-02
3.761054575443267822e-02
-1.286725848913192749e-01
-2.598894536495208740e-01
-5.957327410578727722e-02
-4.038307070732116699e-02
-3.331158682703971863e-02
1.389143317937850952e-01
9.358169883489608765e-02
2.105690771713852882e-03
-3.188696876168251038e-02
-1.420769281685352325e-02
-3.489491343498229980e-02
-2.411700040102005005e-02
-3.332731127738952637e-02
-3.687813878059387207e-02
6.299365311861038208e-02
-3.318675560876727104e-03
1.886230148375034332e-02
-2.126453071832656860e-02
-1.682692319154739380e-01
2.423584228381514549e-03
-5.041704326868057251e-02
8.704658597707748413e-02
-1.119590830057859421e-02
1.582732945680618286e-01
-2.641378343105316162e-02
5.267524719238281250e-02
-4.571808874607086182e-02
-1.100275479257106781e-02
-1.008625328540802002e-01
-7.547809183597564697e-02
7.639184594154357910e-02
2.516224049031734467e-02
5.998637527227401733e-03
8.774339407682418823e-02
-4.648667946457862854e-02
-3.056694939732551575e-02
-8.682344853878021240e-02
7.433558255434036255e-02
-1.087052896618843079e-01
-1.098633483052253723e-01
7.534953299909830093e-03
-1.385945081710815430e-01
-2.238998655229806900e-03
-2.968389168381690979e-02
1.113925278186798096e-01
2.078647539019584656e-02
1.023463457822799683e-01
4.140948504209518433e-02
4.813424311578273773e-03
-3.277344107627868652e-01
-4.161415994167327881e-01
1.870734691619873047e-01
-1.267423927783966064e-01
1.640229858458042145e-02
2.112500928342342377e-02
4.498717933893203735e-02
9.629016369581222534e-02
-1.240212917327880859e-01
7.539886981248855591e-02
-1.260793507099151611e-01
-1.224129498004913330e-01
1.198216062039136887e-02
3.512028977274894714e-02
1.205381378531455994e-01
1.492420732975006104e-01
1.470141112804412842e-01
7.902976125478744507e-02
-1.608914434909820557e-01
-1.919554620981216431e-01
6.379001587629318237e-02
1.288514286279678345e-01
2.258523553609848022e-01
-8.418188244104385376e-02
1.885508559644222260e-02
-2.109297513961791992e-01
8.800861239433288574e-02
2.060918882489204407e-02
-8.791764825582504272e-02
5.093278363347053528e-02
-1.228391081094741821e-01
-5.581611301749944687e-03
-1.254447847604751587e-01
-1.706096902489662170e-02
-7.601475715637207031e-02
6.672886759042739868e-02
1.134651452302932739e-01
1.232322677969932556e-01
-5.884590093046426773e-03
-2.368435077369213104e-02
-1.515076495707035065e-02
1.047880016267299652e-02
2.789308875799179077e-02
1.194482892751693726e-01
8.015332370996475220e-02
-1.114722993224859238e-02
3.911986574530601501e-02
8.955770730972290039e-02
-6.226219236850738525e-02
-3.376306891441345215e-01
-1.160221546888351440e-01
-7.043355703353881836e-02
-5.010998994112014771e-02
6.133277341723442078e-02
-2.062734514474868774e-01
-1.180966943502426147e-01
-1.065147444605827332e-01
-4.658930748701095581e-02
-4.972217977046966553e-02
-7.167790085077285767e-02
-7.367840409278869629e-02
-1.606272906064987183e-01
-1.086686998605728149e-01
1.140521168708801270e-01
6.666839867830276489e-02
-8.905803412199020386e-02
-1.373497247695922852e-01
-3.152172565460205078e-01
-1.360922615276649594e-04
7.988316565752029419e-02
1.774934679269790649e-01
-5.499802529811859131e-03
-8.030372858047485352e-02
-4.184154421091079712e-02
-4.199067503213882446e-02
-1.218785792589187622e-01
-7.802272588014602661e-02
4.947045072913169861e-02
4.644139856100082397e-02
-6.541100144386291504e-02
-8.059100061655044556e-02
-1.980945169925689697e-01
-1.555130630731582642e-01
-1.638564281165599823e-02
2.112667262554168701e-02
-6.833793222904205322e-02
-7.453694194555282593e-02
-6.918337941169738770e-02
-7.798966020345687866e-02
-2.328963950276374817e-02
-1.087700873613357544e-01
-5.413102731108665466e-02
-6.710812449455261230e-02
1.343867368996143341e-02
9.212878346443176270e-02
6.170969083905220032e-02
1.215239148586988449e-02
7.421388477087020874e-02
1.037333458662033081e-01
4.324223846197128296e-02
8.187906444072723389e-02
5.320818722248077393e-02
8.118052035570144653e-02
7.847465574741363525e-03
9.470663033425807953e-03
3.009784407913684845e-02
4.739670827984809875e-02
-2.239095978438854218e-02
9.319897741079330444e-02
-1.016983911395072937e-01
-7.003874331712722778e-02
-7.339811325073242188e-02
-1.465389579534530640e-01
1.259692199528217316e-02
-1.288986653089523315e-01
1.515791052952408791e-03
-4.904095828533172607e-02
1.340334117412567139e-02
-4.811346530914306641e-03
-2.643914520740509033e-02
-1.283828355371952057e-02
1.104389503598213196e-02
-7.831470668315887451e-02
-7.576448470354080200e-02
-7.584849745035171509e-02
-6.907886266708374023e-02
-1.503700762987136841e-01
3.127836436033248901e-02
5.037783458828926086e-02
1.456011086702346802e-01
1.555307805538177490e-01
4.041370749473571777e-02
-6.981001049280166626e-02
-7.704515475779771805e-03
-8.753650635480880737e-02
-2.417311817407608032e-02
8.424296393059194088e-04
-8.279204368591308594e-02
-6.250977516174316406e-02
1.121797189116477966e-01
4.271236062049865723e-02
-3.414657413959503174e-01
1.102020964026451111e-01
-4.053084924817085266e-02
1.188307106494903564e-01
1.076811030507087708e-01
9.570237994194030762e-02
-6.100459024310112000e-02
-1.108878627419471741e-01
-8.694541454315185547e-02
-2.521843276917934418e-02
5.159871652722358704e-02
1.256047375500202179e-02
-2.187806554138660431e-02
1.755130128003656864e-03
-2.517924830317497253e-02
8.610735088586807251e-02
3.842100128531455994e-02
-8.271561935544013977e-03
1.026360318064689636e-01
6.814733892679214478e-02
1.162271946668624878e-01
8.421933650970458984e-02
1.174136027693748474e-01
-1.813675276935100555e-02
-9.281675517559051514e-02
-1.709962040185928345e-01
-9.427087008953094482e-02
-3.606095537543296814e-02
-1.638617180287837982e-02
1.524872630834579468e-01
-4.476134106516838074e-02
-1.204286236315965652e-02
-1.225324198603630066e-01
-2.559602260589599609e-01
-1.091085150837898254e-01
-1.872492432594299316e-01
1.126130744814872742e-01
-1.214915812015533447e-01
1.200396008789539337e-02
7.774402387440204620e-03
-2.689847722649574280e-02
1.827228516340255737e-01
2.388377860188484192e-02
1.552476827055215836e-02
1.739707961678504944e-02
4.941882193088531494e-02
-2.227084934711456299e-01
-1.528614163398742676e-01
-4.876772686839103699e-02
1.416453532874584198e-02
2.018618583679199219e-02
7.196814566850662231e-02
4.568037763237953186e-02
-1.369188912212848663e-02
2.616506442427635193e-02
-7.307878136634826660e-02
-2.865665256977081299e-01
-1.206983253359794617e-01
1.456445828080177307e-02
-5.504550039768218994e-02
-1.019400209188461304e-01
-1.062217578291893005e-01
-8.895225077867507935e-02
4.908153414726257324e-02
-9.322271496057510376e-02
-2.521599456667900085e-02
3.591419756412506104e-02
-7.634358853101730347e-02
-2.387705817818641663e-02
6.375666707754135132e-02
9.917042404413223267e-02
6.536942441016435623e-03
3.319189697504043579e-02
1.297381818294525146e-01
4.345202445983886719e-02
4.342179000377655029e-02
1.345423161983489990e-01
8.275482058525085449e-02
1.488928347826004028e-01
1.474949251860380173e-02
-7.105959951877593994e-02
1.352735050022602081e-02
5.382303893566131592e-02
-7.323379814624786377e-02
-1.004388555884361267e-01
-7.721541821956634521e-02
-7.488785311579704285e-03
3.398910863324999809e-03
-6.688796728849411011e-02
1.482466012239456177e-01
2.377430722117424011e-02
1.423722207546234131e-01
-6.819476187229156494e-02
-6.533245742321014404e-02
-1.203026548027992249e-01
3.093427419662475586e-02
-2.081261388957500458e-02
-2.844850532710552216e-02
-6.009256839752197266e-02
1.228592079132795334e-02
-5.234750360250473022e-02
4.081653803586959839e-02
1.506051272153854370e-01
-8.102088421583175659e-02
-1.413978040218353271e-01
-1.001939624547958374e-01
-1.236585378646850586e-01
-1.576523780822753906e-01
8.881853520870208740e-02
1.806534826755523682e-01
-2.211930789053440094e-02
-1.723613888025283813e-01
-1.789024472236633301e-01
-2.778507955372333527e-02
-2.503427267074584961e-01
-1.425434350967407227e-01
-4.242696613073348999e-02
-1.748780906200408936e-01
-7.738474756479263306e-02
4.318806156516075134e-02
-6.574463099241256714e-02
-1.829914450645446777e-01
-6.423164904117584229e-02
2.887987531721591949e-03
-2.672750689089298248e-02
-2.547340700402855873e-03
4.712456092238426208e-02
1.608934700489044189e-01
-9.386877715587615967e-02
-1.379090696573257446e-01
-1.196068450808525085e-01
-1.216889321804046631e-01
1.129487622529268265e-02
4.723992943763732910e-02
5.881838500499725342e-02
4.522726871073246002e-03
-1.005337685346603394e-01
1.298569589853286743e-01
1.244025770574808121e-04
8.263193070888519287e-02
1.207842398434877396e-02
-6.213786080479621887e-02
-5.114337056875228882e-02
1.250055581331253052e-01
1.170419529080390930e-01
-2.185114920139312744e-01
-2.965214252471923828e-01
-4.234148859977722168e-01
2.229768410325050354e-02
3.752473508939146996e-03
5.574636161327362061e-02
1.169115826487541199e-01
-9.766331315040588379e-02
-2.765987068414688110e-02
-1.166328191757202148e-01
1.162245720624923706e-01
-4.288184642791748047e-02
2.448691800236701965e-02
1.090551260858774185e-02
-6.209271401166915894e-02
1.159469410777091980e-01
-2.602489478886127472e-02
3.264850750565528870e-02
-1.158972308039665222e-01
-1.202365756034851074e-01
5.188278853893280029e-02
6.398480385541915894e-02
7.177286595106124878e-02
-3.199207782745361328e-02
1.049366816878318787e-01
-4.704649373888969421e-02
-9.104672819375991821e-02
3.933371510356664658e-03
3.535383567214012146e-02
9.480099193751811981e-03
2.184620127081871033e-02
1.373150851577520370e-02
6.558319553732872009e-03
-2.010691761970520020e-01
-3.645422309637069702e-02
-6.276784837245941162e-02
-1.521145552396774292e-01
-6.514354050159454346e-02
-6.050292868167161942e-03
4.813154414296150208e-02
1.277971919625997543e-02
-1.413981318473815918e-01
-4.732859507203102112e-02
6.485347449779510498e-02
2.602328732609748840e-02
1.202342212200164795e-01
-1.200503855943679810e-01
-9.802718460559844971e-02
1.820719987154006958e-02
3.154452517628669739e-02
2.274140343070030212e-02
8.711703121662139893e-02
1.164918616414070129e-01
-1.294687837362289429e-01
-9.009086340665817261e-02
-7.732651382684707642e-02
1.167642548680305481e-01
5.148006603121757507e-02
-8.331823348999023438e-02
1.950913341715931892e-03
-7.105855643749237061e-02
1.077047958970069885e-01
-5.810924246907234192e-02
4.102430120110511780e-02
3.034700639545917511e-02
6.456793844699859619e-02
6.666664779186248779e-02
9.777873754501342773e-02
6.223220005631446838e-02
4.069273173809051514e-02
1.917502284049987793e-01
-9.438794106245040894e-03
2.942366525530815125e-02
3.417783603072166443e-02
-1.311700046062469482e-01
-2.933625131845474243e-02
8.235624432563781738e-02
4.371747002005577087e-02
-1.501370687037706375e-03
-4.510001093149185181e-02
3.627681732177734375e-02
-7.698162645101547241e-02
-7.071775943040847778e-02
-3.000560216605663300e-02
-4.584945365786552429e-02
-3.013888746500015259e-02
-7.892222702503204346e-02
-4.540790244936943054e-02
-3.277055453509092331e-03
-6.828488409519195557e-02
1.764487288892269135e-02
-1.571602746844291687e-02
-1.326617002487182617e-01
8.529609441757202148e-02
1.047039851546287537e-01
-2.476411312818527222e-02
2.645242586731910706e-02
-4.141855984926223755e-02
-3.753744065761566162e-02
-1.545105874538421631e-01
4.036584496498107910e-02
6.174007430672645569e-02
-1.234604716300964355e-01
-1.298432704061269760e-02
2.241730317473411560e-02
-1.362656652927398682e-01
-2.814409509301185608e-02
1.100342124700546265e-01
1.033391878008842468e-01
-1.179114952683448792e-01
-1.324871741235256195e-02
3.157299384474754333e-02
-7.312570512294769287e-02
-7.687298953533172607e-02
2.474576793611049652e-02
-1.138757690787315369e-01
1.630541235208511353e-01
-2.414877340197563171e-02
4.462394863367080688e-02
-1.208640336990356445e-01
-2.047156095504760742e-01
-1.396225839853286743e-01
-1.796045750379562378e-01
-6.150918081402778625e-02
1.827442832291126251e-02
-1.659885048866271973e-02
6.191816553473472595e-02
-1.592321842908859253e-01
-2.241373658180236816e-01
-6.855475157499313354e-02
-8.224062621593475342e-03
1.790265440940856934e-01
-4.939126968383789062e-02
2.426690459251403809e-01
-1.137446332722902298e-02
3.685592114925384521e-02
-3.888870822265744209e-03
-1.740164458751678467e-01
7.901041209697723389e-02
-5.554957687854766846e-02
8.272861689329147339e-02
-5.287303403019905090e-02
4.247986897826194763e-02
-9.098484367132186890e-02
-2.200011163949966431e-01
-1.508282870054244995e-02
3.778541088104248047e-02
-9.467077441513538361e-03
-9.300689399242401123e-02
-1.191613674163818359e-01
-2.335796691477298737e-02
-2.041122466325759888e-01
-1.034141108393669128e-01
-6.716604530811309814e-02
-1.211682781577110291e-01
-4.234896600246429443e-02
-1.805268786847591400e-02
5.905588716268539429e-02
-2.984593808650970459e-02
1.345100253820419312e-01
-5.680003389716148376e-02
3.546376712620258331e-03
2.775267511606216431e-02
7.248765975236892700e-02
1.493363529443740845e-01
2.729757316410541534e-02
6.768963485956192017e-02
3.901776671409606934e-02
-2.429821528494358063e-03
9.720703214406967163e-02
5.310779064893722534e-02
4.423701763153076172e-02
6.161066144704818726e-02
1.155253127217292786e-01
8.877738565206527710e-02
1.416356414556503296e-01
9.860669821500778198e-02
-1.185704302042722702e-02
-2.133086882531642914e-02
-3.384045138955116272e-02
1.276175398379564285e-02
-2.680228948593139648e-01
7.769431173801422119e-02
-6.537045538425445557e-02
1.111773326992988586e-01
-4.382184520363807678e-02
6.149152293801307678e-03
-3.253382444381713867e-02
-1.344949454069137573e-01
2.633976005017757416e-02
5.004382133483886719e-02
3.061582148075103760e-02
3.947267308831214905e-02
1.308333780616521835e-02
-6.163217499852180481e-02
-4.288265947252511978e-03
-1.610898470971733332e-04
-8.969230577349662781e-03
6.452421844005584717e-02
8.721643686294555664e-02
8.403279632329940796e-02
-8.564420044422149658e-02
-1.291237324476242065e-01
1.405966561287641525e-02
-3.206145763397216797e-02
-9.552950412034988403e-02
1.151476893573999405e-02
-2.113893926143646240e-01
1.080261841416358948e-01
-4.589032009243965149e-02
7.440561056137084961e-02
6.135077774524688721e-02
-6.965967267751693726e-02
3.141141310334205627e-02
1.053503677248954773e-01
1.333035230636596680e-01
4.652114119380712509e-03
-5.800691619515419006e-02
3.472214192152023315e-02
1.050832718610763550e-01
7.949988543987274170e-02
-6.385398562997579575e-03
1.091264039278030396e-01
1.219521313905715942e-01
1.385574489831924438e-01
4.610800743103027344e-02
8.306737989187240601e-02
4.884702339768409729e-02
5.654511973261833191e-03
-3.152784332633018494e-02
-8.186796307563781738e-02
2.235957831144332886e-01
-1.196859925985336304e-01
-1.707800030708312988e-01
-5.940876528620719910e-02
4.672323819249868393e-03
-7.921307347714900970e-03
7.350873202085494995e-02
-1.372338384389877319e-01
5.106082558631896973e-02
8.342296816408634186e-03
-8.673130534589290619e-03
-6.143887992948293686e-03
6.685763597488403320e-03
-1.660935953259468079e-02
-2.986853756010532379e-02
-1.269380450248718262e-01
-2.868333831429481506e-02
-9.048693813383579254e-03
8.757925778627395630e-02
-5.103695392608642578e-02
1.265488713979721069e-01
1.476306617259979248e-01
2.944924868643283844e-02
-2.325240075588226318e-01
-8.375124633312225342e-02
3.258047997951507568e-02
4.990235902369022369e-03
-4.913765005767345428e-03
-7.518445700407028198e-02
-1.442207098007202148e-01
1.226927861571311951e-01
8.450826257467269897e-02
4.228799417614936829e-02
8.608951419591903687e-02
1.085334643721580505e-01
-5.681609734892845154e-02
4.358630627393722534e-02
8.340569585561752319e-02
6.985669583082199097e-02
1.021299231797456741e-02
5.405256059020757675e-03
-1.399231255054473877e-01
5.146207287907600403e-02
1.073448807001113892e-01
6.421573460102081299e-02
1.971100717782974243e-01
-8.080815896391868591e-03
-7.890312373638153076e-02
-7.785374671220779419e-02
-1.019500568509101868e-02
-4.945258796215057373e-02
-7.583260536193847656e-02
-6.140366569161415100e-02
1.702333427965641022e-02
-1.072084531188011169e-02
-2.076045796275138855e-02
-1.508981138467788696e-01
5.944189056754112244e-02
2.306835353374481201e-01
8.829177357256412506e-03
-3.198964893817901611e-02
5.870207026600837708e-02
-8.526197820901870728e-02
2.570918947458267212e-02
6.298234313726425171e-02
1.418440341949462891e-01
5.728386715054512024e-02
-8.926840126514434814e-02
1.967379637062549591e-02
-5.561855062842369080e-02
-9.435710310935974121e-02
6.306049972772598267e-02
-4.178770631551742554e-02
2.164445370435714722e-01
-9.912734478712081909e-02
-1.499746143817901611e-01
6.058883666992187500e-02
-3.876840695738792419e-02
-6.910627335309982300e-02
-1.120054274797439575e-01
-9.502587467432022095e-02
-1.211539134383201599e-01
-1.368888914585113525e-01
-5.421376973390579224e-02
2.058904059231281281e-02
-9.782397001981735229e-02
-1.404596865177154541e-01
-1.744559258222579956e-01
3.508774330839514732e-03
-1.905742660164833069e-02
-9.149707853794097900e-02
-3.466764837503433228e-02
-7.190579921007156372e-02
-2.873599901795387268e-02
-5.810289457440376282e-02
-5.384282022714614868e-02
-1.185346171259880066e-01
1.514850407838821411e-01
1.056529358029365540e-01
-2.332792282104492188e-01
1.025368347764015198e-01
4.478510934859514236e-03
3.427732037380337715e-03
2.803046721965074539e-03
-9.534700959920883179e-02
-7.063166052103042603e-02
6.496839970350265503e-02
-7.195320725440979004e-02
-1.358323264867067337e-02
-1.464544795453548431e-02
-6.824587285518646240e-02
6.578207015991210938e-03
-2.718852460384368896e-02
8.059120737016201019e-03
-4.157294332981109619e-02
8.903269469738006592e-02
-3.607813641428947449e-02
-1.377950459718704224e-01
-1.127592176198959351e-01
2.951843477785587311e-02
1.496632467024028301e-03
1.033338233828544617e-01
3.158602491021156311e-02
1.854697801172733307e-02
5.240064114332199097e-02
1.312034428119659424e-01
1.325367391109466553e-01
-8.267031982541084290e-03
-1.588916480541229248e-01
-9.834802895784378052e-02
1.995521411299705505e-02
1.744778454303741455e-01
1.003086715936660767e-01
1.003311350941658020e-01
1.647899486124515533e-02
1.244413107633590698e-02
1.053234096616506577e-02
3.164728730916976929e-02
1.442106515169143677e-01
7.429282367229461670e-02
4.997075721621513367e-02
-7.483714073896408081e-02
1.373841799795627594e-02
1.000396981835365295e-01
1.301242411136627197e-02
-1.571305543184280396e-01
1.187582835555076599e-01
-9.960845857858657837e-02
-1.295342668890953064e-02
6.249245628714561462e-02
4.370793327689170837e-02
-4.522380884736776352e-03
1.699693053960800171e-01
-4.408425092697143555e-02
2.259472943842411041e-02
1.288707926869392395e-02
8.478498458862304688e-02
-1.055577653460204601e-03
-8.443836122751235962e-02
4.684912040829658508e-02
-4.021117463707923889e-02
7.391884922981262207e-02
1.065564304590225220e-01
-2.090530097484588623e-02
5.202181264758110046e-02
-9.041861444711685181e-02
-1.100934818387031555e-01
1.499690022319555283e-02
-5.822110176086425781e-02
1.204111576080322266e-01
2.878543362021446228e-02
-1.308252569288015366e-03
-4.603562131524085999e-02
1.308266818523406982e-01
-8.636412024497985840e-02
-1.211174950003623962e-02
3.143421933054924011e-02
-1.364257745444774628e-02
2.452508546411991119e-02
4.973568767309188843e-02
-1.114405840635299683e-01
-2.958875708281993866e-02
-1.197414696216583252e-01
3.548562526702880859e-04
1.213491987437009811e-02
3.283056244254112244e-02
4.156171157956123352e-02
7.116159051656723022e-02
-4.599040001630783081e-02
-1.076431386172771454e-02
5.667677521705627441e-02
-5.878005549311637878e-02
5.123210698366165161e-02
-3.949639573693275452e-02
-2.280806377530097961e-02
-1.538020372390747070e-01
1.720651052892208099e-02
-5.954963341355323792e-02
1.132660508155822754e-01
-4.730591922998428345e-02
-3.284290060400962830e-02
-1.953856460750102997e-02
-1.135610565543174744e-01
1.226730761118233204e-03
-6.238505616784095764e-02
8.426064625382423401e-03
-3.878657519817352295e-02
-6.684591621160507202e-02
1.290144324302673340e-01
-1.176604907959699631e-02
-2.453682422637939453e-01
-5.093594789505004883e-01
-2.680194079875946045e-01
-1.285837292671203613e-01
-3.782614320516586304e-02
3.096176125109195709e-02
-9.796409308910369873e-02
2.501116096973419189e-01
9.120552241802215576e-02
-1.119069531559944153e-01
-4.260527435690164566e-03
1.264145504683256149e-02
-2.092166990041732788e-02
1.401795446872711182e-01
7.990079000592231750e-03
2.716964781284332275e-01
1.360732913017272949e-01
1.024552956223487854e-01
4.745386075228452682e-03
-3.628938272595405579e-02
4.534650221467018127e-02
1.197462901473045349e-02
3.303257822990417480e-01
5.723533034324645996e-02
7.891152985394001007e-03
-2.975798444822430611e-03
-1.937954127788543701e-02
1.269571781158447266e-01
-9.239590913057327271e-02
-1.183125078678131104e-01
-1.173111051321029663e-01
1.316431909799575806e-01
-5.615204200148582458e-02
-1.264630556106567383e-01
-1.290916204452514648e-01
8.451130986213684082e-02
8.874748833477497101e-03
2.130009792745113373e-02
-1.242100521922111511e-01
6.306482851505279541e-02
7.091397419571876526e-03
-1.512860972434282303e-02
-5.647504236549139023e-03
8.069033920764923096e-02
4.952000081539154053e-02
5.941839423030614853e-03
-8.171313256025314331e-02
-3.224532678723335266e-02
9.473683312535285950e-03
4.144021868705749512e-02
-9.912183508276939392e-03
-9.516596794128417969e-03
-2.748074382543563843e-02
-8.490237593650817871e-02
-1.368545810692012310e-03
1.210554093122482300e-01
1.073548793792724609e-01
1.124819666147232056e-01
-1.050710454583168030e-01
-3.419183939695358276e-02
1.136425957083702087e-01
-8.068634569644927979e-02
-2.951111271977424622e-02
-1.001772582530975342e-01
9.000118076801300049e-02
1.385439783334732056e-01
1.536869853734970093e-01
-7.104144990444183350e-02
-1.048967465758323669e-01
3.827911242842674255e-02
-3.381435200572013855e-02
1.034279316663742065e-01
2.088170498609542847e-01
7.913813740015029907e-02
3.316169977188110352e-02
-9.205503016710281372e-02
1.337656676769256592e-01
-1.077152639627456665e-01
-1.814566403627395630e-01
-1.241851821541786194e-01
-1.082124188542366028e-02
6.892451550811529160e-03
-2.378241624683141708e-03
-5.031188204884529114e-02
1.628913544118404388e-02
-9.689638763666152954e-02
-7.416521012783050537e-02
4.861367493867874146e-02
4.459293931722640991e-02
7.838099449872970581e-02
6.306463479995727539e-02
-5.185393989086151123e-02
1.058573741465806961e-02
2.910288609564304352e-02
-8.647028007544577122e-04
-1.237809378653764725e-02
-2.989848330616950989e-02
2.480939496308565140e-03
-2.031453996896743774e-01
-3.327405452728271484e-02
1.600909531116485596e-01
9.691816568374633789e-02
-5.432460829615592957e-02
-6.742143630981445312e-02
3.814797103404998779e-02
9.483268484473228455e-03
1.192100942134857178e-01
-9.010100364685058594e-02
-8.027488738298416138e-02
-2.354946918785572052e-02
1.484035793691873550e-02
5.159475654363632202e-02
-5.288280546665191650e-03
-5.763883888721466064e-02
4.862886387854814529e-03
-5.922201648354530334e-02
-3.877227008342742920e-02
-8.739731460809707642e-02
1.480454299598932266e-02
-5.711979046463966370e-02
6.948525458574295044e-02
-1.577161699533462524e-01
-1.246420219540596008e-01
-1.478570699691772461e-01
-8.080475777387619019e-02
-1.135000064969062805e-01
-5.370400100946426392e-02
8.734063059091567993e-02
4.048410058021545410e-02
1.786138629540801048e-03
-1.786926575005054474e-02
3.670360893011093140e-02
-3.994335606694221497e-02
-3.261162340641021729e-01
-1.523093879222869873e-01
-5.044700950384140015e-02
2.887211181223392487e-02
1.433578692376613617e-02
-8.821442723274230957e-03
-4.022383689880371094e-02
2.704582549631595612e-02
-5.231297016143798828e-02
5.472087487578392029e-02
6.615473330020904541e-02
-8.988267183303833008e-02
-9.523507952690124512e-02
-1.474985331296920776e-01
-8.092870563268661499e-02
-1.764264702796936035e-02
1.316320747137069702e-01
-6.942101567983627319e-02
-5.711297318339347839e-02
-1.154544875025749207e-01
-1.458601057529449463e-01
5.277296900749206543e-02
-1.139089167118072510e-01
8.457355201244354248e-02
1.985990852117538452e-01
-2.955329231917858124e-02
-2.144045829772949219e-01
-1.656255573034286499e-01
6.594979669898748398e-03
-7.781952619552612305e-02
4.766586795449256897e-02
2.532253563404083252e-01
-3.856775164604187012e-02
5.665877833962440491e-02
-9.193922160193324089e-04
6.412931531667709351e-02
5.795414745807647705e-02
3.779773833230137825e-03
4.564688354730606079e-02
-1.059764344245195389e-02
2.131140604615211487e-02
9.895794093608856201e-02
4.090180620551109314e-02
-3.957140445709228516e-02
-1.883677244186401367e-01
-1.953583210706710815e-01
3.825162723660469055e-02
9.535999037325382233e-03
-1.945811323821544647e-02
5.270877853035926819e-02
6.812680978327989578e-03
-2.515852823853492737e-02
-5.182934179902076721e-02
-1.287136320024728775e-02
-5.904391035437583923e-02
-9.155506640672683716e-02
6.278237700462341309e-02
-4.308686405420303345e-02
-7.953555136919021606e-02
-7.469361275434494019e-02
-2.028027325868606567e-01
-1.507418751716613770e-01
1.990565955638885498e-01
2.575220726430416107e-02
-2.266671210527420044e-01
7.737069576978683472e-02
5.631425231695175171e-02
3.904354199767112732e-02
-1.597280986607074738e-02
2.246078662574291229e-02
9.249673038721084595e-02
2.541488222777843475e-02
-8.706039516255259514e-04
6.032479181885719299e-02
5.203180480748414993e-04
1.771097071468830109e-02
6.579599808901548386e-03
4.560222104191780090e-02
1.800587773323059082e-02
1.577683389186859131e-01
1.616559624671936035e-01
4.134465008974075317e-02
-2.839508838951587677e-02
5.648746737278997898e-04
6.100102886557579041e-02
3.269372507929801941e-02
-1.845664158463478088e-02
-3.563797473907470703e-02
1.839216426014900208e-02
-3.464689478278160095e-02
2.417311631143093109e-02
-8.957090973854064941e-02
-3.724348545074462891e-02
-1.822531037032604218e-02
-8.645377121865749359e-03
-1.904361136257648468e-02
1.216704491525888443e-02
7.405719906091690063e-02
2.412300184369087219e-02
2.138773351907730103e-02
1.835594512522220612e-02
-4.376446828246116638e-02
2.556870924308896065e-03
1.560778263956308365e-02
4.900824651122093201e-02
6.094862520694732666e-02
8.228065073490142822e-02
-6.702846288681030273e-02
-7.077062129974365234e-02
-2.327710017561912537e-02
2.284021675586700439e-02
9.350856766104698181e-03
3.502959012985229492e-02
-3.578934818506240845e-02
-1.202704533934593201e-01
-1.202841028571128845e-01
5.998370703309774399e-03
-2.388106659054756165e-02
-1.242329701781272888e-01
-1.113631427288055420e-01
2.609936296939849854e-01
3.098376393318176270e-01
1.036922708153724670e-01
-2.033332176506519318e-02
-1.288108974695205688e-01
-9.948922693729400635e-02
1.259318590164184570e-01
6.725618243217468262e-02
2.488606721162796021e-01
1.998020559549331665e-01
6.772026419639587402e-02
-1.950906515121459961e-01
-5.956417322158813477e-02
1.862092316150665283e-02
1.678268238902091980e-02
2.750312164425849915e-02
4.810712859034538269e-02
-1.281398236751556396e-01
6.457941234111785889e-02
1.604094915091991425e-02
-5.990957841277122498e-03
-1.530817449092864990e-01
-6.049256771802902222e-03
-1.549677997827529907e-01
-2.913165837526321411e-02
-5.387938022613525391e-02
-3.281841799616813660e-02
-3.600813820958137512e-02
-1.771195046603679657e-02
-4.372825473546981812e-02
-3.341321274638175964e-02
1.667772768996655941e-03
-2.860090881586074829e-02
-1.989887654781341553e-02
-4.790741950273513794e-02
6.488911062479019165e-02
-2.724585123360157013e-02
-8.659048378467559814e-02
2.498363144695758820e-03
-1.254312545061111450e-01
-7.069868594408035278e-02
1.951268501579761505e-02
-1.076874807476997375e-01
-9.433956444263458252e-02
-1.227355450391769409e-01
2.694019116461277008e-03
1.714163273572921753e-02
1.251819729804992676e-01
1.574910134077072144e-01
5.947771295905113220e-02
1.715213358402252197e-01
2.188810706138610840e-01
-2.014547586441040039e-02
1.525393966585397720e-02
9.773473441600799561e-02
6.053583696484565735e-02
7.879913598299026489e-02
-1.436205953359603882e-02
-1.651537567377090454e-01
1.103993877768516541e-02
-6.607002019882202148e-02
-9.509360790252685547e-02
-8.108688145875930786e-02
-5.614952743053436279e-02
2.009175904095172882e-02
-1.099429130554199219e-01
-5.482457950711250305e-02
-1.751533597707748413e-01
3.974895924329757690e-02
-2.631531842052936554e-02
-1.198092028498649597e-01
-3.218112513422966003e-02
-7.537467777729034424e-02
2.274934574961662292e-02
-1.877778396010398865e-02
1.116012334823608398e-01
-1.429782956838607788e-01
-1.026585921645164490e-01
-1.531860530376434326e-01
4.150693863630294800e-02
-3.182902187108993530e-02
2.246100269258022308e-02
-4.351749643683433533e-02
-2.042351216077804565e-01
1.422722544521093369e-02
4.949370771646499634e-02
-6.746236979961395264e-02
9.139887057244777679e-03
-1.963534206151962280e-01
2.111633419990539551e-01
5.597750842571258545e-02
3.959538787603378296e-02
-7.888404652476310730e-03
-3.244914487004280090e-02
-8.763276040554046631e-02
-1.480139493942260742e-01
6.728167831897735596e-02
2.796639502048492432e-02
5.338130518794059753e-02
1.766231656074523926e-02
5.794731900095939636e-03
-9.369602054357528687e-02
-1.272430717945098877e-01
-1.137197297066450119e-02
-7.937479764223098755e-02
-1.905653811991214752e-02
3.109299577772617340e-02
7.154867798089981079e-02
-7.995431870222091675e-02
-9.022160433232784271e-03
-2.871050685644149780e-02
-1.362207382917404175e-01
3.483689855784177780e-03
-4.722085595130920410e-02
-1.266434881836175919e-02
3.153254836797714233e-02
-8.714796602725982666e-02
-7.525862008333206177e-02
-7.424119859933853149e-02
-7.491130381822586060e-03
7.235202938318252563e-02
-5.938301980495452881e-02
-1.794397979974746704e-01
-1.451263427734375000e-01
1.293779537081718445e-02
-5.340084061026573181e-02
6.266777962446212769e-02
1.203312426805496216e-01
-1.685651391744613647e-01
1.333522796630859375e-01
1.651412099599838257e-01
2.241077572107315063e-01
8.077589422464370728e-02
1.006567776203155518e-01
-1.596036739647388458e-02
3.205939009785652161e-02
6.630810350179672241e-02
9.627422690391540527e-02
1.714905053377151489e-01
8.649241179227828979e-02
-1.643887758255004883e-01
8.830350637435913086e-02
8.150732517242431641e-02
-3.335469216108322144e-02
7.403264194726943970e-02
-1.107493229210376740e-02
-9.262455999851226807e-02
-2.408931553363800049e-01
-3.125668317079544067e-02
4.680455103516578674e-02
6.627922505140304565e-02
6.750363111495971680e-02
3.760362043976783752e-02
-1.276024281978607178e-01
-9.694714099168777466e-02
1.122898533940315247e-01
-6.276949495077133179e-02
5.144746601581573486e-02
-1.361208781599998474e-02
-2.627904340624809265e-02
-6.477877497673034668e-02
6.237392663024365902e-04
1.150909140706062317e-01
6.065848469734191895e-02
-1.403774172067642212e-01
-5.949103832244873047e-02
-6.854420155286788940e-02
-4.255625978112220764e-02
1.502864621579647064e-02
-7.417896389961242676e-02
-3.626175690442323685e-03
-6.313426047563552856e-02
-1.555604636669158936e-01
-3.850093111395835876e-02
3.017232567071914673e-02
-3.350846096873283386e-02
3.453600779175758362e-02
-9.335944056510925293e-02
-1.289091631770133972e-02
-1.632966250181198120e-01
1.174184009432792664e-01
1.156974956393241882e-01
-7.468607276678085327e-02
2.305136248469352722e-02
6.500793993473052979e-02
4.591610655188560486e-02
1.148397922515869141e-01
6.701043993234634399e-02
8.195336908102035522e-02
-1.380668729543685913e-01
-1.968638300895690918e-01
-4.148665070533752441e-02
7.713178638368844986e-03
1.009393632411956787e-01
1.263306885957717896e-01
1.139420792460441589e-01
-8.044101297855377197e-02
-1.624537706375122070e-01
9.803163260221481323e-02
3.250146051868796349e-03
3.338956832885742188e-02
-1.931035518646240234e-02
1.196483243256807327e-02
-1.856353133916854858e-01
-5.203416943550109863e-02
3.108157962560653687e-02
3.666964545845985413e-02
7.771555334329605103e-02
-5.770606547594070435e-02
-6.420911103487014771e-02
-1.200170964002609253e-01
1.267015188932418823e-01
-2.090528234839439392e-02
6.381837278604507446e-02
4.119666665792465210e-02
1.408086121082305908e-01
-1.211001724004745483e-01
-2.073913812637329102e-03
-2.077496945858001709e-01
4.746812954545021057e-02
-2.060788273811340332e-01
-1.325476169586181641e-01
1.227623820304870605e-01
-2.124192863702774048e-01
-1.385759413242340088e-01
-5.274611338973045349e-02
9.605282917618751526e-03
1.827950775623321533e-02
9.624453634023666382e-02
2.806716226041316986e-02
-3.083408623933792114e-02
-1.476661115884780884e-01
1.775580109097063541e-03
-4.384076967835426331e-02
-6.534028053283691406e-02
-5.426781997084617615e-02
-6.319737434387207031e-02
-3.537905514240264893e-01
-2.690353095531463623e-01
6.294212490320205688e-02
-6.304633617401123047e-02
1.696211285889148712e-02
7.142031192779541016e-02
-6.012049317359924316e-02
-5.350506678223609924e-02
1.458575427532196045e-01
1.656096726655960083e-01
1.016304790973663330e-01
-1.127678975462913513e-01
-1.446433961391448975e-01
8.833353407680988312e-03
1.063764169812202454e-01
5.303795635700225830e-02
4.678044840693473816e-02
-1.961327344179153442e-01
5.811447743326425552e-03
-1.852804422378540039e-01
-5.990300700068473816e-02
-1.051924377679824829e-01
-1.859893202781677246e-01
-1.098688468337059021e-01
-5.495356768369674683e-02
1.745991408824920654e-02
-6.574324518442153931e-02
-1.515312790870666504e-01
6.272543966770172119e-02
1.116115003824234009e-01
-4.802723415195941925e-03
6.469491124153137207e-02
6.675770133733749390e-02
2.642722427845001221e-02
3.111640689894556999e-03
1.931997574865818024e-02
5.527349654585123062e-03
3.306406736373901367e-02
2.882026880979537964e-02
7.499472796916961670e-02
-1.847380958497524261e-02
1.749384403228759766e-01
1.473667621612548828e-01
1.370065510272979736e-01
2.589945197105407715e-01
2.378894090652465820e-01
1.789540797472000122e-01
6.766951829195022583e-02
1.451712250709533691e-01
-3.704254049807786942e-03
6.439597159624099731e-02
-9.705335646867752075e-02
1.478428672999143600e-02
1.415340346284210682e-03
1.207704748958349228e-02
7.664669305086135864e-02
-4.715415835380554199e-02
-1.240363866090774536e-01
-1.376998126506805420e-01
-1.647179014980792999e-02
-1.305367499589920044e-01
8.632025867700576782e-02
4.718244448304176331e-02
5.986144766211509705e-02
-2.634251117706298828e-01
-3.456606343388557434e-02
4.005537182092666626e-02
3.140973672270774841e-02
1.331958472728729248e-01
1.121822297573089600e-01
-3.374457731842994690e-02
-9.848030284047126770e-03
-5.646479502320289612e-02
3.465938195586204529e-02
3.282199427485466003e-02
-2.335444651544094086e-02
-5.693920701742172241e-02
-4.297032486647367477e-03
4.764118045568466187e-02
7.200147211551666260e-02
2.105100080370903015e-03
-2.603547871112823486e-01
-1.531147956848144531e-01
9.420816600322723389e-02
-2.605181373655796051e-02
7.500052452087402344e-02
2.633185312151908875e-02
-7.197922468185424805e-02
1.422705501317977905e-02
1.811565607786178589e-01
1.225026324391365051e-02
7.288964092731475830e-02
1.613772511482238770e-01
-4.730151966214179993e-02
-1.605392806231975555e-02
1.245680823922157288e-02
1.235370337963104248e-01
2.003439143300056458e-02
-7.690962404012680054e-02
6.721403449773788452e-02
-1.027157455682754517e-01
1.939379125833511353e-01
3.480073809623718262e-02
-4.716258496046066284e-02
-2.058305442333221436e-01
-2.261176109313964844e-01
-1.088367924094200134e-01
2.235824055969715118e-02
-1.135018989443778992e-01
4.355616122484207153e-02
2.184546180069446564e-02
-2.565255155786871910e-03
-2.148061245679855347e-01
-1.045036241412162781e-01
-1.696787476539611816e-01
-2.222274243831634521e-01
-4.452997818589210510e-02
1.799318753182888031e-02
1.493265479803085327e-01
-1.060961112380027771e-01
-1.017454117536544800e-01
-7.442878186702728271e-02
7.494165003299713135e-02
-2.424953877925872803e-02
-2.137517184019088745e-02
9.037709794938564301e-03
-1.882031857967376709e-01
-9.377438575029373169e-03
-3.175543621182441711e-02
1.361514069139957428e-02
-6.076250225305557251e-03
-1.311430241912603378e-02
5.356030166149139404e-02
1.165005937218666077e-02
-7.567799184471368790e-03
-1.763596385717391968e-01
2.140224166214466095e-02
4.313038289546966553e-02
1.084874868392944336e-01
-4.402199760079383850e-02
-1.182131990790367126e-01
-2.561194635927677155e-02
-3.858434036374092102e-02
-1.470288820564746857e-02
-1.699794828891754150e-01
-8.124002069234848022e-02
-1.083328649401664734e-01
-2.866676747798919678e-01
-4.739647731184959412e-03
3.305435925722122192e-02
-1.906124688684940338e-02
-2.083625644445419312e-01
1.487982086837291718e-02
-1.608749479055404663e-02
-4.295951128005981445e-02
3.284088894724845886e-02
1.231357380747795105e-01
1.964345723390579224e-01
-2.138742208480834961e-01
-3.502289354801177979e-01
-1.070879474282264709e-01
-1.860190778970718384e-01
-3.493094816803932190e-02
1.019929423928260803e-01
-1.439778134226799011e-02
-6.158478185534477234e-02
-2.271018624305725098e-01
-5.698815584182739258e-01
-2.118492126464843750e-01
-1.032059714198112488e-01
-1.768642663955688477e-01
-1.575470119714736938e-01
9.081771969795227051e-02
-2.266977168619632721e-02
-3.547148779034614563e-02
-6.157631054520606995e-02
1.808763593435287476e-01
6.297588348388671875e-02
1.072118282318115234e-01
-2.194799929857254028e-01
1.759928185492753983e-03
5.540192872285842896e-02
2.478611841797828674e-02
1.503528747707605362e-02
2.049354277551174164e-02
-6.006811559200286865e-02
-7.800401188433170319e-03
2.059342861175537109e-01
2.057354599237442017e-01
6.979416310787200928e-02
3.131734579801559448e-02
8.352621458470821381e-03
-5.569539219141006470e-02
4.411439970135688782e-02
8.452963829040527344e-02
8.805961161851882935e-02
-6.724461913108825684e-02
-7.780226413160562515e-03
-1.661725789308547974e-01
-1.469952017068862915e-01
8.388799428939819336e-02
5.158978700637817383e-02
5.155272409319877625e-02
-3.103768453001976013e-02
-5.922557041049003601e-02
-3.481367230415344238e-02
3.340296447277069092e-02
-5.096275708638131618e-04
8.700791001319885254e-02
1.333486437797546387e-01
9.984342008829116821e-02
-1.205950975418090820e-01
-1.781613528728485107e-01
1.021441891789436340e-01
4.745915159583091736e-02
7.102698087692260742e-02
8.877297490835189819e-02
-9.475916624069213867e-02
1.677646860480308533e-02
-1.165538653731346130e-01
-1.695884168148040771e-01
-1.211818400770425797e-02
-1.698375791311264038e-01
-9.658262133598327637e-02
-2.133163511753082275e-01
5.527186766266822815e-02
-1.728230714797973633e-01
1.886934041976928711e-02
-2.632351778447628021e-02
-4.289538133889436722e-03
-1.627740859985351562e-01
1.292390283197164536e-02
-2.408155240118503571e-02
2.976064197719097137e-02
3.072625957429409027e-02
1.546354405581951141e-02
-8.491952717304229736e-02
-1.151170134544372559e-01
-7.055016607046127319e-02
-1.593873798847198486e-01
-4.679636657238006592e-02
-6.396410055458545685e-03
-4.745358601212501526e-02
7.368946820497512817e-02
-1.058027148246765137e-01
-1.733599454164505005e-01
-7.440195232629776001e-02
-1.764357239007949829e-01
4.296362772583961487e-02
-2.024554461240768433e-02
8.593524247407913208e-02
-3.367784023284912109e-01
-8.795905113220214844e-02
6.590792536735534668e-02
1.089418604969978333e-01
7.234739512205123901e-02
-3.279757127165794373e-02
-1.808795183897018433e-01
-3.803874552249908447e-01
-2.651536464691162109e-01
9.080781787633895874e-02
1.360004693269729614e-01
-2.018508128821849823e-02
-9.941972047090530396e-02
-9.428469836711883545e-02
-2.378375828266143799e-01
-6.296440958976745605e-02
7.101308554410934448e-02
-3.706996515393257141e-02
-3.405504673719406128e-02
1.430873274803161621e-01
8.669839240610599518e-03
-1.172939781099557877e-02
4.219903796911239624e-02
1.046229898929595947e-01
-7.018368691205978394e-02
-7.700784504413604736e-02
-1.808359846472740173e-02
-3.237015008926391602e-01
-1.037218943238258362e-01
2.138818986713886261e-02
3.126211091876029968e-02
9.535375982522964478e-03
-1.477146893739700317e-01
-1.342221442610025406e-02
1.007597073912620544e-01
1.876886039972305298e-01
7.930645346641540527e-02
-3.428006544709205627e-02
8.590871840715408325e-02
-2.211214788258075714e-02
-6.249020993709564209e-02
1.373524665832519531e-01
2.189243584871292114e-01
-1.336259883828461170e-03
-1.867686659097671509e-01
-4.693406820297241211e-02
-9.752245247364044189e-02
-2.283127605915069580e-02
2.079868614673614502e-01
8.120397478342056274e-02
-7.010725885629653931e-02
-3.034634888172149658e-01
-2.474750019609928131e-02
9.168642014265060425e-02
-5.827054753899574280e-02
1.765127182006835938e-01
1.752047613263130188e-02
-1.306233853101730347e-01
-1.403121054172515869e-01
-2.708127908408641815e-02
7.270786166191101074e-02
-2.714413590729236603e-02
-1.319944560527801514e-01
1.200970187783241272e-01
1.600427553057670593e-02
-4.816747829318046570e-02
-3.025506064295768738e-02
2.369192894548177719e-03
-2.785071730613708496e-02
-4.939182847738265991e-02
-1.763121038675308228e-02
1.083942130208015442e-01
-1.033331751823425293e-01
-1.059365049004554749e-01
-1.657570339739322662e-02
1.991574093699455261e-02
-3.746261075139045715e-02
4.080079495906829834e-02
3.018300794064998627e-02
3.871389478445053101e-02
1.835919800214469433e-03
-2.527966722846031189e-02
1.568065956234931946e-02
7.297285646200180054e-02
1.875700950622558594e-01
2.414450747892260551e-03
5.415099114179611206e-02
2.622094750404357910e-01
-2.500988356769084930e-02
6.952752172946929932e-02
1.182594671845436096e-01
1.684156209230422974e-01
-6.340366601943969727e-02
1.310349348932504654e-02
-6.812521815299987793e-02
-1.357079744338989258e-01
6.323309987783432007e-02
7.406758517026901245e-02
6.446608155965805054e-02
-7.420621812343597412e-02
-2.355466037988662720e-01
-2.514932751655578613e-01
-1.390285044908523560e-01
-9.691651910543441772e-02
1.398346722126007080e-01
7.677433639764785767e-02
4.847312718629837036e-02
9.076497703790664673e-02
1.698140427470207214e-02
-4.970138147473335266e-02
1.011088564991950989e-01
5.016655661165714264e-03
4.474309831857681274e-02
5.447175353765487671e-02
-8.046203106641769409e-02
-7.227851450443267822e-02
-2.937845289707183838e-01
-9.079282730817794800e-02
5.007884651422500610e-02
-2.953235432505607605e-02
-1.027420461177825928e-01
-1.015781052410602570e-02
-2.172574996948242188e-01
-6.936169415712356567e-02
1.314914086833596230e-03
-4.561423137784004211e-02
-3.078110143542289734e-02
2.121025882661342621e-02
-7.821169495582580566e-02
8.957751840353012085e-02
-2.899303659796714783e-02
1.011791005730628967e-01
1.736422479152679443e-01
2.007118761539459229e-01
3.547354415059089661e-02
4.268992692232131958e-02
1.508485525846481323e-01
-1.002324149012565613e-01
8.574465662240982056e-02
-2.980808541178703308e-02
9.198005497455596924e-02
-8.238236606121063232e-02
1.040739491581916809e-01
-2.094361186027526855e-01
-1.246532350778579712e-01
-8.942472934722900391e-02
1.633265987038612366e-02
5.589838698506355286e-02
3.235135972499847412e-02
3.391700610518455505e-02
1.869461685419082642e-02
1.290349513292312622e-01
4.581646993756294250e-02
9.115557372570037842e-02
1.073673367500305176e-01
1.703398525714874268e-01
6.253221631050109863e-02
-2.865984570235013962e-03
-5.609326809644699097e-02
7.655921578407287598e-02
-3.506695479154586792e-02
4.736077785491943359e-02
-3.919926937669515610e-03
-2.765679173171520233e-02
-5.912563577294349670e-02
-1.825595498085021973e-01
-2.011235505342483521e-01
-1.104380562901496887e-01
-1.338301748037338257e-01
-1.458463817834854126e-01
1.273267995566129684e-02
1.414182130247354507e-02
-2.370820008218288422e-02
-3.598172217607498169e-02
-9.027917683124542236e-02
-6.173254176974296570e-02
1.335320174694061279e-01
5.040854588150978088e-02
-3.021128661930561066e-02
-1.826195046305656433e-02
3.738159686326980591e-02
2.712007462978363037e-01
-1.180047020316123962e-01
-1.864211261272430420e-01
-2.741216216236352921e-03
1.299020498991012573e-01
1.088573113083839417e-01
-2.671510446816682816e-03
2.062141597270965576e-01
-2.376473098993301392e-01
-2.820217981934547424e-02
-4.812671337276697159e-03
7.399083673954010010e-02
1.742164492607116699e-01
2.702853828668594360e-02
-3.501056507229804993e-02
-3.533065617084503174e-01
-1.365840882062911987e-01
-1.509226560592651367e-01
-1.508187353610992432e-01
-8.372889459133148193e-02
-6.498082727193832397e-02
4.760361462831497192e-02
2.429440245032310486e-02
-6.105303019285202026e-02
-8.811417967081069946e-02
-2.089246921241283417e-02
-1.484252512454986572e-02
7.865865528583526611e-02
8.624956011772155762e-02
9.571836143732070923e-02
4.228615015745162964e-02
-6.811354309320449829e-02
2.593660727143287659e-02
6.693751364946365356e-02
-3.953897207975387573e-02
5.317982658743858337e-02
2.804757468402385712e-02
4.014099761843681335e-02
4.269770532846450806e-02
2.290718629956245422e-02
-1.004171650856733322e-02
-2.616855315864086151e-02
-2.629527635872364044e-02
-8.161613717675209045e-03
1.370616722851991653e-02
6.198890879750251770e-02
6.353116035461425781e-02
-2.990799583494663239e-02
-1.705327033996582031e-01
-2.613240294158458710e-02
1.987690180540084839e-01
1.551308333873748779e-01
-1.292748898267745972e-01
4.560574516654014587e-02
8.858954906463623047e-02
-1.329257786273956299e-01
1.906043142080307007e-01
1.424064338207244873e-01
2.752961777150630951e-02
-2.800000272691249847e-02
-5.510022491216659546e-02
5.083023384213447571e-02
-6.989052891731262207e-02
2.113816738128662109e-01
1.555387228727340698e-01
1.232106015086174011e-01
-2.188816368579864502e-01
-6.137320026755332947e-02
8.003751933574676514e-02
-8.539064228534698486e-02
1.271668672561645508e-01
-9.743433911353349686e-04
-6.155948713421821594e-02
-1.815532445907592773e-01
-1.334831565618515015e-01
-8.361738920211791992e-02
-1.411328911781311035e-01
2.187885940074920654e-01
3.599846735596656799e-02
-1.483228504657745361e-01
-4.585972055792808533e-02
4.947444424033164978e-02
1.161651909351348877e-01
-2.811005804687738419e-03
-5.699266120791435242e-02
1.149954721331596375e-01
-2.151148393750190735e-02
1.651756614446640015e-01
-5.798654165118932724e-03
-1.195528060197830200e-01
8.282242342829704285e-03
-1.476017385721206665e-01
5.970386043190956116e-02
1.670382544398307800e-02
-7.670124620199203491e-02
1.935058832168579102e-02
-2.022917717695236206e-01
1.411942671984434128e-02
-1.632157526910305023e-02
1.090332642197608948e-01
1.454343646764755249e-01
1.558245420455932617e-01
1.368855237960815430e-01
7.042770832777023315e-02
3.364587202668190002e-02
7.149646431207656860e-02
8.353740721940994263e-02
2.957802452147006989e-02
1.830386072397232056e-01
1.108518168330192566e-01
-9.323932230472564697e-02
4.041307047009468079e-02
-2.190033644437789917e-01
8.156001567840576172e-02
-7.394436746835708618e-02
5.029714200645685196e-03
1.421172544360160828e-02
-3.297024071216583252e-01
-1.004791120067238808e-04
-9.499499946832656860e-02
1.367842126637697220e-02
-2.456067651510238647e-01
-2.067393660545349121e-01
-1.445150524377822876e-01
-4.425204917788505554e-02
3.208605945110321045e-02
-4.139654804021120071e-03
-1.948451623320579529e-03
-3.074912726879119873e-02
8.032068610191345215e-03
-3.556777164340019226e-02
3.350926563143730164e-02
-4.611898586153984070e-02
-6.959145516157150269e-02
2.458561770617961884e-02
7.061979267746210098e-03
-6.775630265474319458e-02
1.260848045349121094e-01
-2.016374915838241577e-01
-6.072271149605512619e-03
-5.828323960304260254e-02
9.473837167024612427e-02
4.669540375471115112e-02
5.868305265903472900e-02
7.651123404502868652e-02
-1.620002388954162598e-01
-3.073474392294883728e-03
1.142027787864208221e-02
1.796184629201889038e-01
8.711862564086914062e-02
9.861998260021209717e-02
1.686133816838264465e-02
1.060780659317970276e-01
-2.463583077769726515e-04
-4.258925840258598328e-02
1.722341775894165039e-01
6.826148927211761475e-02
1.944987475872039795e-01
1.407329738140106201e-01
-1.861610710620880127e-01
-1.245648786425590515e-01
4.445108771324157715e-02
7.949177920818328857e-02
-1.402887105941772461e-01
1.342044770717620850e-02
-1.844382286071777344e-01
-1.599990725517272949e-01
-3.383056074380874634e-02
1.047013029456138611e-01
5.720353685319423676e-03
-1.467333436012268066e-01
-1.238598823547363281e-01
-1.652750074863433838e-01
1.389037072658538818e-01
-9.141479432582855225e-02
-2.505553327500820160e-02
5.205004662275314331e-02
9.137589484453201294e-02
-2.381715551018714905e-02
-3.208496421575546265e-02
-4.648883268237113953e-02
-4.552529007196426392e-02
8.373010903596878052e-02
1.826151274144649506e-02
1.549383699893951416e-01
-1.099448651075363159e-01
3.974092751741409302e-02
-1.464579813182353973e-02
1.307940483093261719e-02
-1.689622402191162109e-01
-2.612519823014736176e-02
6.300562620162963867e-02
2.725295489653944969e-03
-1.768169365823268890e-02
-1.678318381309509277e-01
-1.365793030709028244e-02
6.558211892843246460e-02
2.063429057598114014e-01
1.111544892191886902e-01
1.140652000904083252e-01
1.232806444168090820e-01
-3.180023282766342163e-02
4.254621267318725586e-02
9.767454117536544800e-02
4.681405052542686462e-02
-2.926452318206429482e-03
-5.968960002064704895e-02
-5.776879191398620605e-02
1.214446797966957092e-01
6.277554202824831009e-03
6.015536189079284668e-02
-2.404706925153732300e-02
-8.860480040311813354e-02
-2.307815849781036377e-01
-9.465155005455017090e-02
-6.223909929394721985e-02
-3.676733002066612244e-02
3.520115092396736145e-02
1.025912985205650330e-01
-1.682239323854446411e-01
1.700898748822510242e-03
-1.005506217479705811e-01
-6.502185016870498657e-02
-2.040020562708377838e-02
4.009966179728507996e-02
1.032957714051008224e-02
-4.928086325526237488e-02
7.648925296962261200e-03
-2.732060477137565613e-02
9.042763710021972656e-02
-3.137899562716484070e-02
-1.404496468603610992e-02
1.005149558186531067e-01
6.104657426476478577e-02
6.426460295915603638e-02
-1.065843552350997925e-01
3.878331184387207031e-02
1.011316105723381042e-02
-1.758975535631179810e-02
-1.804497838020324707e-01
3.420117124915122986e-02
2.474741786718368530e-01
-1.306646615266799927e-01
1.343926973640918732e-02
-5.232576280832290649e-02
1.464038789272308350e-01
-1.487658172845840454e-02
-6.748949736356735229e-02
-8.815779350697994232e-03
2.838260307908058167e-02
-1.444766204804182053e-02
1.178198400884866714e-02
-6.651488691568374634e-02
-2.394271641969680786e-01
-1.602803617715835571e-01
-3.195329383015632629e-02
-9.510190039873123169e-02
-1.029283851385116577e-01
-1.870579831302165985e-02
-3.366240859031677246e-02
-1.900317221879959106e-01
-1.971109062433242798e-01
3.489011153578758240e-02
3.416202217340469360e-02
6.170191988348960876e-02
-9.776451624929904938e-04
-1.954089850187301636e-02
-8.910401165485382080e-02
3.693118691444396973e-02
3.948135301470756531e-02
1.092025712132453918e-01
1.408423632383346558e-01
-1.279436200857162476e-01
3.156440705060958862e-02
-5.658950656652450562e-02
-1.800887137651443481e-01
-2.150673232972621918e-02
6.987403333187103271e-02
4.389011487364768982e-02
-2.923785708844661713e-02
-4.428659379482269287e-02
-7.275306154042482376e-03
1.226158346980810165e-02
-1.189726032316684723e-02
5.560558289289474487e-02
-2.268189564347267151e-02
5.496405810117721558e-02
2.003850415349006653e-03
8.357907831668853760e-02
1.109846606850624084e-01
-5.162325222045183182e-03
-4.512054100632667542e-02
-8.440017700195312500e-02
-1.133976387791335583e-03
1.140502244234085083e-01
1.112168431282043457e-01
4.031368717551231384e-02
1.907667368650436401e-01
3.077600337564945221e-02
3.877928107976913452e-02
-4.808436334133148193e-02
8.640144020318984985e-03
-8.096302300691604614e-02
-6.909532845020294189e-02
4.194807633757591248e-02
-6.849878281354904175e-02
5.984608456492424011e-02
-1.784954816102981567e-01
1.354488357901573181e-02
-5.381968989968299866e-02
2.883124351501464844e-01
3.845128789544105530e-02
5.622564349323511124e-03
2.641688100993633270e-02
1.286561042070388794e-01
3.303116187453269958e-02
1.803860217332839966e-01
1.665754318237304688e-01
-7.394829299300909042e-04
-1.558139473199844360e-01
5.341203138232231140e-02
-7.550057768821716309e-02
-8.374468237161636353e-02
1.358323246240615845e-01
3.580407798290252686e-02
-1.974113881587982178e-01
-2.526616454124450684e-01
-1.427356451749801636e-01
-3.193342685699462891e-01
-4.600913226604461670e-01
-5.873885471373796463e-03
1.219909042119979858e-01
-2.060422748327255249e-01
2.757296897470951080e-02
-1.978152059018611908e-02
1.353559494018554688e-01
-2.827164232730865479e-01
-5.595685914158821106e-03
-1.796406321227550507e-02
8.628480881452560425e-02
3.141697496175765991e-02
2.813080884516239166e-02
1.554126143455505371e-01
1.216583773493766785e-01
8.048939704895019531e-02
-4.407794401049613953e-02
5.034309998154640198e-02
1.452384889125823975e-01
6.124406680464744568e-02
-1.232251226902008057e-01
-4.260478541254997253e-02
-1.892498880624771118e-01
-1.071547716856002808e-01
-7.268755137920379639e-02
2.046464942395687103e-02
-5.914816632866859436e-02
-3.147571161389350891e-02
3.648769855499267578e-02
-3.138815239071846008e-02
-1.163020655512809753e-01
-7.736822217702865601e-02
-3.413452953100204468e-02
-2.545016072690486908e-02
-4.863434284925460815e-02
-2.464485317468643188e-01
2.028530649840831757e-02
6.715358467772603035e-04
7.578134536743164062e-02
8.092921227216720581e-02
7.666498422622680664e-02
5.798003822565078735e-02
-2.492305338382720947e-01
-5.551934242248535156e-02
-6.924680783413350582e-04
2.641085349023342133e-02
1.477701812982559204e-01
1.283476408571004868e-02
-2.125817351043224335e-02
-1.108546555042266846e-01
-8.608799427747726440e-02
-6.942238658666610718e-02
-5.405837669968605042e-02
-6.071304157376289368e-02
-4.289216920733451843e-02
-1.021129637956619263e-01
1.511458754539489746e-01
-1.051368787884712219e-01
-3.399471938610076904e-01
1.502828150987625122e-01
-1.412377040833234787e-02
-5.090972408652305603e-02
2.538848901167511940e-03
9.088302403688430786e-02
7.844134420156478882e-02
-4.548841342329978943e-02
-4.506304860115051270e-03
4.897400364279747009e-02
-2.182027138769626617e-02
-9.195291250944137573e-02
-7.104075700044631958e-02
-1.632708162069320679e-01
-5.695864558219909668e-02
-9.882403910160064697e-02
-8.756241947412490845e-02
-4.267089813947677612e-02
-1.014574021100997925e-01
-6.288279592990875244e-02
-1.228739991784095764e-01
-3.800512058660387993e-04
4.600214213132858276e-02
2.526300959289073944e-02
-3.847394883632659912e-02
6.251388788223266602e-02
-1.633903197944164276e-02
-4.529941827058792114e-02
1.464927345514297485e-01
9.723498672246932983e-02
-7.489718496799468994e-02
3.969445824623107910e-03
1.858007535338401794e-02
-2.370309829711914062e-01
-2.693122625350952148e-02
7.812435179948806763e-02
6.463260203599929810e-02
1.567479968070983887e-02
8.476723730564117432e-02
-8.485599607229232788e-02
-4.041725099086761475e-01
-1.848660707473754883e-01
5.455998331308364868e-02
-3.017661161720752716e-02
9.210540354251861572e-02
-8.310407400131225586e-02
1.458166241645812988e-01
-4.093119874596595764e-02
8.036001026630401611e-02
3.725985586643218994e-01
-2.812194824218750000e-01
-1.984015107154846191e-02
1.251234766095876694e-02
2.032286301255226135e-02
8.232746273279190063e-02
1.842875182628631592e-01
1.739275902509689331e-01
1.104452181607484818e-02
3.617820143699645996e-02
6.146864965558052063e-02
-2.196690812706947327e-02
7.288871705532073975e-02
6.954988092184066772e-02
6.138327345252037048e-02
-3.054741211235523224e-02
1.762849045917391777e-03
5.414865538477897644e-02
-2.333079464733600616e-02
8.330328762531280518e-02
-5.339002609252929688e-02
-6.434171646833419800e-02
-1.783687919378280640e-01
-1.517198979854583740e-01
-1.369588375091552734e-01
6.153126433491706848e-02
5.769972875714302063e-02
1.210332848131656647e-02
4.960148036479949951e-02
-1.533144116401672363e-01
1.119367852807044983e-01
1.154123544692993164e-01
7.302367687225341797e-02
6.737253814935684204e-02
-7.286902051419019699e-03
1.354714334011077881e-01
8.784433826804161072e-03
8.458757400512695312e-02
1.881538629531860352e-01
2.986924909055233002e-02
-1.038421466946601868e-01
-1.906756460666656494e-01
-5.219003185629844666e-02
-4.593182727694511414e-02
-2.094062976539134979e-02
-1.619587391614913940e-01
2.252463810145854950e-02
-8.976183831691741943e-02
-4.009652510285377502e-02
3.714961931109428406e-03
-3.761841729283332825e-02
-1.302563957870006561e-02
-2.541183121502399445e-02
-9.377190843224525452e-03
5.389798432588577271e-02
9.720157831907272339e-02
-9.325724095106124878e-02
-3.031683713197708130e-02
-8.880936354398727417e-02
4.693974554538726807e-02
-1.791486330330371857e-02
4.924514144659042358e-02
5.487664788961410522e-02
-7.718040794134140015e-02
-2.556919865310192108e-02
-9.324118494987487793e-02
1.852871477603912354e-02
-1.197794005274772644e-01
-7.900455594062805176e-02
-7.050094753503799438e-02
-3.126972168684005737e-02
-7.821441441774368286e-02
-6.073284521698951721e-02
-1.351597756147384644e-01
-1.560078188776969910e-02
1.117821931838989258e-01
6.379779428243637085e-02
4.572788625955581665e-02
1.521645188331604004e-01
-2.455268241465091705e-02
1.069142371416091919e-01
7.489406969398260117e-03
7.626163959503173828e-02
4.422196000814437866e-02
3.809882700443267822e-02
3.693343698978424072e-02
-1.074212118983268738e-01
-1.340447273105382919e-02
-6.699958443641662598e-02
-2.127907872200012207e-01
9.182518720626831055e-02
2.798572182655334473e-02
-8.708329498767852783e-02
-1.768653243780136108e-01
-6.096123158931732178e-02
1.404442731291055679e-02
-1.047659143805503845e-01
-1.176637932658195496e-01
-2.372834831476211548e-01
4.724987223744392395e-02
-1.125696301460266113e-01
-5.013852939009666443e-02
-2.910453453660011292e-02
2.602849155664443970e-02
6.672836095094680786e-02
-2.189764007925987244e-02
2.495128288865089417e-02
7.389450073242187500e-02
4.933709278702735901e-03
5.399456992745399475e-02
-2.703350223600864410e-02
-2.295854240655899048e-01
-9.464215487241744995e-02
-6.144347041845321655e-02
5.437922663986682892e-03
-8.038319647312164307e-02
-4.336154460906982422e-02
-6.686131656169891357e-02
-4.413479268550872803e-01
-1.364117413759231567e-01
5.098167434334754944e-02
3.461053967475891113e-02
3.019200451672077179e-02
-5.940065532922744751e-02
-2.213407158851623535e-01
-1.417648196220397949e-01
1.522022634744644165e-01
1.267685741186141968e-01
-5.184089392423629761e-02
-7.568270713090896606e-02
1.341778784990310669e-02
-9.273767471313476562e-02
2.699815854430198669e-02
3.552467375993728638e-02
7.922964543104171753e-02
-2.191337496042251587e-01
7.422423362731933594e-02
-9.456745348870754242e-03
-1.380647122859954834e-01
-2.376843988895416260e-01
4.521291702985763550e-02
-3.699488192796707153e-02
-8.126865327358245850e-02
-6.478299945592880249e-02
-1.451250631362199783e-02
1.725286096334457397e-01
-4.152187146246433258e-03
-6.523223966360092163e-02
-9.501385502517223358e-03
9.097196161746978760e-02
1.918890886008739471e-02
-8.698593825101852417e-03
3.439630195498466492e-02
1.063828989863395691e-01
-1.788525283336639404e-02
-1.248074043542146683e-02
-2.739232406020164490e-02
-4.997534304857254028e-02
-1.617025397717952728e-02
-9.768468886613845825e-02
-1.539411097764968872e-01
-2.025983929634094238e-01
-1.917552947998046875e-01
-1.785320043563842773e-01
-7.913659512996673584e-02
-2.398221567273139954e-02
-2.655079215764999390e-02
-3.105901554226875305e-02
-4.328259453177452087e-02
-2.507265098392963409e-02
5.679964553564786911e-03
4.264358431100845337e-02
-1.295080408453941345e-02
-6.386670283973217010e-04
7.486563175916671753e-02
8.102384209632873535e-02
1.422418355941772461e-01
7.033192086964845657e-03
7.227133959531784058e-02
4.700331762433052063e-02
6.559655070304870605e-02
-5.691822990775108337e-02
1.083062496036291122e-03
1.290923357009887695e-01
-2.928506955504417419e-02
-1.880397833883762360e-02
1.308210939168930054e-02
-1.126154586672782898e-01
-1.739232242107391357e-01
-2.385978102684020996e-01
5.724933464080095291e-03
-1.848425529897212982e-02
-6.886481493711471558e-02
-3.167083486914634705e-02
4.542974382638931274e-02
-2.743765413761138916e-01
-6.422544717788696289e-01
6.614225357770919800e-02
-3.221954032778739929e-02
2.518859505653381348e-02
-1.911139301955699921e-02
9.177003800868988037e-02
6.122795119881629944e-02
1.043521240353584290e-01
8.349154144525527954e-02
-1.792801357805728912e-02
6.091800332069396973e-02
4.466517269611358643e-02
1.194678898900747299e-02
8.465322107076644897e-02
-2.009981572628021240e-01
-1.133488714694976807e-01
-9.256812185049057007e-02
2.796138823032379150e-02
1.498386822640895844e-02
-9.762204438447952271e-02
7.357054948806762695e-02
-1.706537306308746338e-01
4.235444590449333191e-02
-1.518832053989171982e-02
-3.241395205259323120e-02
-3.649633377790451050e-02
-4.659306257963180542e-02
1.322265118360519409e-01
-1.447343677282333374e-01
6.542101502418518066e-02
1.207788810133934021e-01
4.919277504086494446e-02
3.533907979726791382e-02
1.040776167064905167e-02
1.313434392213821411e-01
-3.794982656836509705e-02
-2.080886960029602051e-01
-1.236242521554231644e-02
-2.988236024975776672e-02
7.464847061783075333e-03
9.975434513762593269e-04
-3.115839660167694092e-01
-1.707290709018707275e-01
3.849831968545913696e-02
-3.747663646936416626e-02
-2.050000429153442383e-02
-8.468749932944774628e-03
1.059065014123916626e-01
-5.450163409113883972e-02
7.911132415756583214e-04
5.558183416724205017e-02
2.781687770038843155e-03
-2.192330919206142426e-02
1.159587595611810684e-02
5.405313149094581604e-02
2.010806649923324585e-02
-3.877772018313407898e-02
-1.932183839380741119e-02
2.256245538592338562e-02
-6.257153302431106567e-02
-8.527936786413192749e-02
-3.022746555507183075e-02
-3.796590492129325867e-02
-1.117190867662429810e-01
-1.193673685193061829e-01
-3.165281563997268677e-02
4.025773331522941589e-02
4.596029222011566162e-02
7.720260322093963623e-02
2.297603636980056763e-01
2.489734441041946411e-01
1.881710588932037354e-01
4.788639023900032043e-02
2.861914224922657013e-02
1.221480686217546463e-02
1.383176594972610474e-01
1.606013327836990356e-01
1.012129709124565125e-01
1.062480732798576355e-01
3.976270556449890137e-02
-8.606189489364624023e-02
3.994033858180046082e-02
-2.941153943538665771e-02
-2.630276978015899658e-02
-5.985455214977264404e-02
-2.676418125629425049e-01
-4.644108191132545471e-02
-1.461253315210342407e-01
1.909988815896213055e-03
-7.499986328184604645e-03
-1.445838660001754761e-01
-1.307583451271057129e-01
-1.307913511991500854e-01
1.349556632339954376e-02
-8.557346463203430176e-02
4.844877403229475021e-03
-4.985464364290237427e-02
-1.395400911569595337e-01
-3.883962053805589676e-03
1.823940081521868706e-03
-7.628251798450946808e-03
2.424081601202487946e-02
-3.262293711304664612e-02
-2.049402520060539246e-02
-9.502883255481719971e-02
4.034051671624183655e-02
1.172946766018867493e-02
-4.804243519902229309e-02
5.942630022764205933e-02
-1.824541017413139343e-02
-2.188038080930709839e-02
-7.744561135768890381e-02
1.435197424143552780e-02
4.541519284248352051e-02
-5.658008530735969543e-02
-1.736912294290959835e-03
-2.105497382581233978e-02
1.177291050553321838e-01
9.943441301584243774e-02
1.332831978797912598e-01
2.811247110366821289e-01
2.471869140863418579e-01
2.108187377452850342e-01
1.813516952097415924e-02
7.021770626306533813e-02
2.768395654857158661e-02
6.758203264325857162e-03
-1.036384478211402893e-01
-1.053675543516874313e-02
-1.690244227647781372e-01
-6.430389732122421265e-02
1.357126981019973755e-01
-4.071027040481567383e-02
4.175651445984840393e-02
-9.042297303676605225e-02
-7.433913648128509521e-02
8.860751241445541382e-02
-1.465322263538837433e-02
4.534040763974189758e-02
8.835241198539733887e-02
-3.047151267528533936e-01
-9.621663391590118408e-02
-1.821513921022415161e-01
9.515572339296340942e-02
-3.393497690558433533e-02
-6.489545851945877075e-02
-7.991945743560791016e-02
1.040202155709266663e-01
-7.397060841321945190e-02
-1.740446537733078003e-01
-7.015287876129150391e-02
-1.600133813917636871e-02
9.849321097135543823e-02
1.084831357002258301e-01
3.578598424792289734e-02
2.270923228934407234e-03
-5.929015204310417175e-02
-6.548804044723510742e-02
-5.734201148152351379e-02
-1.245931833982467651e-01
-3.397513553500175476e-02
1.187179982662200928e-01
5.140811204910278320e-02
1.621641218662261963e-01
1.245439276099205017e-01
-7.320325076580047607e-02
1.714923977851867676e-01
6.662644445896148682e-02
6.444200873374938965e-02
3.957475349307060242e-02
-2.344369702041149139e-02
-4.712323844432830811e-02
5.919603630900382996e-03
6.808067858219146729e-02
-1.172474250197410583e-01
-1.322750281542539597e-02
-5.372292920947074890e-02
-1.019654497504234314e-01
1.054079388268291950e-03
-5.600554123520851135e-02
-5.728065036237239838e-03
-2.519285976886749268e-01
-1.095384806394577026e-01
-7.653689384460449219e-02
-1.891541332006454468e-01
-1.259843409061431885e-01
-8.271666616201400757e-02
-1.870885342359542847e-01
-2.022055685520172119e-01
-3.019278943538665771e-01
-4.699682444334030151e-02
4.220630973577499390e-02
2.827252075076103210e-02
6.218603625893592834e-02
-8.395580947399139404e-02
-2.002409286797046661e-02
5.040600150823593140e-02
2.190150320529937744e-02
6.192292645573616028e-02
-4.242292791604995728e-02
-3.389379009604454041e-03
1.436210330575704575e-02
-1.420940607786178589e-01
-9.544392675161361694e-02
2.588849514722824097e-02
-3.656488284468650818e-02
-5.956327170133590698e-02
2.121362462639808655e-02
1.683127433061599731e-01
-1.880335658788681030e-01
-1.388974338769912720e-01
-9.317989461123943329e-03
-2.536361515522003174e-01
1.273038834333419800e-01
-1.095522046089172363e-01
-8.745785057544708252e-02
-3.940231204032897949e-01
-3.104145824909210205e-01
-1.062205359339714050e-01
1.763072907924652100e-01
1.628873199224472046e-01
-1.508627235889434814e-01
2.077914029359817505e-02
-1.809875220060348511e-01
-4.470798671245574951e-01
-1.313997954130172729e-01
-4.378493875265121460e-02
-3.946492075920104980e-02
2.922075241804122925e-02
-8.538698777556419373e-03
7.290562242269515991e-02
-1.067409291863441467e-01
-1.285315304994583130e-01
4.782740026712417603e-02
6.756838411092758179e-02
-3.971203789114952087e-02
3.977550193667411804e-02
6.179236620664596558e-02
9.749465435743331909e-02
7.093404978513717651e-02
7.880495861172676086e-03
2.406035549938678741e-02
-7.073458284139633179e-02
4.266096651554107666e-02
-9.282154031097888947e-03
9.124760515987873077e-03
3.135250508785247803e-02
-6.631962209939956665e-02
2.463752776384353638e-02
2.491451241075992584e-02
1.181541606783866882e-01
1.045138984918594360e-01
1.002296134829521179e-01
1.701396852731704712e-01
2.653808519244194031e-02
1.655697450041770935e-02
3.950167447328567505e-04
-5.813432484865188599e-02
1.347569376230239868e-02
4.680959135293960571e-02
-1.493301689624786377e-01
-2.029991000890731812e-01
2.871450223028659821e-02
-1.107077077031135559e-01
6.747005879878997803e-02
4.500516131520271301e-02
2.075714468955993652e-01
-2.899246290326118469e-02
7.359775900840759277e-02
6.193548813462257385e-02
1.077901348471641541e-01
-3.980976343154907227e-02
5.314567312598228455e-02
2.015291005373001099e-01
-1.373572051525115967e-01
6.012055650353431702e-02
-2.691219188272953033e-02
-9.511899203062057495e-02
-3.298878436908125877e-03
-2.455411255359649658e-01
-1.516654044389724731e-01
-1.458607465028762817e-01
-2.895002961158752441e-01
-1.985054314136505127e-01
-1.312298625707626343e-01
-1.177832707762718201e-01
-2.743340134620666504e-01
-2.624477744102478027e-01
6.067230924963951111e-02
-9.739398211240768433e-02
8.950008451938629150e-02
1.086880266666412354e-01
-1.185214072465896606e-01
1.883882470428943634e-02
3.669981658458709717e-02
2.592103369534015656e-02
-3.281621634960174561e-02
-5.602157674729824066e-03
-6.996303796768188477e-03
9.461244195699691772e-02
1.834886670112609863e-01
-6.412541121244430542e-02
-8.107627928256988525e-02
6.446693092584609985e-02
-1.123753413558006287e-01
-1.370527129620313644e-02
-5.367609206587076187e-03
-4.066238924860954285e-02
1.723212935030460358e-02
2.064649201929569244e-02
2.340199239552021027e-02
3.172727674245834351e-02
-9.471454657614231110e-03
-2.980611920356750488e-01
4.676711931824684143e-02
-1.061068624258041382e-01
2.222172357141971588e-02
-4.792986810207366943e-02
-1.332301348447799683e-01
3.526772605255246162e-03
-3.350496059283614159e-03
6.384089589118957520e-03
1.712863519787788391e-02
9.399566054344177246e-02
-2.639932930469512939e-01
2.377342432737350464e-02
1.866095326840877533e-02
-1.738544553518295288e-01
3.092847391963005066e-02
8.194150775671005249e-02
-7.543177343904972076e-03
-6.440476514399051666e-03
2.437582239508628845e-02
-1.205029152333736420e-02
6.405833363533020020e-02
-7.019658107310533524e-03
-2.016583457589149475e-02
8.694184571504592896e-02
6.320318672806024551e-03
-6.977965682744979858e-02
1.019800454378128052e-02
1.366956233978271484e-01
-3.507358580827713013e-02
1.608684659004211426e-01
-4.133945330977439880e-02
-1.064968705177307129e-01
-9.223464876413345337e-03
-2.532946690917015076e-02
-2.338357083499431610e-02
1.243557557463645935e-01
1.993530541658401489e-01
-1.442000083625316620e-02
-4.400246543809771538e-04
2.536909282207489014e-01
-7.254762575030326843e-03
-1.339891646057367325e-02
1.102537810802459717e-01
8.575602620840072632e-02
-1.220033317804336548e-01
-1.170696169137954712e-01
1.346219982951879501e-02
2.423952892422676086e-02
-7.179695367813110352e-02
-4.648759216070175171e-02
1.089706346392631531e-01
-9.788335300981998444e-03
-1.371230781078338623e-01
-3.709067404270172119e-02
-2.166458964347839355e-01
-1.108795478940010071e-01
-1.100901141762733459e-01
1.160576269030570984e-01
3.016526252031326294e-02
9.405637532472610474e-02
9.272293001413345337e-02
-6.066932156682014465e-02
1.637528389692306519e-01
-2.145844697952270508e-02
8.019738644361495972e-02
-7.820931822061538696e-02
5.721100047230720520e-02
2.673588134348392487e-02
-2.540270611643791199e-02
2.740141190588474274e-02
-1.387440562248229980e-01
1.087851896882057190e-01
-6.920445710420608521e-02
-2.925213240087032318e-02
2.103353664278984070e-02
-2.539210617542266846e-01
-1.576183289289474487e-01
-5.637725815176963806e-02
-9.402590245008468628e-02
-7.504519075155258179e-02
-1.353189051151275635e-01
-1.269503533840179443e-01
5.328711494803428650e-02
3.322822973132133484e-02
-3.658749535679817200e-02
-3.101448416709899902e-01
-1.459371577948331833e-02
-7.466620802879333496e-01
8.707798272371292114e-02
5.817603319883346558e-02
8.796176873147487640e-03
7.582354545593261719e-02
-2.035428583621978760e-01
2.733752690255641937e-02
-4.040704295039176941e-02
-1.460130512714385986e-01
1.386039555072784424e-01
6.880347430706024170e-02
6.173598766326904297e-02
1.676890850067138672e-01
-1.543749868869781494e-02
-1.832731366157531738e-01
-3.214987739920616150e-02
1.485199332237243652e-01
-8.115471154451370239e-02
-1.172050535678863525e-01
1.065565794706344604e-01
5.706033483147621155e-02
-7.222487032413482666e-02
-6.155866757035255432e-02
7.766258204355835915e-04
-1.252746880054473877e-01
-1.508720070123672485e-01
3.027986548840999603e-02
-3.426125645637512207e-02
-1.736951172351837158e-01
-5.139009654521942139e-02
1.970132999122142792e-02
1.271128468215465546e-02
1.146102473139762878e-01
4.017093405127525330e-02
-1.026537492871284485e-01
-1.288925111293792725e-01
1.118491664528846741e-01
7.270511239767074585e-02
2.445100434124469757e-02
-4.800637811422348022e-02
4.266582429409027100e-02
-1.838071085512638092e-02
1.032666489481925964e-02
-2.927573621273040771e-01
-1.284089498221874237e-02
9.821505099534988403e-02
1.104627642780542374e-02
9.904464334249496460e-02
-5.631803721189498901e-02
-9.257223457098007202e-02
-1.090813875198364258e-01
3.053299896419048309e-02
6.502196937799453735e-02
4.095151647925376892e-02
1.510571092367172241e-01
2.140896171331405640e-01
3.880843147635459900e-02
7.502725720405578613e-02
-3.976083174347877502e-02
-1.028866693377494812e-01
-1.024537831544876099e-01
-4.910583496093750000e-01
-4.105689823627471924e-01
-8.313308469951152802e-03
-4.237811267375946045e-02
3.551646322011947632e-02
-9.459274820983409882e-03
5.013287998735904694e-03
-3.298096731305122375e-02
2.575604012235999107e-03
-1.054229512810707092e-01
-9.228799492120742798e-02
1.141914501786231995e-01
-1.404778379946947098e-02
7.750733196735382080e-02
3.958877921104431152e-02
-2.993354760110378265e-02
3.328762203454971313e-02
-1.385076045989990234e-01
4.653009772300720215e-02
-3.630786016583442688e-02
-6.118316203355789185e-02
-4.502197727560997009e-03
1.182913221418857574e-02
-9.247272461652755737e-02
4.895292222499847412e-02
-1.494031865149736404e-02
-1.962197385728359222e-02
7.811152189970016479e-02
1.061523929238319397e-01
-1.096391584724187851e-02
-2.489743195474147797e-02
3.718641772866249084e-02
1.910743117332458496e-02
5.969382449984550476e-02
6.236746162176132202e-02
2.775672823190689087e-02
1.929771900177001953e-02
7.318023592233657837e-02
6.226708367466926575e-02
1.750095933675765991e-02
2.223368920385837555e-02
3.875585645437240601e-02
9.966277331113815308e-02
4.684403538703918457e-03
-2.980141527950763702e-02
-3.314763307571411133e-02
-3.066374547779560089e-02
1.441596448421478271e-01
2.186556905508041382e-01
-1.948091201484203339e-02
-1.649603843688964844e-01
-5.176806449890136719e-02
-9.963587671518325806e-02
-5.405112728476524353e-02
9.715534001588821411e-02
1.029700636863708496e-01
-1.603198610246181488e-02
-6.969482451677322388e-02
1.699309647083282471e-01
-9.068939834833145142e-02
1.143407374620437622e-01
3.262869268655776978e-02
1.611193269491195679e-01
-9.427299350500106812e-02
-4.987616837024688721e-02
1.280413568019866943e-01
-3.413218632340431213e-02
2.353186756372451782e-01
3.892876952886581421e-02
-1.745149642229080200e-01
-1.887210756540298462e-01
-5.697686597704887390e-02
-8.833310566842556000e-03
6.450257450342178345e-02
-3.413605690002441406e-02
-7.281061261892318726e-03
9.518928825855255127e-02
-2.157275378704071045e-01
-6.116507574915885925e-02
-6.731785833835601807e-02
-1.128147467970848083e-01
-6.583063304424285889e-02
-4.013701807707548141e-03
9.446672350168228149e-02
-3.888008594512939453e-01
-2.225791960954666138e-01
-2.795794233679771423e-02
-1.564039103686809540e-02
-5.058252066373825073e-02
-1.842083293013274670e-03
-2.863250672817230225e-01
-1.562317460775375366e-01
8.247964829206466675e-02
-8.916329592466354370e-02
-2.450260072946548462e-01
7.615508884191513062e-02
-1.474958062171936035e-01
-5.679258331656455994e-02
-7.830360531806945801e-02
1.564616113901138306e-01
5.753831565380096436e-02
-1.289394050836563110e-01
1.528059244155883789e-01
-1.023297850042581558e-02
9.437827765941619873e-02
-1.112211868166923523e-02
-1.703055761754512787e-02
2.985429391264915466e-02
-2.304270863533020020e-02
4.015742987394332886e-02
5.161409825086593628e-02
-1.211841870099306107e-02
-1.980422250926494598e-02
-1.483749225735664368e-02
-4.288181662559509277e-02
-9.560707211494445801e-02
-8.821590244770050049e-02
-1.959264129400253296e-01
1.004767566919326782e-01
-2.932396717369556427e-03
1.344461888074874878e-01
1.855204403400421143e-01
-3.963820636272430420e-02
1.339957267045974731e-01
1.777474284172058105e-01
9.806584566831588745e-03
-2.603018581867218018e-01
-3.671343624591827393e-02
-1.143040210008621216e-01
-7.694454491138458252e-02
3.907605074346065521e-03
-1.289613451808691025e-02
-5.424154177308082581e-02
-1.789252161979675293e-01
5.423239618539810181e-02
2.731712348759174347e-02
4.657863453030586243e-02
-7.573249191045761108e-02
2.046667598187923431e-02
2.202951582148671150e-03
-5.624410510063171387e-02
-1.242352277040481567e-01
-1.997115910053253174e-01
-8.485107123851776123e-02
-6.077798828482627869e-02
2.021528407931327820e-02
1.043042242527008057e-01
5.621265992522239685e-02
7.442928105592727661e-02
1.174456179141998291e-01
8.052634447813034058e-02
1.216403171420097351e-01
3.074596077203750610e-02
-8.765006810426712036e-02
-1.046722158789634705e-01
2.406173497438430786e-01
1.474486142396926880e-01
-8.721834421157836914e-02
1.792656816542148590e-02
-4.442136362195014954e-02
-3.151084110140800476e-02
-2.996489871293306351e-03
1.164437681436538696e-01
-3.859229758381843567e-02
9.663891792297363281e-02
6.838630419224500656e-03
-5.972491949796676636e-02
-1.021163612604141235e-01
1.323305070400238037e-01
1.628632657229900360e-02
-8.740241080522537231e-02
5.040488392114639282e-02
2.282423526048660278e-02
-1.865642517805099487e-01
-5.298679322004318237e-02
-3.924847394227981567e-02
1.227263361215591431e-01
2.265037037432193756e-02
-1.306230127811431885e-01
-3.097418136894702911e-02
-2.580430917441844940e-02
-4.239411279559135437e-02
5.331674590706825256e-03
1.894784346222877502e-02
2.458110917359590530e-03
-4.068235680460929871e-02
7.266000658273696899e-02
9.484405070543289185e-02
6.404443830251693726e-02
7.340095937252044678e-02
3.068668395280838013e-02
3.541677817702293396e-02
-3.214061260223388672e-02
1.221496388316154480e-01
1.566324979066848755e-01
2.212080061435699463e-01
1.978371888399124146e-01
1.566755175590515137e-01
-7.548673450946807861e-02
-1.256717294454574585e-01
1.136125922203063965e-01
1.503046154975891113e-01
1.702007353305816650e-01
-5.071264505386352539e-02
4.773170500993728638e-02
1.173662617802619934e-01
-5.352344363927841187e-02
8.195461332798004150e-02
3.291171416640281677e-02
9.212791919708251953e-03
-8.112216740846633911e-02
3.861929476261138916e-02
1.282597482204437256e-01
4.831698536872863770e-02
9.717697650194168091e-02
2.109668590128421783e-02
-1.535962969064712524e-01
-1.606430709362030029e-01
-2.070021629333496094e-01
-9.297269582748413086e-02
4.585304483771324158e-02
8.465586602687835693e-02
-3.351771831512451172e-02
-4.146230593323707581e-02
-7.736147195100784302e-02
-6.316074728965759277e-02
-1.920533031225204468e-01
-9.899922460317611694e-02
6.019265856593847275e-03
1.289899647235870361e-02
-1.286146640777587891e-01
-3.245140314102172852e-01
-1.671358197927474976e-01
1.610339283943176270e-01
4.421270266175270081e-02
-1.073815599083900452e-01
4.695152118802070618e-02
1.637817621231079102e-01
-6.817142665386199951e-02
-1.587435007095336914e-01
-2.581938542425632477e-02
-9.106385707855224609e-02
-9.770775213837623596e-03
-1.991046033799648285e-02
4.131577536463737488e-02
-2.745415568351745605e-01
-1.034160777926445007e-01
1.529021412134170532e-01
-5.813172832131385803e-02
6.651307456195354462e-03
-6.849732249975204468e-02
-2.466936260461807251e-01
6.733528524637222290e-02
8.795920014381408691e-02
8.950655162334442139e-02
-4.425808787345886230e-03
-4.301296174526214600e-02
5.068938806653022766e-02
-3.938001766800880432e-02
3.860090672969818115e-02
3.152871504426002502e-02
-4.908421263098716736e-02
9.540311992168426514e-03
-1.412808299064636230e-01
-1.656559470575302839e-05
1.019616201519966125e-01
6.529958546161651611e-02
-8.707050979137420654e-02
1.644045710563659668e-01
2.186145484447479248e-01
1.709708943963050842e-02
-1.414857655763626099e-01
9.173966199159622192e-02
7.391373068094253540e-02
-1.778119206428527832e-01
-7.902338355779647827e-02
5.030028149485588074e-02
-4.297785460948944092e-02
-1.258005648851394653e-01
2.942421846091747284e-02
1.130379512906074524e-01
3.724627196788787842e-02
1.002118643373250961e-02
-1.635578088462352753e-02
-1.783279329538345337e-01
6.171829998493194580e-02
2.342404276132583618e-01
2.103302776813507080e-01
1.462808251380920410e-01
6.783626228570938110e-02
6.522879004478454590e-02
-9.354010107927024364e-04
6.284262984991073608e-02
1.545967310667037964e-01
1.231475025415420532e-01
3.689532727003097534e-02
-1.695613376796245575e-02
-1.595306992530822754e-01
7.918705791234970093e-02
5.922594293951988220e-02
5.291408672928810120e-02
-6.857969611883163452e-02
5.888777598738670349e-02
5.596087872982025146e-02
2.573408931493759155e-02
1.492214016616344452e-02
7.336053252220153809e-02
1.705212518572807312e-02
-5.238793045282363892e-02
1.127885207533836365e-01
1.847351640462875366e-01
-3.763071447610855103e-02
-2.472943216562271118e-01
-9.515847265720367432e-02
-7.273057103157043457e-02
-1.024105623364448547e-01
6.063747219741344452e-03
2.434154599905014038e-02
-6.981615442782640457e-03
1.969538182020187378e-01
-4.581080377101898193e-02
-1.129973232746124268e-01
-1.693108826875686646e-01
-4.554144293069839478e-02
-3.093602135777473450e-02
-1.157726719975471497e-01
-2.424786239862442017e-02
-2.849732525646686554e-02
-1.809778250753879547e-02
-5.811089649796485901e-02
-1.910252571105957031e-01
7.854156941175460815e-02
5.743798241019248962e-02
7.578523457050323486e-02
-1.889424771070480347e-02
8.438882976770401001e-02
1.288540512323379517e-01
1.279072910547256470e-01
2.225033752620220184e-02
2.023463137447834015e-02
7.782024890184402466e-02
-9.676662832498550415e-02
9.753076732158660889e-02
-1.357532590627670288e-01
-1.479248329997062683e-02
9.232063591480255127e-02
2.936381660401821136e-02
2.300272509455680847e-02
1.102111674845218658e-02
1.526108533143997192e-01
-1.433048099279403687e-01
3.006445802748203278e-02
4.951215907931327820e-02
-6.226623803377151489e-02
1.151393819600343704e-02
-1.154478080570697784e-02
3.886447474360466003e-02
-2.296118810772895813e-02
3.063648752868175507e-02
-6.854431331157684326e-02
-5.492620170116424561e-02
3.489738702774047852e-02
-5.517496541142463684e-02
3.543511778116226196e-02
-2.726137638092041016e-03
3.316548094153404236e-02
-8.105817437171936035e-02
-4.168037325143814087e-02
7.521344721317291260e-02
-9.724625200033187866e-02
-5.704461410641670227e-02
1.005815789103507996e-01
-7.046197541058063507e-03
5.095854774117469788e-02
-2.849766053259372711e-02
1.844398491084575653e-02
1.407571509480476379e-02
-1.000735163688659668e-01
3.753538010641932487e-03
-1.649142988026142120e-02
-4.411140084266662598e-02
-1.723054237663745880e-02
-4.869112744927406311e-03
-1.267794426530599594e-02
7.808665186166763306e-02
8.179443329572677612e-02
-8.317229896783828735e-02
-3.862487524747848511e-02
2.144244685769081116e-02
-4.473691433668136597e-02
-3.608398605138063431e-03
6.326054781675338745e-02
-2.499458007514476776e-02
1.198783237487077713e-02
4.129736870527267456e-02
-1.723456233739852905e-01
5.684715881943702698e-02
2.659631893038749695e-02
-1.539889574050903320e-01
1.137780174612998962e-01
1.023095846176147461e-01
1.591450124979019165e-01
-2.598166652023792267e-02
1.822020113468170166e-02
1.656532473862171173e-02
8.070635050535202026e-02
1.050962950102984905e-03
3.229659423232078552e-02
-1.852340996265411377e-01
-2.655381150543689728e-02
-1.615694314241409302e-01
-1.040905937552452087e-01
-2.373464405536651611e-02
4.161474481225013733e-02
8.845200389623641968e-02
-2.556325495243072510e-02
9.021400660276412964e-02
-7.776942104101181030e-02
1.208883598446846008e-01
-1.417776849120855331e-02
2.502277493476867676e-03
5.117590539157390594e-03
-1.761272400617599487e-01
-8.989287167787551880e-02
-3.005481511354446411e-02
-1.256416738033294678e-01
-3.430861234664916992e-01
-1.587558686733245850e-01
-1.415787637233734131e-02
3.497886657714843750e-01
-6.284937262535095215e-02
-1.074956506490707397e-01
3.608971089124679565e-02
6.457906961441040039e-02
1.597924530506134033e-02
1.599072478711605072e-02
-3.814879059791564941e-02
-5.251320078969001770e-02
1.144022196531295776e-01
5.367166176438331604e-02
-6.376220285892486572e-02
2.624213881790637970e-02
-1.539742574095726013e-02
7.919850945472717285e-02
-7.687292527407407761e-03
1.200843676924705505e-01
-9.707627445459365845e-02
6.754764914512634277e-02
-4.691193811595439911e-03
1.770791858434677124e-01
4.363046959042549133e-02
-2.245546318590641022e-02
-7.283726334571838379e-02
1.470473036170005798e-02
-6.101652234792709351e-02
2.766982279717922211e-02
-3.874059766530990601e-02
-3.515160456299781799e-02
-2.034759707748889923e-02
5.220696330070495605e-02
-1.155072357505559921e-02
3.827657178044319153e-02
1.772872656583786011e-01
-4.034670591354370117e-01
-6.720542907714843750e-02
2.669343538582324982e-02
1.118982508778572083e-01
7.426720112562179565e-02
1.319952458143234253e-01
1.213968768715858459e-01
-2.073739655315876007e-02
-1.076843440532684326e-01
-2.093653529882431030e-01
-5.577493458986282349e-02
2.390065342187881470e-01
3.621515035629272461e-01
-1.294796466827392578e+00
-3.193521797657012939e-01
-1.441553384065628052e-01
1.444467902183532715e-02
-1.091784685850143433e-01
1.024467796087265015e-01
2.576787583529949188e-02
2.528849802911281586e-02
3.222952783107757568e-02
-1.757178455591201782e-02
9.938435256481170654e-02
7.065212726593017578e-02
4.851140081882476807e-02
-3.659195080399513245e-02
4.392683133482933044e-02
4.475013166666030884e-02
3.232617676258087158e-02
-3.372917324304580688e-02
2.547635510563850403e-02
-1.076140329241752625e-01
-1.583568155765533447e-01
-2.601845376193523407e-02
-8.515989780426025391e-02
1.348542887717485428e-02
-6.264332681894302368e-02
-1.300754398107528687e-01
-6.999403983354568481e-02
-1.259158551692962646e-01
-1.144246086478233337e-01
1.277406979352235794e-02
-1.304643973708152771e-02
7.318782061338424683e-02
7.476662844419479370e-02
-1.691443473100662231e-01
-1.264019310474395752e-01
5.571753159165382385e-02
8.363247662782669067e-02
1.661848946241661906e-04
3.174307756125926971e-03
-1.897551119327545166e-02
4.085848852992057800e-02
-8.899693191051483154e-02
-7.858002185821533203e-02
-2.356051409151405096e-04
1.411888450384140015e-01
-6.119459122419357300e-02
7.334025576710700989e-03
-4.311216622591018677e-02
3.161060810089111328e-02
-1.321492344141006470e-02
-1.951852291822433472e-01
-1.271585375070571899e-01
1.252699643373489380e-01
-4.645411297678947449e-02
1.932899351231753826e-03
2.217428013682365417e-02
2.212643623352050781e-01
4.879710823297500610e-02
-7.239775732159614563e-03
-2.513425424695014954e-02
7.892702519893646240e-02
-1.659058593213558197e-02
3.116416558623313904e-02
4.102169722318649292e-02
-5.701279640197753906e-02
-5.550926923751831055e-02
9.382568299770355225e-03
-2.826584689319133759e-02
-4.204390197992324829e-02
8.321852236986160278e-02
-1.483413670212030411e-02
9.287223964929580688e-02
-4.111430048942565918e-02
-2.593318223953247070e-01
4.183626547455787659e-02
9.168799221515655518e-02
-6.480336934328079224e-02
-7.543232291936874390e-02
3.335657529532909393e-03
1.309229619801044464e-02
-1.509446203708648682e-01
-1.378721892833709717e-01
1.169802807271480560e-02
4.255325347185134888e-02
-7.599413394927978516e-02
-1.435818523168563843e-01
-7.607190310955047607e-02
1.024636998772621155e-01
-1.118252277374267578e-01
-4.678380116820335388e-02
-4.469836503267288208e-02
1.453200131654739380e-01
7.695268094539642334e-02
5.545820668339729309e-02
-9.332343935966491699e-02
5.165407434105873108e-02
3.101780451834201813e-02
-9.017758071422576904e-03
-1.699623018503189087e-01
-8.001960813999176025e-02
-5.372645854949951172e-01
2.070302665233612061e-01
6.406407058238983154e-02
-3.180716559290885925e-02
-3.319886978715658188e-03
7.246568799018859863e-02
-2.308191061019897461e-01
1.131243929266929626e-01
-1.036984659731388092e-02
-4.805970564484596252e-02
-2.846457809209823608e-02
1.071066260337829590e-01
5.511342361569404602e-02
6.302878260612487793e-02
-5.783244967460632324e-02
1.107536032795906067e-01
9.373290091753005981e-02
1.224615648388862610e-01
-1.353072654455900192e-02
-8.116968721151351929e-02
5.392068531364202499e-03
1.628277637064456940e-02
-7.285597268491983414e-03
4.073606804013252258e-02
-3.063751151785254478e-03
9.308870881795883179e-03
-8.082326501607894897e-02
-1.165445148944854736e-01
-5.106892064213752747e-02
-7.290694862604141235e-02
-4.821736365556716919e-02
7.504782639443874359e-03
8.181584067642688751e-03
4.365066811442375183e-02
-1.285051703453063965e-01
-2.297991067171096802e-01
-1.137880682945251465e-01
1.615679822862148285e-02
1.215245202183723450e-01
1.296313479542732239e-02
-1.867237687110900879e-01
-1.481357365846633911e-01
1.032450124621391296e-01
-1.264667809009552002e-01
-1.274873875081539154e-02
-3.131435066461563110e-02
-7.492580264806747437e-02
-1.667612642049789429e-01
-1.497619878500699997e-02
-1.412674635648727417e-01
1.331434249877929688e-01
2.816586010158061981e-02
-2.485925145447254181e-02
-1.255952417850494385e-01
-6.202528998255729675e-02
-1.816928237676620483e-01
2.468091994524002075e-02
9.955621510744094849e-02
-1.671413928270339966e-01
-6.695726513862609863e-02
-3.630449250340461731e-02
-1.723432354629039764e-02
8.363045006990432739e-02
8.625518530607223511e-02
-1.150026693940162659e-01
4.529945179820060730e-02
2.283121086657047272e-02
8.981565386056900024e-02
3.841341659426689148e-02
-6.874632835388183594e-02
8.249557763338088989e-02
-9.966827929019927979e-02
-2.350494824349880219e-02
-2.556624822318553925e-02
-4.233492538332939148e-02
9.009168297052383423e-02
5.421290174126625061e-02
6.111496314406394958e-02
3.195299953222274780e-02
-1.501506119966506958e-01
3.734396025538444519e-02
1.749157719314098358e-02
-5.012578889727592468e-02
9.397934377193450928e-02
-9.871377795934677124e-02
-1.675636917352676392e-01
-2.108369469642639160e-01
2.251088246703147888e-02
-3.325618803501129150e-02
3.363889455795288086e-02
1.066258251667022705e-01
-5.118813365697860718e-02
-1.983813047409057617e-01
-2.964978804811835289e-03
-5.025414004921913147e-02
-4.011646509170532227e-01
-4.276452362537384033e-01
-2.151840329170227051e-01
9.642655402421951294e-02
1.306710988283157349e-01
2.995535731315612793e-02
-4.704734310507774353e-03
-2.952221222221851349e-02
1.612768322229385376e-01
7.738378643989562988e-02
-1.968671232461929321e-01
-2.605670318007469177e-02
-1.436461508274078369e-02
1.159540787339210510e-01
-1.594166085124015808e-02
9.450452774763107300e-02
1.075828298926353455e-01
-2.639055624604225159e-02
-2.664777040481567383e-01
4.319819062948226929e-02
-1.873199455440044403e-02
-7.643126696348190308e-02
-4.283093288540840149e-02
-8.302836865186691284e-02
1.659727655351161957e-02
-5.640245601534843445e-02
-3.206460969522595406e-03
-1.443435698747634888e-01
-1.698914021253585815e-01
-3.419723734259605408e-02
-2.349688261747360229e-01
-2.358834259212017059e-02
-7.541766017675399780e-02
-3.351191803812980652e-02
-8.458270132541656494e-02
-1.685911417007446289e-02
3.239343315362930298e-02
-1.525631546974182129e-01
9.303824044764041901e-03
3.342998772859573364e-02
-6.972800474613904953e-03
1.178046464920043945e-01
2.881256490945816040e-02
-3.381906822323799133e-02
-9.690348058938980103e-02
1.044648513197898865e-01
6.002856045961380005e-02
-1.391537860035896301e-02
8.080460876226425171e-02
-1.419432088732719421e-02
2.047309838235378265e-02
1.263649016618728638e-01
2.546242997050285339e-02
3.502970561385154724e-02
3.975469246506690979e-02
3.836419805884361267e-02
7.176098972558975220e-02
4.452899098396301270e-02
-2.024107240140438080e-02
1.170902978628873825e-02
2.870022878050804138e-02
1.669192910194396973e-01
2.276210337877273560e-01
1.275205910205841064e-01
-9.448257088661193848e-02
-3.654403239488601685e-02
-7.288207113742828369e-02
4.290481284260749817e-02
5.114595219492912292e-02
1.580744981765747070e-01
8.299594372510910034e-02
-7.347559183835983276e-02
-3.327732207253575325e-03
-3.346250206232070923e-02
-4.961676523089408875e-02
1.266580522060394287e-01
-9.983264654874801636e-02
-6.738319993019104004e-02
-1.493225526064634323e-02
-8.503776788711547852e-02
1.091452315449714661e-01
-1.151454597711563110e-01
-7.319533731788396835e-03
-1.934720426797866821e-01
-1.999809294939041138e-01
-2.100890129804611206e-01
-2.813766524195671082e-02
-5.582234635949134827e-02
2.182593941688537598e-02
-7.250404357910156250e-02
-5.266885459423065186e-02
-1.368492990732192993e-01
-8.654870837926864624e-02
-1.636309176683425903e-01
2.359840832650661469e-02
-8.173314481973648071e-02
2.518970705568790436e-02
-4.974249750375747681e-02
-1.899037137627601624e-02
-6.119191646575927734e-02
-1.314722597599029541e-01
-3.472966782283037901e-04
2.168475463986396790e-02
1.934333704411983490e-03
-4.675138369202613831e-02
2.834017015993595123e-02
2.172219380736351013e-02
5.152240023016929626e-02
-6.170045211911201477e-02
2.848965674638748169e-02
9.247539192438125610e-02
1.665036194026470184e-02
6.732331961393356323e-02
-4.811698570847511292e-03
1.056516915559768677e-01
-8.877667039632797241e-02
1.193435639142990112e-01
1.252113133668899536e-01
2.590363100171089172e-02
1.613528579473495483e-01
1.648768223822116852e-02
6.624160706996917725e-02
9.947368502616882324e-02
2.227239310741424561e-01
-1.430038511753082275e-01
1.777098029851913452e-01
-7.375396788120269775e-02
3.309148252010345459e-01
4.890364408493041992e-02
-1.094154119491577148e-01
-7.200814783573150635e-02
1.404801309108734131e-01
7.109697163105010986e-02
-8.410798013210296631e-02
1.235597878694534302e-01
6.890223175287246704e-02
-4.059252329170703888e-03
7.495168596506118774e-02
-3.208647370338439941e-01
-1.369249168783426285e-02
1.538753975182771683e-02
1.654437780380249023e-01
-1.156701147556304932e-02
-5.978770554065704346e-02
-5.473957583308219910e-02
-3.979146853089332581e-02
1.030485332012176514e-01
7.434885948896408081e-03
-3.583545237779617310e-02
-1.301741576753556728e-03
8.345154672861099243e-02
-3.842136636376380920e-02
6.226700544357299805e-02
1.092176809906959534e-01
5.617361515760421753e-02
5.944698303937911987e-02
4.882276430726051331e-02
-6.305427104234695435e-02
-3.927211090922355652e-02
4.937300831079483032e-02
1.537842303514480591e-01
1.022450625896453857e-01
-1.312445499934256077e-03
2.379488758742809296e-02
1.879826188087463379e-02
-1.015710309147834778e-01
-8.501071482896804810e-02
3.647935390472412109e-02
-9.960098564624786377e-02
-1.602249890565872192e-01
-1.116056218743324280e-01
-5.473739653825759888e-02
-9.345853328704833984e-02
-9.825980663299560547e-02
9.874723106622695923e-02
-1.686959713697433472e-01
-2.967864871025085449e-01
-1.083048433065414429e-01
-4.844885319471359253e-02
2.310674404725432396e-03
1.619295924901962280e-01
-1.118430793285369873e-01
-2.027921378612518311e-01
-2.941349744796752930e-01
-2.071445435285568237e-01
-5.827963352203369141e-02
8.178427815437316895e-02
8.214952424168586731e-03
-2.909718640148639679e-02
-4.447585716843605042e-02
4.270894918590784073e-03
5.833003297448158264e-02
-4.231055825948715210e-02
-1.652946323156356812e-01
1.177838444709777832e-02
7.887457311153411865e-02
-1.428867727518081665e-01
7.060033269226551056e-03
-5.569254606962203979e-02
-1.981134898960590363e-02
3.867218969389796257e-03
3.760312870144844055e-02
3.000553138554096222e-02
1.800969801843166351e-02
4.431108012795448303e-03
-3.813874721527099609e-02
-8.043400198221206665e-02
-6.768365949392318726e-02
5.510836839675903320e-02
9.639896452426910400e-02
8.763051033020019531e-02
1.367741823196411133e-01
5.209316685795783997e-02
5.217863246798515320e-02
5.003727227449417114e-02
1.147268787026405334e-01
7.341586798429489136e-02
1.040658950805664062e-01
-2.046586424112319946e-01
-1.733774691820144653e-01
3.689225297421216965e-03
9.217602014541625977e-02
-1.013130322098731995e-01
9.610263258218765259e-02
3.449453786015510559e-02
-6.294241175055503845e-03
-1.310281306505203247e-01
4.222764447331428528e-02
-4.606442525982856750e-02
8.431158214807510376e-02
-7.204615324735641479e-02
-5.815337598323822021e-02
-1.269023120403289795e-01
-1.706136167049407959e-01
-1.402993798255920410e-01
-1.817013919353485107e-01
-2.105763703584671021e-01
2.392947115004062653e-02
-2.277091890573501587e-01
-8.737631142139434814e-02
1.071413606405258179e-01
5.523999780416488647e-02
7.488731294870376587e-02
-2.200701273977756500e-02
5.023742094635963440e-03
-5.259857978671789169e-03
-6.530584394931793213e-02
-4.268621094524860382e-03
2.991513907909393311e-02
-3.151300363242626190e-03
2.259408496320247650e-02
-8.656374365091323853e-02
-5.570652708411216736e-02
-1.381740439683198929e-02
5.466387048363685608e-02
-7.740185409784317017e-02
-1.818355917930603027e-01
5.472789332270622253e-02
1.003093421459197998e-01
2.098998576402664185e-01
1.922727376222610474e-01
-5.403333809226751328e-03
9.408282488584518433e-02
-5.965669080615043640e-02
-8.018668740987777710e-03
3.732372820377349854e-02
4.335489124059677124e-02
1.411620676517486572e-01
1.224832534790039062e-01
6.117563322186470032e-02
-1.063534170389175415e-01
-1.864925579866394401e-04
1.142546720802783966e-02
-3.916063532233238220e-02
8.893821388483047485e-02
-4.262774437665939331e-02
-5.317961424589157104e-02
-1.047948822379112244e-01
3.208889439702033997e-02
-3.384599089622497559e-02
9.239800274372100830e-02
-7.910691946744918823e-02
-1.027251407504081726e-01
-1.420947760343551636e-01
-1.376873850822448730e-01
4.395235329866409302e-03
3.108400478959083557e-02
-2.341240644454956055e-02
-1.534814089536666870e-01
-1.146964952349662781e-01
-3.999584540724754333e-02
2.498812787234783173e-02
1.511583849787712097e-02
1.246022619307041168e-02
1.124458853155374527e-02
-1.089385524392127991e-01
-1.174821052700281143e-02
-2.365086972713470459e-02
-9.962162002921104431e-03
1.573421619832515717e-02
-1.179205775260925293e-01
6.952068209648132324e-02
1.068914011120796204e-01
1.263505667448043823e-01
3.465419635176658630e-02
-8.424568921327590942e-03
-3.846783190965652466e-02
7.558895274996757507e-03
8.318281173706054688e-02
1.101316288113594055e-01
-2.079816069453954697e-03
-7.115322351455688477e-02
-5.622257664799690247e-02
1.407883614301681519e-01
4.360655695199966431e-02
2.479288913309574127e-02
-2.220995128154754639e-01
1.024995222687721252e-01
1.528490036725997925e-01
-1.676620566286146641e-03
6.560813635587692261e-02
-7.970642298460006714e-02
-1.606850773096084595e-01
-3.458357602357864380e-02
-2.528748475015163422e-03
1.197715848684310913e-01
2.622167207300662994e-02
-1.872960664331912994e-02
1.583308428525924683e-01
5.143398046493530273e-02
-3.484261408448219299e-02
-2.589894272387027740e-02
-6.707688421010971069e-02
-2.580131404101848602e-03
9.472280740737915039e-02
1.020935401320457458e-01
-2.086190432310104370e-01
-2.943594940006732941e-02
-1.399161368608474731e-01
1.881710439920425415e-02
-3.699745051562786102e-03
1.637495122849941254e-02
9.496701508760452271e-02
1.098774671554565430e-01
1.913974732160568237e-01
6.503412034362554550e-03
-1.796773634850978851e-02
-2.287488430738449097e-02
4.304883256554603577e-02
1.462573185563087463e-02
-2.019002567976713181e-03
4.406869038939476013e-02
-9.825497865676879883e-03
-8.980687707662582397e-02
-8.535957336425781250e-02
1.425582319498062134e-01
8.250470459461212158e-02
1.193808093667030334e-01
3.132616728544235229e-02
6.802103668451309204e-02
5.029780790209770203e-02
-8.823616057634353638e-02
6.360342353582382202e-02
4.931839555501937866e-02
1.342051625251770020e-01
1.186877042055130005e-01
-1.953232102096080780e-02
1.702568531036376953e-01
2.768008969724178314e-02
-1.423663944005966187e-01
2.646028436720371246e-02
2.130796611309051514e-01
5.987934395670890808e-02
-1.544772684574127197e-01
-3.424891084432601929e-02
7.818152010440826416e-02
1.058708503842353821e-01
-1.249026805162429810e-01
-9.840638376772403717e-03
-3.988933935761451721e-02
-9.652286022901535034e-02
3.964823856949806213e-02
-7.308059930801391602e-02
-1.609820425510406494e-01
-1.356333345174789429e-01
-1.847675889730453491e-01
1.706332266330718994e-01
2.077554352581501007e-03
-4.013769328594207764e-02
4.713461548089981079e-02
-3.691719612106680870e-03
8.687577396631240845e-02
-2.090609446167945862e-02
-4.225482791662216187e-02
4.883277229964733124e-03
5.209096707403659821e-03
-3.581657438189722598e-05
1.182150561362504959e-02
7.308933883905410767e-02
5.021431669592857361e-02
2.403290010988712311e-02
4.124142974615097046e-02
2.507358416914939880e-02
-6.735297292470932007e-02
1.120559051632881165e-01
2.288155257701873779e-02
2.035864740610122681e-01
1.245109178125858307e-02
1.513790618628263474e-02
2.777540311217308044e-02
7.497797720134258270e-03
9.887449443340301514e-03
-1.626706868410110474e-01
-1.856724619865417480e-01
-4.756544232368469238e-01
-4.130279645323753357e-02
-1.779237575829029083e-02
6.432330608367919922e-02
-1.182542517781257629e-01
1.244595721364021301e-01
-2.508711256086826324e-02
-9.518798440694808960e-03
3.817901015281677246e-02
9.669449925422668457e-02
6.854164879769086838e-03
1.091550290584564209e-02
-6.432533264160156250e-02
-8.801564574241638184e-02
-1.892704814672470093e-01
-8.158909529447555542e-02
-4.409164190292358398e-02
-2.996403910219669342e-02
-6.219227239489555359e-02
7.546737790107727051e-02
1.183455958962440491e-01
9.908980131149291992e-02
6.183085590600967407e-02
4.373678565025329590e-02
-6.861086934804916382e-02
-4.910237039439380169e-04
-8.698019082657992840e-04
-7.619941141456365585e-03
-9.128143638372421265e-02
-1.183094158768653870e-01
-2.301985174417495728e-01
3.781852126121520996e-02
4.965853318572044373e-02
8.491352200508117676e-03
9.611459076404571533e-02
1.533426195383071899e-01
-4.921688511967658997e-02
4.507368057966232300e-02
4.499211534857749939e-02
8.181037008762359619e-02
-1.304632518440485001e-03
5.846168473362922668e-02
-1.182486489415168762e-01
2.485186792910099030e-02
-2.238594228401780128e-03
6.350237876176834106e-02
1.652772352099418640e-02
-8.576159924268722534e-02
-6.086716428399085999e-02
3.046372160315513611e-02
9.174877777695655823e-03
8.787263184785842896e-02
-2.678644098341464996e-02
-3.817280987277626991e-03
5.615028738975524902e-02
8.532074093818664551e-02
-2.865725755691528320e-02
-5.933097377419471741e-02
-1.691295653581619263e-01
-9.989325702190399170e-02
9.114151448011398315e-02
5.951037630438804626e-02
-1.722607947885990143e-02
-1.083362028002738953e-01
1.514599621295928955e-01
1.982558965682983398e-01
-5.702858418226242065e-02
-2.179510146379470825e-01
9.499163366854190826e-03
-5.778058618307113647e-02
-1.225657537579536438e-01
-1.874332129955291748e-02
-3.657762333750724792e-02
2.302769757807254791e-02
4.414397478103637695e-02
-4.011202976107597351e-02
-9.590037912130355835e-02
-3.000844456255435944e-02
-5.675704404711723328e-02
-3.274935111403465271e-02
-5.433551967144012451e-02
1.083730757236480713e-01
2.311420254409313202e-02
-9.927779436111450195e-03
4.633206129074096680e-02
1.000208314508199692e-02
6.330335978418588638e-03
2.623233012855052948e-02
4.869461525231599808e-03
-6.307427585124969482e-02
-5.245107412338256836e-02
1.437835954129695892e-02
5.638673529028892517e-02
1.057747099548578262e-02
-1.124127879738807678e-01
-8.084893226623535156e-02
-1.833337694406509399e-01
7.887593656778335571e-02
8.506654947996139526e-02
2.161996066570281982e-01
4.990181326866149902e-02
-2.102704346179962158e-01
9.013853967189788818e-02
-8.523967862129211426e-02
1.948349475860595703e-01
1.871306598186492920e-01
-4.160550981760025024e-02
6.775514036417007446e-02
5.765362828969955444e-02
-1.055586636066436768e-01
8.014563471078872681e-02
1.076501533389091492e-01
1.094979420304298401e-01
6.723459064960479736e-02
2.595167234539985657e-02
-1.853368729352951050e-01
-1.881525292992591858e-02
-1.881396770477294922e-02
1.153464913368225098e-01
8.422873914241790771e-02
5.219450220465660095e-02
1.571539044380187988e-02
7.182241231203079224e-02
-5.425241589546203613e-02
3.956947475671768188e-02
4.138757660984992981e-02
-3.005434386432170868e-02
6.283745169639587402e-02
7.277046889066696167e-02
-2.409243397414684296e-02
1.883113011717796326e-02
9.721876680850982666e-02
1.707832445390522480e-03
-1.096762046217918396e-01
-3.522319719195365906e-02
6.416580826044082642e-02
5.398491770029067993e-02
3.482550382614135742e-02
-8.870439976453781128e-02
-1.968313306570053101e-01
-1.022400856018066406e-01
-9.354794025421142578e-02
1.046366989612579346e-01
7.311923801898956299e-02
-1.176302880048751831e-01
-6.464031338691711426e-02
-6.002093106508255005e-02
-1.303243041038513184e-01
1.574754714965820312e-01
-1.930586586240679026e-04
-1.767061091959476471e-02
-2.675067633390426636e-02
-1.311973482370376587e-01
-1.821876168251037598e-01
-5.721664056181907654e-04
1.603047698736190796e-01
2.249371409416198730e-01
-5.916792154312133789e-02
-1.227885410189628601e-01
2.305294759571552277e-02
1.376900263130664825e-02
8.877722918987274170e-02
1.418920308351516724e-01
-1.030901074409484863e-01
-7.549471221864223480e-03
-3.634976223111152649e-02
-2.415388822555541992e-02
-1.663492247462272644e-02
6.130899488925933838e-02
2.188415676355361938e-01
-1.387948263436555862e-02
-1.493137329816818237e-02
3.280277550220489502e-02
-3.778787702322006226e-02
-1.678392589092254639e-01
-8.145467936992645264e-02
-3.347063437104225159e-02
-6.533434242010116577e-02
-7.997059077024459839e-02
-2.007203176617622375e-02
9.025748819112777710e-03
-7.095199078321456909e-02
-1.417317390441894531e-01
-6.410579383373260498e-02
6.287799775600433350e-02
9.243617951869964600e-02
1.568444371223449707e-01
-1.255797147750854492e-01
-1.425987929105758667e-01
2.943394482135772705e-01
1.772135496139526367e-01
5.477989092469215393e-02
-1.868894696235656738e-01
8.373768627643585205e-02
-1.168918889015913010e-02
8.360823243856430054e-02
6.204075738787651062e-02
1.360312942415475845e-02
2.766368091106414795e-01
-1.341649442911148071e-01
-2.647517621517181396e-02
2.477445304393768311e-01
1.140643060207366943e-01
-9.578540921211242676e-02
-1.070527061820030212e-01
9.258957952260971069e-02
4.096899554133415222e-02
6.495261192321777344e-02
8.065010607242584229e-02
1.095968037843704224e-01
-1.510569751262664795e-01
-9.425288438796997070e-02
9.576356410980224609e-02
-3.528776764869689941e-02
-1.713279038667678833e-01
-6.303055584430694580e-02
-6.278524547815322876e-02
-1.943194419145584106e-01
-1.490471214056015015e-01
-1.096343100070953369e-01
-8.781615644693374634e-03
-6.337270606309175491e-03
4.241345450282096863e-02
-3.371141105890274048e-02
-5.592047050595283508e-02
5.593483150005340576e-02
3.233230859041213989e-02
1.043226011097431183e-02
9.187279641628265381e-02
9.289769455790519714e-03
1.603193730115890503e-01
1.434205286204814911e-02
-1.983093284070491791e-02
-2.068170160055160522e-02
1.236218139529228210e-01
3.675834462046623230e-02
-2.551447367295622826e-03
-6.509937345981597900e-02
1.107860170304775238e-02
3.819664195179939270e-02
-1.229292303323745728e-01
-7.200252264738082886e-02
9.283190965652465820e-02
1.835695654153823853e-02
-7.040999829769134521e-02
-7.692251354455947876e-02
2.630263566970825195e-02
-3.123558312654495239e-02
-6.642346084117889404e-02
-5.125800520181655884e-02
-1.147331893444061279e-01
-1.227154433727264404e-01
-1.404011398553848267e-01
-1.185536161065101624e-01
4.450500756502151489e-02
-1.561303138732910156e-01
-4.819964990019798279e-02
-8.702521026134490967e-02
-1.712461262941360474e-01
-4.843889176845550537e-02
-1.104592066258192062e-02
-1.747490614652633667e-01
-8.877862244844436646e-02
-2.639249339699745178e-02
-6.317014992237091064e-02
-6.740821152925491333e-02
-3.874551132321357727e-02
4.216023534536361694e-02
5.205626040697097778e-02
-1.572843194007873535e-01
-1.025550905615091324e-02
3.480565967038273811e-03
-5.188028514385223389e-02
-2.633021213114261627e-02
-3.003324568271636963e-02
-4.888872429728507996e-02
3.899382054805755615e-02
4.085007682442665100e-02
1.350419409573078156e-02
-1.723413169384002686e-02
-9.200897812843322754e-02
1.497890949249267578e-01
-1.892134845256805420e-01
-1.961766742169857025e-02
1.061378717422485352e-01
-7.007145136594772339e-02
8.218843489885330200e-02
1.897281110286712646e-01
6.900323182344436646e-02
6.874660402536392212e-02
-1.846783445216715336e-03
1.438957601785659790e-01
-2.969991974532604218e-02
1.146197989583015442e-01
-5.632718559354543686e-03
-3.462256863713264465e-02
5.365708470344543457e-02
-4.848350211977958679e-02
-2.398989163339138031e-02
6.477246433496475220e-02
-5.264299456030130386e-03
-7.012922316789627075e-02
1.948152184486389160e-01
2.625032365322113037e-01
-3.699029237031936646e-02
1.179959625005722046e-01
9.440295398235321045e-02
8.630915731191635132e-02
1.940150558948516846e-02
-2.275363802909851074e-01
1.031844094395637512e-01
-6.107699591666460037e-03
-1.947294026613235474e-01
4.385123401880264282e-02
-9.968579560518264771e-02
-2.237024754285812378e-01
-6.414303183555603027e-02
-2.842526696622371674e-02
-5.300277099013328552e-02
8.965441957116127014e-04
4.076492041349411011e-02
6.567624956369400024e-02
3.510208055377006531e-02
-1.452423036098480225e-01
4.950935021042823792e-02
-3.596715256571769714e-02
3.888332098722457886e-02
7.651843875646591187e-02
2.641397118568420410e-01
-7.924656569957733154e-02
-1.771183870732784271e-02
1.123508363962173462e-01
-2.946738712489604950e-02
-6.467843428254127502e-03
1.603555083274841309e-01
-1.847329363226890564e-02
-6.171697378158569336e-02
9.515202045440673828e-02
-9.190867841243743896e-02
-1.982768625020980835e-01
1.412490159273147583e-01
-3.126566589344292879e-04
-2.140344232320785522e-01
-1.450947672128677368e-01
-1.622569113969802856e-01
-9.423391520977020264e-02
-4.818208143115043640e-02
4.066604003310203552e-02
-1.424347311258316040e-01
-2.701567709445953369e-01
-2.013965547084808350e-01
6.935266405344009399e-02
1.193992123007774353e-01
1.082429289817810059e-01
-5.328542739152908325e-02
-2.956100106239318848e-01
-3.941517695784568787e-02
-1.361416429281234741e-01
-2.859509177505970001e-02
7.464493066072463989e-02
1.309195999056100845e-02
-3.480814769864082336e-02
-1.568084806203842163e-01
-3.983446955680847168e-02
1.672205328941345215e-02
-4.698985069990158081e-02
9.979993104934692383e-02
-4.315007105469703674e-02
4.385291785001754761e-02
5.283422768115997314e-02
5.600771307945251465e-02
5.984522774815559387e-02
-2.933255732059478760e-01
-2.265680730342864990e-01
8.429210633039474487e-02
9.075086563825607300e-03
2.330920547246932983e-01
4.846084117889404297e-02
2.081363648176193237e-02
-4.772469401359558105e-02
-2.262909524142742157e-02
9.901487827301025391e-02
1.196220740675926208e-01
-2.794544585049152374e-02
-4.677059501409530640e-02
4.813370853662490845e-02
-8.621741831302642822e-02
1.956029236316680908e-02
7.613961398601531982e-02
1.792438030242919922e-01
-1.516424715518951416e-01
-1.292134225368499756e-01
-1.045454591512680054e-01
-1.059825420379638672e-01
-8.428954333066940308e-02
6.092025432735681534e-03
1.181847825646400452e-01
-9.565748274326324463e-02
-4.831958934664726257e-02
3.478538990020751953e-02
-1.159392576664686203e-02
-5.884766578674316406e-02
2.387367561459541321e-02
-1.592761650681495667e-02
-3.782872809097170830e-03
1.108155027031898499e-01
-3.795678913593292236e-02
-1.919224299490451813e-02
-7.465265691280364990e-02
-6.307491660118103027e-02
9.698711335659027100e-02
3.980873525142669678e-02
3.336435183882713318e-02
-4.686048254370689392e-02
-1.085603311657905579e-01
-1.204258129000663757e-01
-2.510369941592216492e-02
-1.520675048232078552e-02
3.261125832796096802e-02
-3.181510418653488159e-02
-4.462169855833053589e-02
3.128382861614227295e-01
2.296251654624938965e-01
-3.854219987988471985e-02
-1.230402812361717224e-01
3.454237803816795349e-02
-8.239512145519256592e-02
-1.001651138067245483e-01
1.044527962803840637e-01
-1.254193186759948730e-01
1.398946903645992279e-02
-2.351322397589683533e-02
5.622166395187377930e-02
-4.019811376929283142e-02
2.982434816658496857e-02
7.830572128295898438e-02
1.216164678335189819e-01
7.845761626958847046e-02
-6.978592276573181152e-02
-3.063498064875602722e-02
-2.593244239687919617e-02
-6.072788685560226440e-02
-2.389503084123134613e-02
1.570408791303634644e-01
1.659772098064422607e-01
2.319317869842052460e-02
-5.651132203638553619e-03
2.629194557666778564e-01
-2.763307653367519379e-02
-4.369566589593887329e-02
1.768346428871154785e-01
-5.800331011414527893e-02
-8.453640621155500412e-04
3.121824376285076141e-02
5.843081697821617126e-02
-5.431291088461875916e-02
1.244566664099693298e-01
1.104114130139350891e-01
2.013857476413249969e-02
-2.412319742143154144e-02
-5.342281982302665710e-02
1.354164481163024902e-01
-2.736472338438034058e-02
-4.174867644906044006e-02
3.019459918141365051e-02
-2.015254348516464233e-01
-2.217561565339565277e-02
-2.972414158284664154e-02
-1.181677505373954773e-01
3.244756907224655151e-02
-1.202282775193452835e-02
-2.620348893105983734e-02
3.255630843341350555e-03
-5.946792289614677429e-02
-6.638285517692565918e-02
5.295050516724586487e-02
-4.994647577404975891e-02
-2.500858902931213379e-02
1.106779742985963821e-02
-3.778307582251727581e-04
-3.737433627247810364e-02
1.028574407100677490e-01
-2.267497032880783081e-02
-1.285369545221328735e-01
9.113446623086929321e-02
-8.057963103055953979e-02
-5.527088791131973267e-02
-6.454928312450647354e-03
3.155350312590599060e-02
9.822036325931549072e-02
1.123578846454620361e-01
7.702382653951644897e-02
-2.590073347091674805e-01
1.293113268911838531e-02
4.518692195415496826e-02
2.289138734340667725e-02
1.588873267173767090e-01
-1.218793317675590515e-01
-3.109801709651947021e-01
-7.934146374464035034e-02
6.990797072649002075e-02
1.197562087327241898e-02
-3.494917228817939758e-02
6.986906379461288452e-02
-2.115795910358428955e-01
-6.935537606477737427e-02
-1.038085669279098511e-01
4.106360301375389099e-02
3.352637961506843567e-02
1.190589158795773983e-03
1.269661039113998413e-01
-4.476061835885047913e-02
-2.080186009407043457e-01
4.395572468638420105e-02
5.713780224323272705e-02
-4.932428151369094849e-02
-5.396641045808792114e-02
5.313204973936080933e-02
6.111373379826545715e-02
1.127893850207328796e-02
2.876049838960170746e-03
3.659556433558464050e-02
-7.644176483154296875e-02
9.684213995933532715e-02
1.801525801420211792e-02
-4.251341894268989563e-02
7.578277587890625000e-02
-3.157165599986910820e-03
1.427532136440277100e-01
-1.566194184124469757e-02
-9.263953566551208496e-02
9.985302388668060303e-02
4.038060456514358521e-02
-8.880547434091567993e-02
4.819561541080474854e-02
8.202601969242095947e-02
1.117469966411590576e-01
-1.366834193468093872e-01
-1.192645430564880371e-01
-8.879576623439788818e-02
5.002271384000778198e-02
8.671435713768005371e-02
-5.924705415964126587e-03
4.361118376255035400e-02
-8.665979653596878052e-02
-1.157188937067985535e-01
1.273837499320507050e-02
1.480845212936401367e-01
6.837949901819229126e-02
-2.926556207239627838e-02
-2.016386538743972778e-01
-2.347820252180099487e-01
-3.340923041105270386e-02
6.006447225809097290e-02
2.402783557772636414e-02
-1.133421584963798523e-01
-4.905428364872932434e-02
1.436907704919576645e-02
-5.184986814856529236e-02
-4.217396304011344910e-02
3.584071993827819824e-02
2.505097165703773499e-02
4.484343901276588440e-02
-2.331413142383098602e-02
5.224687233567237854e-02
-7.310878485441207886e-02
-6.138094142079353333e-02
5.480846390128135681e-02
-1.899234391748905182e-02
-6.069950014352798462e-02
7.419482618570327759e-02
-1.390275638550519943e-02
-4.714358597993850708e-03
1.973294615745544434e-01
6.095458194613456726e-02
-1.486236043274402618e-02
-9.686638414859771729e-02
-4.485445842146873474e-02
-1.375160515308380127e-01
4.670151695609092712e-02
-9.435649961233139038e-03
-2.360271476209163666e-02
1.581351459026336670e-02
2.037681825459003448e-02
4.502135142683982849e-02
-1.418473124504089355e-01
-5.177508667111396790e-02
5.699588730931282043e-02
4.647582769393920898e-02
1.532562673091888428e-01
-2.076954953372478485e-02
8.270447701215744019e-02
-3.748814016580581665e-02
5.579953268170356750e-02
2.147426009178161621e-01
2.152422256767749786e-02
7.625131402164697647e-03
-4.662264138460159302e-03
5.305011570453643799e-02
-6.148579344153404236e-02
1.099391281604766846e-01
-1.304500363767147064e-02
-8.641765266656875610e-02
-2.751181088387966156e-02
7.829860784113407135e-03
-8.849711157381534576e-03
5.125881358981132507e-02
-4.225957393646240234e-02
-8.296214789152145386e-02
-5.860514938831329346e-03
-1.709903590381145477e-02
6.359656155109405518e-02
8.007963001728057861e-02
-1.018964722752571106e-01
-4.748032987117767334e-02
-4.427316039800643921e-02
6.326440721750259399e-02
1.090503484010696411e-01
-8.060961961746215820e-02
1.114120148122310638e-02
-5.037338659167289734e-02
3.667486459016799927e-02
6.024880800396203995e-03
-1.170688960701227188e-02
4.897757992148399353e-02
-2.130633443593978882e-01
-6.686535477638244629e-02
-2.458306774497032166e-02
-7.527057081460952759e-02
2.864659950137138367e-02
2.784181199967861176e-02
-1.568390280008316040e-01
-9.130609780550003052e-02
-8.617585897445678711e-02
1.568995788693428040e-02
-8.603088557720184326e-03
7.029311358928680420e-02
4.422554001212120056e-02
-2.337092012166976929e-01
-6.043320149183273315e-02
2.258451189845800400e-03
-1.741892099380493164e-02
1.574494875967502594e-02
6.886696815490722656e-02
2.264044731855392456e-01
-6.313864886760711670e-02
3.556053340435028076e-02
-7.970768027007579803e-03
-3.973716497421264648e-02
-3.452631086111068726e-02
-8.323742449283599854e-02
-2.640577405691146851e-02
-1.048409342765808105e-01
1.681456118822097778e-01
5.009838193655014038e-02
1.923582633025944233e-03
8.355187624692916870e-02
-2.666308172047138214e-02
-4.842873662710189819e-03
7.698653638362884521e-02
-4.597687721252441406e-02
-4.612723365426063538e-02
-1.355443000793457031e-01
2.341638132929801941e-02
1.066651865839958191e-01
7.351121306419372559e-02
5.370721220970153809e-02
3.194105252623558044e-02
-2.569844387471675873e-02
-2.933812141418457031e-02
8.940282464027404785e-02
-3.574058413505554199e-02
3.371600061655044556e-02
-1.615926474332809448e-01
6.369728595018386841e-02
9.129860252141952515e-02
6.413229554891586304e-02
-9.261721372604370117e-02
-1.046101227402687073e-01
-8.090699464082717896e-02
-1.054048761725425720e-01
1.552638132125139236e-02
-6.739287823438644409e-02
-1.102442592382431030e-01
3.349560499191284180e-02
-9.482952207326889038e-02
-2.651452720165252686e-01
-1.676436364650726318e-01
-2.269705682992935181e-01
-1.036613807082176208e-02
-8.818341046571731567e-02
5.194065719842910767e-02
-2.303972989320755005e-01
-3.433344140648841858e-02
-6.299146916717290878e-03
1.122044026851654053e-02
4.862428829073905945e-02
-1.047221124172210693e-01
-1.781848073005676270e-02
-1.955644488334655762e-01
-1.635726541280746460e-01
1.307471096515655518e-02
8.154176175594329834e-03
-2.155008763074874878e-01
2.320718951523303986e-02
8.517295122146606445e-03
-1.211231295019388199e-02
4.225433990359306335e-02
3.766559809446334839e-02
5.616211146116256714e-02
2.070718817412853241e-02
3.482674947008490562e-03
-1.412990689277648926e-02
7.004390656948089600e-02
1.464028954505920410e-01
-6.132474169135093689e-02
-6.913754623383283615e-03
-3.271188214421272278e-02
8.214168250560760498e-02
3.961454331874847412e-02
-2.965425141155719757e-02
-6.287638843059539795e-02
1.155781908892095089e-03
2.690191864967346191e-01
8.991860598325729370e-02
9.118633717298507690e-02
6.961160898208618164e-02
1.490693725645542145e-02
-6.028506532311439514e-02
-1.578251570463180542e-01
-2.840966284275054932e-01
5.048423260450363159e-02
-1.380393207073211670e-01
5.535065662115812302e-03
-1.645399034023284912e-01
-1.641615778207778931e-01
-2.531695663928985596e-01
-8.203617180697619915e-04
-2.509569376707077026e-02
-1.047789007425308228e-01
-2.489237114787101746e-02
6.377045996487140656e-03
6.789575330913066864e-03
-9.337878227233886719e-02
-2.365283481776714325e-02
-1.242273487150669098e-03
-1.889680279418826103e-03
-1.469033583998680115e-02
7.555105537176132202e-02
-6.740830838680267334e-02
-4.093797877430915833e-02
-1.231848523020744324e-01
-1.137006878852844238e-01
6.959169358015060425e-02
-9.119287878274917603e-02
-3.576641976833343506e-01
-1.444331109523773193e-01
5.729181692004203796e-02
-1.209565810859203339e-02
-1.391742080450057983e-01
-7.053363323211669922e-02
-2.012372016906738281e-03
9.525861591100692749e-03
3.462301567196846008e-02
5.828982219099998474e-02
-7.557375938631594181e-04
-3.205736726522445679e-02
-4.680153727531433105e-02
-2.586647868156433105e-01
-2.443652004003524780e-01
1.271291822195053101e-01
-8.232039213180541992e-02
1.098655909299850464e-01
1.021321341395378113e-01
-6.705423444509506226e-02
-9.935008361935615540e-03
-1.369710713624954224e-01
-7.120256870985031128e-02
1.125135738402605057e-02
4.254492465406656265e-03
-2.246551401913166046e-02
1.872813254594802856e-01
-4.777894914150238037e-02
1.836590468883514404e-02
5.187970236875116825e-04
-1.168215945363044739e-01
-3.230953589081764221e-02
-3.714961232617497444e-03
1.441978812217712402e-01
-1.580016314983367920e-01
1.444605272263288498e-02
-5.045703798532485962e-02
-1.014284566044807434e-01
4.770533740520477295e-02
-5.725011974573135376e-02
-8.350922167301177979e-02
-4.703849181532859802e-02
1.950014010071754456e-02
-1.242249179631471634e-02
-1.290211379528045654e-01
-2.103794217109680176e-01
-3.125517368316650391e-01
-2.330271750688552856e-01
-6.998621672391891479e-02
6.269676238298416138e-02
3.396801277995109558e-02
5.994515493512153625e-02
-3.168928250670433044e-02
4.412268102169036865e-02
-4.288843274116516113e-02
1.921784132719039917e-02
-2.279785112477838993e-04
5.777548626065254211e-02
1.286555081605911255e-01
2.076973766088485718e-02
-2.841624664142727852e-03
-1.407740986905992031e-03
2.240494079887866974e-02
-1.850134134292602539e-01
8.128187619149684906e-03
5.284456536173820496e-02
1.660621166229248047e-02
4.593563824892044067e-02
-4.925244022160768509e-03
8.415006101131439209e-03
-3.451405093073844910e-02
5.405386164784431458e-02
-2.620870713144540787e-03
-1.036959886550903320e-01
-2.769391424953937531e-02
2.568816300481557846e-03
-1.807481646537780762e-01
5.969930905848741531e-03
7.702998816967010498e-02
-1.158061996102333069e-01
-7.359670102596282959e-02
4.769551753997802734e-02
2.166782878339290619e-02
7.714219391345977783e-02
-1.409138273447751999e-02
4.370858147740364075e-02
3.979261592030525208e-02
-3.332463675178587437e-04
5.370233952999114990e-02
2.252418547868728638e-02
-7.629962638020515442e-03
-3.530859202146530151e-02
6.263978034257888794e-02
6.241683382540941238e-03
3.590364381670951843e-02
-1.101284548640251160e-01
-3.291158005595207214e-03
-7.008759770542383194e-03
-1.616820134222507477e-02
-4.629293084144592285e-02
2.746714837849140167e-02
-1.860740408301353455e-02
-6.334891915321350098e-02
7.133643142879009247e-03
-4.435419291257858276e-02
-5.722494423389434814e-02
8.585739880800247192e-02
4.181565716862678528e-02
-8.893804997205734253e-02
-1.571585051715373993e-02
-3.822166472673416138e-02
1.240692064166069031e-01
-9.870057553052902222e-02
-2.050081267952919006e-02
-3.218122199177742004e-02
-1.314286291599273682e-01
1.129793301224708557e-01
1.155340597033500671e-01
4.805267602205276489e-02
-1.818535849452018738e-02
1.478841993957757950e-02
-1.052710879594087601e-02
9.657689929008483887e-02
4.032118245959281921e-02
-3.756644576787948608e-02
7.296706736087799072e-02
1.704143546521663666e-02
-3.856442868709564209e-02
-1.319807171821594238e-01
-1.616156548261642456e-01
-3.090412914752960205e-02
-1.035397723317146301e-01
-9.559178724884986877e-03
-6.961709260940551758e-02
3.632161766290664673e-02
-2.005080133676528931e-01
-3.270488977432250977e-02
-1.016076803207397461e-01
-2.189888209104537964e-01
5.983964353799819946e-02
1.495608538389205933e-01
8.675438910722732544e-02
-2.181080430746078491e-01
-1.101009100675582886e-01
-1.021285504102706909e-01
-3.264147415757179260e-02
-1.860351711511611938e-01
-1.589901745319366455e-01
-3.096331283450126648e-02
-2.553238868713378906e-01
-2.455665469169616699e-01
-1.256052404642105103e-02
-6.476365961134433746e-04
1.176284253597259521e-01
-2.074045501649379730e-02
8.845588564872741699e-02
7.185601443052291870e-02
-6.730369478464126587e-02
5.024957284331321716e-02
-7.278300821781158447e-02
4.239945113658905029e-02
-7.524946331977844238e-02
-1.098209898918867111e-02
-8.861405402421951294e-02
1.758154928684234619e-01
1.796784810721874237e-02
3.642884083092212677e-03
1.139241680502891541e-01
-7.452900707721710205e-02
-1.229813843965530396e-01
5.314734578132629395e-02
1.178376600146293640e-01
1.251511871814727783e-01
-6.957115978002548218e-02
-3.585407137870788574e-02
7.966556400060653687e-02
-1.281007006764411926e-02
-1.130065619945526123e-01
-1.112199425697326660e-01
-7.751106470823287964e-02
4.912639409303665161e-02
2.920992672443389893e-03
6.784752756357192993e-02
-7.949712127447128296e-02
-1.634771004319190979e-02
6.610008329153060913e-02
1.814842671155929565e-01
1.475870329886674881e-02
-2.737764082849025726e-02
1.007320955395698547e-01
-1.302202045917510986e-01
3.300173580646514893e-02
1.346155703067779541e-01
-2.209148854017257690e-01
9.593347460031509399e-02
4.383558034896850586e-02
-6.862327456474304199e-02
4.814786463975906372e-02
-9.764894843101501465e-02
6.680451333522796631e-02
1.356727927923202515e-01
-2.202592045068740845e-01
-9.647408127784729004e-02
-2.479587644338607788e-01
1.717382073402404785e-01
4.806293547153472900e-02
6.674152612686157227e-02
-1.533489972352981567e-01
5.729575827717781067e-02
1.390905119478702545e-03
-1.167014092206954956e-01
1.075298562645912170e-01
-3.471789136528968811e-02
5.181268602609634399e-02
3.793410211801528931e-02
1.165746897459030151e-01
3.724380629137158394e-03
1.395958811044692993e-01
-8.337809145450592041e-02
-4.573692008852958679e-02
6.326110661029815674e-02
6.932990252971649170e-02
-1.115922555327415466e-01
8.514029532670974731e-02
9.756556898355484009e-02
-4.366593062877655029e-02
5.211590230464935303e-02
-8.386419713497161865e-02
-4.465811327099800110e-02
-1.643174588680267334e-01
-3.101168200373649597e-02
-6.352560222148895264e-02
-8.510363847017288208e-02
-3.207408636808395386e-02
-1.005175635218620300e-01
-1.857585906982421875e-01
-4.022551700472831726e-02
5.791214108467102051e-02
1.107984483242034912e-01
-2.547149546444416046e-02
-6.146930158138275146e-02
-1.154142990708351135e-01
2.985663339495658875e-02
-3.322273492813110352e-02
3.477079421281814575e-02
2.764234319329261780e-03
-4.359409958124160767e-02
3.407222032546997070e-02
3.351335227489471436e-02
-3.713112697005271912e-02
-4.792851209640502930e-02
-8.120764046907424927e-02
-4.885976761579513550e-02
9.277357719838619232e-03
2.595128491520881653e-02
5.086401104927062988e-02
-1.441636383533477783e-01
-3.914148081094026566e-03
-7.314695417881011963e-02
-1.502756774425506592e-01
-1.191795021295547485e-01
-3.973202314227819443e-03
2.514093369245529175e-02
-2.390721812844276428e-02
2.800683677196502686e-02
-2.996394932270050049e-01
-1.021750923246145248e-02
-2.718699909746646881e-02
-2.119331620633602142e-02
-7.370609045028686523e-02
8.539941161870956421e-02
6.215843558311462402e-02
7.464868575334548950e-02
1.135717928409576416e-01
1.792822927236557007e-01
4.259913414716720581e-02
-1.467670053243637085e-01
1.224846541881561279e-01
6.964317709207534790e-02
-1.081576496362686157e-01
1.382532268762588501e-01
1.108237951993942261e-01
1.495277322828769684e-02
-3.380800411105155945e-02
1.086338311433792114e-01
1.428718562237918377e-03
1.734262406826019287e-01
7.204344123601913452e-02
-5.276348069310188293e-02
-6.764134019613265991e-02
3.741627931594848633e-02
-3.081231936812400818e-02
-3.867538273334503174e-02
9.123562276363372803e-02
1.104146465659141541e-01
1.132861599326133728e-01
-5.379388853907585144e-02
-6.236216798424720764e-02
-1.554372012615203857e-01
4.492130130529403687e-02
1.648491807281970978e-02
-1.068538613617420197e-02
-2.739787697792053223e-01
1.378473639488220215e-01
1.066758334636688232e-01
-7.247072458267211914e-02
2.149367937818169594e-03
1.605779118835926056e-02
-6.197794154286384583e-02
-3.106485237367451191e-04
-5.767714232206344604e-03
1.138006430119276047e-02
7.321259379386901855e-02
-4.856947809457778931e-02
-1.379872113466262817e-01
-9.455117583274841309e-02
5.555856972932815552e-03
-5.392340011894702911e-03
-9.506417438387870789e-03
1.139014139771461487e-01
4.673039168119430542e-02
7.601173222064971924e-02
1.175412461161613464e-01
2.703582048416137695e-01
4.621237143874168396e-02
1.041214019060134888e-01
8.765941858291625977e-02
-1.456988304853439331e-01
4.575279355049133301e-02
5.385406315326690674e-02
1.433100402355194092e-01
-6.367680430412292480e-02
-3.033360093832015991e-02
1.892922446131706238e-02
-5.423168092966079712e-02
-4.082034900784492493e-02
-3.953006863594055176e-02
-6.427487730979919434e-02
6.684739887714385986e-02
6.892617791891098022e-03
1.812639087438583374e-02
-2.496980130672454834e-03
-1.421288847923278809e-01
2.693550102412700653e-02
3.495141118764877319e-02
2.121573872864246368e-02
-1.453793197870254517e-01
-1.818072199821472168e-01
1.759755238890647888e-02
9.646081365644931793e-03
-3.426842018961906433e-02
-4.026601836085319519e-02
8.258352428674697876e-02
2.750022336840629578e-02
-5.422998219728469849e-02
-6.564278155565261841e-03
1.285209953784942627e-01
9.186424314975738525e-02
-2.140258625149726868e-02
1.276678144931793213e-01
1.119693815708160400e-01
1.822361908853054047e-02
7.690957188606262207e-02
6.860107928514480591e-02
-1.463763117790222168e-01
7.866919040679931641e-02
3.144405037164688110e-02
6.103827804327011108e-02
1.627820283174514771e-01
9.517994523048400879e-02
5.487596616148948669e-02
5.121270194649696350e-02
1.450032591819763184e-01
6.901592016220092773e-03
3.322754055261611938e-02
-3.590071201324462891e-02
-2.421383410692214966e-01
9.303498268127441406e-02
5.701208859682083130e-02
-1.598503813147544861e-02
-7.830902189016342163e-02
-3.521231189370155334e-02
-7.613372057676315308e-02
-1.709831058979034424e-01
1.128822192549705505e-01
5.047870799899101257e-02
9.490401484072208405e-03
-2.305806614458560944e-02
5.568551272153854370e-02
5.043625459074974060e-02
-3.161872923374176025e-02
-1.652102172374725342e-02
4.632642120122909546e-02
1.442302577197551727e-02
2.153965830802917480e-02
-2.150611393153667450e-02
-1.126540303230285645e-01
-3.115576878190040588e-02
-1.665518805384635925e-02
6.888122111558914185e-02
1.078174561262130737e-01
6.749106943607330322e-02
-1.032895967364311218e-02
5.620452761650085449e-02
-7.097971159964799881e-03
-3.412590175867080688e-02
-2.049191296100616455e-01
-1.501788645982742310e-01
-3.056797198951244354e-02
1.331518292427062988e-01
-1.682931371033191681e-02
-9.630038402974605560e-03
5.327938497066497803e-02
-2.624936029314994812e-02
2.204753272235393524e-02
-1.125170737504959106e-01
4.690154269337654114e-02
-2.119274809956550598e-02
7.636216003447771072e-03
9.236514568328857422e-02
9.440558403730392456e-02
9.720366448163986206e-02
5.982237681746482849e-02
-3.946537151932716370e-02
1.380780935287475586e-01
-8.107638359069824219e-02
-3.227438777685165405e-02
1.333860605955123901e-01
8.863122016191482544e-02
1.447294205427169800e-01
5.048573017120361328e-02
-7.228478789329528809e-02
-1.045413091778755188e-01
1.610752940177917480e-01
7.827381789684295654e-02
-2.157353796064853668e-02
6.834437698125839233e-02
-8.620000630617141724e-02
-1.260358542203903198e-01
-6.654425524175167084e-04
-4.356459155678749084e-02
5.157025996595621109e-03
8.294200152158737183e-02
1.329188048839569092e-02
2.008332684636116028e-02
-3.757896646857261658e-02
-1.936984248459339142e-02
-9.664700180292129517e-02
8.007588237524032593e-02
2.087921090424060822e-02
-1.543465349823236465e-02
3.711700672283768654e-03
-2.176828682422637939e-02
1.191021502017974854e-02
4.140198230743408203e-02
2.718888781964778900e-02
8.615685626864433289e-03
3.063626587390899658e-03
2.574698068201541901e-02
-3.190517053008079529e-02
-6.435309350490570068e-02
-1.460363250225782394e-02
-7.212691754102706909e-02
-3.855612501502037048e-02
-7.118346542119979858e-02
1.137900277972221375e-01
7.439531385898590088e-02
-6.227847188711166382e-02
6.393539905548095703e-02
1.136173009872436523e-01
5.047097429633140564e-02
2.836893871426582336e-02
-5.521492287516593933e-02
-1.402429938316345215e-01
-2.936377376317977905e-02
-1.154058575630187988e-01
-1.578830629587173462e-01
-4.736103862524032593e-02
-6.379385292530059814e-02
-2.761177252978086472e-03
-6.772029399871826172e-02
-8.416474610567092896e-02
7.973335683345794678e-02
-9.891294687986373901e-02
2.870090771466493607e-03
3.917974233627319336e-02
8.211621083319187164e-03
-5.130560696125030518e-02
-9.027976193465292454e-04
2.830317988991737366e-02
5.604326352477073669e-02
1.363928318023681641e-01
1.038521341979503632e-02
-1.029609329998493195e-02
-1.288601383566856384e-02
1.976830186322331429e-03
4.611844941973686218e-02
4.034717567265033722e-04
2.119840937666594982e-04
8.990691602230072021e-02
-8.567732572555541992e-02
-1.608609035611152649e-02
9.835871867835521698e-03
-5.517238378524780273e-02
2.265921980142593384e-02
6.809309124946594238e-02
5.768056213855743408e-02
7.727029174566268921e-02
2.949466928839683533e-02
4.146017134189605713e-02
-7.725370675325393677e-02
8.687089383602142334e-02
-7.680771499872207642e-02
-4.257944226264953613e-02
-9.863665699958801270e-02
-7.744463533163070679e-02
-1.440804600715637207e-01
-4.399370402097702026e-03
-1.909112930297851562e-01
-1.581922173500061035e-02
-5.566478893160820007e-02
2.639808505773544312e-02
2.493563853204250336e-02
-2.094820607453584671e-03
6.613965611904859543e-03
-2.597814612090587616e-02
-1.982106417417526245e-01
1.409648954868316650e-01
8.110474050045013428e-02
7.334692031145095825e-02
5.563614889979362488e-02
-1.145771965384483337e-01
-1.841310858726501465e-01
5.996552854776382446e-02
-2.852770313620567322e-02
-5.670689046382904053e-02
-8.679506182670593262e-02
-8.149974793195724487e-02
-2.034980207681655884e-01
-1.504098027944564819e-01
-2.427063435316085815e-01
-4.902370274066925049e-02
-5.552608985453844070e-03
-2.036843448877334595e-02
-1.884762346744537354e-01
-3.427263349294662476e-02
1.122562140226364136e-01
-3.660048241727054119e-04
2.471265755593776703e-02
5.198415741324424744e-02
1.019577309489250183e-01
3.105222713202238083e-03
3.612005850300192833e-03
-6.505064666271209717e-02
-2.374496683478355408e-02
4.680134356021881104e-02
2.799088694155216217e-02
1.370272785425186157e-01
3.336088359355926514e-02
1.798838078975677490e-01
3.082723729312419891e-02
3.873500972986221313e-02
-2.446758933365345001e-02
4.330337978899478912e-03
6.740932911634445190e-02
-8.785603567957878113e-03
9.701424092054367065e-02
1.625723838806152344e-01
1.272204518318176270e-01
-7.043333351612091064e-02
6.241692602634429932e-02
-7.938943058252334595e-02
-2.271001338958740234e-01
-1.144562736153602600e-01
-3.320597112178802490e-02
5.430228635668754578e-02
3.767734393477439880e-02
3.971343394368886948e-03
-1.010705456137657166e-01
-2.072832584381103516e-01
-2.052057832479476929e-01
-9.114425629377365112e-02
-1.314662843942642212e-01
-4.857860878109931946e-02
8.066123723983764648e-02
-3.881476446986198425e-02
2.199225872755050659e-02
-2.748180180788040161e-02
1.208096817135810852e-01
-7.634344696998596191e-02
2.344117127358913422e-02
-1.338168978691101074e-01
-3.158982470631599426e-02
-5.865098908543586731e-03
-4.626503214240074158e-02
1.688254922628402710e-01
4.688517004251480103e-02
-8.580694347620010376e-02
-2.297560311853885651e-02
4.352625459432601929e-02
-1.333799213171005249e-01
5.869153141975402832e-02
7.997247576713562012e-02
5.785631015896797180e-02
4.528682678937911987e-02
4.635533841792494059e-04
1.517043681815266609e-03
-1.884110271930694580e-02
-3.966370131820440292e-03
3.903898596763610840e-02
-1.093663349747657776e-01
-1.233971491456031799e-01
9.429632872343063354e-02
-8.674084395170211792e-02
-2.341938391327857971e-02
8.295972831547260284e-03
2.007822319865226746e-02
1.112985797226428986e-02
-3.470109775662422180e-03
-1.024613007903099060e-01
-1.141807879321277142e-03
3.538799658417701721e-02
-9.751036763191223145e-02
-1.474085003137588501e-01
-4.763642325997352600e-02
1.145995482802391052e-01
-9.431261569261550903e-02
-6.274713575839996338e-02
1.429467462003231049e-02
-8.620004355907440186e-02
-3.085395097732543945e-01
-1.572333425283432007e-01
9.879548102617263794e-02
5.335246771574020386e-02
1.459190696477890015e-01
-2.607103995978832245e-02
-2.622905652970075607e-03
-5.355072766542434692e-02
-1.596960425376892090e-01
1.864022202789783478e-02
-2.234091283753514290e-03
-3.703075274825096130e-02
-2.153867669403553009e-02
-1.959162997081875801e-03
-6.221902091056108475e-03
-1.354361474514007568e-01
1.114581227302551270e-01
-1.714555080980062485e-03
-1.078032143414020538e-02
-2.879594638943672180e-02
-1.246275939047336578e-02
-1.297146826982498169e-01
4.160997271537780762e-02
2.963520959019660950e-02
-1.372819393873214722e-01
-7.692468166351318359e-02
-3.471263125538825989e-02
-9.104523807764053345e-02
2.334445342421531677e-02
-9.089474380016326904e-02
-1.180085614323616028e-01
1.343803200870752335e-02
1.607283353805541992e-01
-6.697528064250946045e-02
-9.200233966112136841e-02
-4.541432857513427734e-02
4.514361917972564697e-02
2.005875483155250549e-02
1.167263835668563843e-01
-7.127722352743148804e-02
-5.508617032319307327e-03
-1.310896277427673340e-01
-1.745271533727645874e-01
4.032738506793975830e-02
-1.705098152160644531e-01
3.358081448823213577e-03
-1.924710348248481750e-02
-5.729010701179504395e-02
-7.829887419939041138e-02
2.039551036432385445e-03
2.562148869037628174e-02
9.335486590862274170e-02
2.090902775526046753e-01
3.566661849617958069e-02
1.186992973089218140e-02
7.615423202514648438e-02
-1.493415236473083496e-01
1.126051228493452072e-02
5.279467627406120300e-02
5.019557476043701172e-02
-1.549101434648036957e-03
-1.770488731563091278e-02
4.240131936967372894e-03
2.064200118184089661e-02
1.460400074720382690e-01
-1.266786456108093262e-02
2.531364560127258301e-03
8.433601260185241699e-02
8.958813734352588654e-03
1.460579223930835724e-02
-1.376486420631408691e-01
6.541883200407028198e-02
-1.647139154374599457e-02
5.442486703395843506e-02
1.227629855275154114e-01
-2.385089360177516937e-02
-2.249648794531822205e-02
3.368627652525901794e-02
-6.085877120494842529e-02
3.251264244318008423e-02
1.434476822614669800e-01
-2.388036344200372696e-03
8.120355010032653809e-02
-7.814064621925354004e-02
-4.002215340733528137e-02
1.293816044926643372e-02
1.254937648773193359e-01
4.034870862960815430e-02
-1.799400746822357178e-01
-3.506146371364593506e-02
-5.840573832392692566e-02
1.180320978164672852e-01
1.344465166330337524e-01
-5.051999911665916443e-02
-1.400761753320693970e-01
9.401415288448333740e-02
8.323877118527889252e-03
3.033341653645038605e-02
-4.520865157246589661e-02
-4.174167290329933167e-02
-4.885686933994293213e-02
-1.074990481138229370e-01
-9.103840589523315430e-02
-3.640701249241828918e-02
-2.121938914060592651e-01
5.999626591801643372e-02
2.338648885488510132e-01
-2.135738264769315720e-03
-1.639086157083511353e-01
-1.397047471255064011e-02
3.197691403329372406e-03
2.142731845378875732e-02
4.739163443446159363e-03
-1.425374299287796021e-02
1.239087060093879700e-02
1.046156063675880432e-01
1.606779545545578003e-02
-7.599322125315666199e-03
4.544728621840476990e-02
-1.631425879895687103e-02
6.242119893431663513e-02
2.568067610263824463e-02
5.253282189369201660e-02
4.801928624510765076e-02
-4.078435711562633514e-03
5.052492767572402954e-02
2.096851356327533722e-03
9.740502387285232544e-02
-8.594963699579238892e-02
3.287552297115325928e-02
-9.121429175138473511e-02
-1.090232878923416138e-01
6.548920273780822754e-02
-2.403217367827892303e-02
-1.671562045812606812e-01
3.688862547278404236e-02
-2.472721487283706665e-01
-3.116743452847003937e-02
-9.407198429107666016e-02
-2.305243611335754395e-01
-1.695484817028045654e-01
1.738560153171420097e-03
-5.980283394455909729e-02
5.192767828702926636e-02
-6.824515014886856079e-02
7.495126873254776001e-02
-3.111271858215332031e-01
-4.169094264507293701e-01
4.949451889842748642e-03
-3.048244118690490723e-02
-5.589626729488372803e-02
-1.504917144775390625e-01
7.417596876621246338e-02
1.572899371385574341e-01
-1.337844729423522949e-01
-8.686883002519607544e-02
-6.229730695486068726e-02
9.446577727794647217e-02
5.474863946437835693e-02
1.095345709472894669e-03
-1.402664482593536377e-01
7.699612528085708618e-02
2.024969272315502167e-02
4.745978862047195435e-02
-5.141955986618995667e-02
6.368099153041839600e-02
-2.041162952082231641e-04
3.531657531857490540e-02
2.847383357584476471e-02
8.415107615292072296e-03
5.147862434387207031e-02
3.605448827147483826e-02
-5.982521455734968185e-03
1.168248429894447327e-01
2.512518130242824554e-02
3.618287295103073120e-02
9.913036972284317017e-02
1.250788941979408264e-02
-9.473874419927597046e-02
6.069782376289367676e-02
-1.636046916246414185e-02
1.017473191022872925e-01
1.320487558841705322e-01
7.700105756521224976e-02
-1.370969600975513458e-02
5.921404436230659485e-02
-5.605352297425270081e-02
-5.339235812425613403e-02
-4.800711572170257568e-02
-1.648313552141189575e-01
-2.199399471282958984e-01
-1.681568771600723267e-01
3.875298798084259033e-02
-6.242143735289573669e-02
-8.171132951974868774e-02
-2.080987542867660522e-01
5.701151117682456970e-02
2.465688437223434448e-02
-6.932290643453598022e-02
1.085404455661773682e-01
-5.717354267835617065e-02
7.480229437351226807e-02
2.445130422711372375e-02
-2.526983916759490967e-01
-8.164024353027343750e-01
-2.078054547309875488e-01
-4.816140234470367432e-02
8.363801240921020508e-02
2.773777581751346588e-02
-8.373991586267948151e-03
4.236652702093124390e-02
1.010671108961105347e-01
4.508789256215095520e-02
-1.193767134100198746e-02
-1.397135257720947266e-01
-1.470040733693167567e-04
2.618087083101272583e-02
3.565624356269836426e-02
-9.616281092166900635e-02
-5.102698877453804016e-02
2.994382567703723907e-02
4.009612649679183960e-02
2.217635698616504669e-02
-1.722337491810321808e-02
-3.292657136917114258e-01
-1.889959573745727539e-01
-2.195012569427490234e-01
-2.622897550463676453e-02
1.139875687658786774e-02
-5.560326948761940002e-02
-4.667982459068298340e-03
-2.194079756736755371e-01
-2.664037235081195831e-02
-1.709992885589599609e-01
-3.725970536470413208e-02
-8.365028351545333862e-02
-2.617053687572479248e-02
-7.173041254281997681e-02
-3.077114224433898926e-01
-7.889455556869506836e-02
-9.056106209754943848e-02
1.905277967453002930e-01
1.704357564449310303e-01
-2.357000485062599182e-02
-5.003680661320686340e-02
9.209073334932327271e-02
-1.257951855659484863e-01
-2.286900430917739868e-01
7.132133841514587402e-02
5.681639164686203003e-02
-4.389605484902858734e-03
9.467668831348419189e-03
-2.025395072996616364e-02
-1.360400915145874023e-01
-4.355699941515922546e-02
7.914708927273750305e-03
3.999900072813034058e-02
-1.832014322280883789e-02
3.626849502325057983e-02
5.217651650309562683e-02
5.465792864561080933e-02
2.564363554120063782e-02
-4.923006519675254822e-02
6.811841577291488647e-02
1.749940030276775360e-02
1.996338926255702972e-02
1.717168837785720825e-02
9.693524800240993500e-03
-1.893205801025032997e-03
7.856512814760208130e-02
1.934753172099590302e-02
1.258573727682232857e-03
-9.149194508790969849e-02
-1.297528445720672607e-01
-1.630461812019348145e-01
-1.884098649024963379e-01
4.882531985640525818e-02
-3.854459896683692932e-02
1.005697064101696014e-02
4.465655609965324402e-02
-3.677908703684806824e-02
-1.324247270822525024e-01
-2.378783524036407471e-01
-7.034906744956970215e-02
-3.299731388688087463e-02
5.573745816946029663e-02
7.326313108205795288e-02
-1.650314331054687500e-01
-1.672039330005645752e-01
-1.060514803975820541e-02
2.947425097227096558e-02
1.058531403541564941e-01
-6.300701946020126343e-02
1.935343071818351746e-02
-7.521161437034606934e-02
-1.787707954645156860e-01
-3.220992386341094971e-01
3.956822305917739868e-02
1.938982903957366943e-01
3.571602329611778259e-02
-2.439491078257560730e-02
-1.996321827173233032e-01
-1.062536314129829407e-01
-4.228559508919715881e-02
2.348619699478149414e-02
3.335744887590408325e-02
-1.440630760043859482e-02
-1.876646094024181366e-02
-1.928154379129409790e-02
8.373823016881942749e-02
5.662678275257349014e-03
2.505849115550518036e-02
-6.238036975264549255e-02
-9.616502560675144196e-03
-2.254564501345157623e-02
5.751356482505798340e-02
1.235133931040763855e-01
6.616711616516113281e-02
1.013957615941762924e-02
1.942301355302333832e-02
-5.797960981726646423e-02
1.961062848567962646e-01
6.826478242874145508e-02
-8.493203669786453247e-02
-2.149372845888137817e-01
-1.141416933387517929e-02
-3.792702406644821167e-02
9.155156090855598450e-03
4.659253358840942383e-02
-2.205781824886798859e-02
9.265209734439849854e-02
-1.074923276901245117e-01
-3.662083670496940613e-02
-9.932046383619308472e-02
-2.876104786992073059e-02
1.098920479416847229e-01
1.925398595631122589e-02
1.483489386737346649e-02
-1.517661362886428833e-01
-4.396911561489105225e-01
-2.256100922822952271e-01
-3.778966143727302551e-02
6.595198810100555420e-02
7.759408652782440186e-02
-5.025077238678932190e-02
-2.135404497385025024e-01
-1.960051432251930237e-02
-3.394109010696411133e-02
-1.230733320116996765e-01
4.097441956400871277e-02
2.147476747632026672e-02
7.304131239652633667e-02
9.612066298723220825e-02
7.906718552112579346e-02
-9.824766777455806732e-03
-3.082190826535224915e-02
-1.032495945692062378e-01
5.821701511740684509e-02
7.594814151525497437e-02
3.791611641645431519e-02
-6.131334230303764343e-03
-1.700546778738498688e-02
4.055178537964820862e-02
2.955603040754795074e-02
3.835346549749374390e-02
1.242714282125234604e-02
-4.950773343443870544e-02
-8.306159824132919312e-02
-7.406017929315567017e-02
1.507958280853927135e-03
6.177472323179244995e-02
-2.512934431433677673e-02
-2.591864466667175293e-01
7.044669706374406815e-03
-4.149918258190155029e-02
1.888375729322433472e-02
-2.087181201204657555e-03
5.703929439187049866e-02
7.343313843011856079e-02
-2.917253412306308746e-02
2.000681310892105103e-01
1.976133137941360474e-02
-8.693926781415939331e-02
-3.171968460083007812e-02
2.941893227398395538e-02
6.825698167085647583e-02
-1.235671639442443848e-01
4.466671124100685120e-02
-7.305906713008880615e-02
8.072593063116073608e-02
1.495680888183414936e-03
-7.766295969486236572e-02
-1.870641112327575684e-01
-1.716702729463577271e-01
-5.588521808385848999e-02
-3.106251731514930725e-02
-1.391541063785552979e-01
-1.212500855326652527e-01
-1.142585277557373047e-01
-5.637706443667411804e-02
8.496070653200149536e-02
-3.036377951502799988e-02
-1.736832782626152039e-02
-7.170253247022628784e-02
-6.714135408401489258e-03
-3.069869987666606903e-02
-7.994764484465122223e-03
-7.724457234144210815e-02
7.172368001192808151e-03
1.334074139595031738e-02
2.496031299233436584e-02
2.415664307773113251e-02
1.494665741920471191e-01
-1.734139621257781982e-01
-1.283314824104309082e-01
6.448315083980560303e-02
-1.483283191919326782e-02
-8.138435333967208862e-02
2.930190414190292358e-02
1.607109159231185913e-01
9.809169173240661621e-02
2.116982638835906982e-01
3.458040207624435425e-02
-2.258438430726528168e-02
-2.156591974198818207e-02
1.692702062427997589e-02
6.498085707426071167e-02
7.648776471614837646e-02
2.525242045521736145e-02
-5.663188174366950989e-03
-4.513379558920860291e-02
-5.560005549341440201e-03
-2.458785325288772583e-01
2.621280588209629059e-02
2.997021377086639404e-02
-5.629816278815269470e-02
7.568881660699844360e-02
2.441505901515483856e-02
2.023562192916870117e-01
-1.620871722698211670e-01
8.854047209024429321e-02
-3.123280033469200134e-02
2.086790464818477631e-02
-8.046030998229980469e-02
-6.545688956975936890e-02
-1.219168528914451599e-01
-1.440457347780466080e-02
6.034101545810699463e-02
-2.954437024891376495e-02
5.645507015287876129e-03
5.311521887779235840e-02
-7.884361781179904938e-03
1.037223488092422485e-01
2.902632765471935272e-02
-3.458498977124691010e-03
2.987430244684219360e-02
-6.410381942987442017e-02
-2.710263710469007492e-03
-3.736830875277519226e-02
-7.381866220384836197e-03
-4.899497330188751221e-02
4.444215446710586548e-02
6.200035661458969116e-02
1.498293224722146988e-02
1.294541638344526291e-02
-5.644713528454303741e-04
4.570183902978897095e-02
3.427905589342117310e-02
8.488433435559272766e-03
-2.585860341787338257e-02
-1.608158349990844727e-01
-2.735544443130493164e-01
-2.015509456396102905e-01
7.026729732751846313e-02
-1.986441388726234436e-02
-5.186597630381584167e-02
-9.478463977575302124e-02
-3.869218826293945312e-01
1.714762859046459198e-02
-2.669822573661804199e-01
-2.662038803100585938e-02
-7.391009014099836349e-03
6.949654221534729004e-02
1.064121574163436890e-01
-2.038753330707550049e-01
-4.185622557997703552e-02
-1.476408913731575012e-02
2.371433749794960022e-02
1.185529902577400208e-01
-9.585539251565933228e-02
-2.253793329000473022e-01
-3.139399588108062744e-01
6.841832399368286133e-02
-1.559044867753982544e-01
-1.696040667593479156e-02
-7.001305371522903442e-02
4.746037721633911133e-02
2.975702099502086639e-02
2.255348302423954010e-02
8.998548611998558044e-03
1.661466434597969055e-02
3.351363353431224823e-03
-3.592654690146446228e-02
-4.494794830679893494e-02
-4.532983526587486267e-02
-7.149743288755416870e-02
4.650155082345008850e-02
-4.738980904221534729e-02
1.308820396661758423e-01
-1.600089855492115021e-02
-2.365549840033054352e-02
-1.793149262666702271e-01
-2.383490838110446930e-02
-8.204326778650283813e-02
4.429777711629867554e-02
1.245615780353546143e-01
8.510982617735862732e-03
-8.457967080175876617e-03
1.000361144542694092e-01
5.787404626607894897e-02
5.400659516453742981e-02
-6.314266473054885864e-02
7.753860950469970703e-02
-7.762610912322998047e-03
1.433466970920562744e-01
1.005381345748901367e-01
-2.722358622122555971e-04
2.437207289040088654e-02
6.045923382043838501e-02
1.359049114398658276e-03
-4.143072292208671570e-03
9.830300509929656982e-02
-1.561505161225795746e-02
9.898774325847625732e-02
1.193813458085060120e-01
3.033804707229137421e-02
-2.044983059167861938e-01
-1.754931581672281027e-04
1.729885935783386230e-01
1.097142398357391357e-01
8.864007145166397095e-02
-1.362442690879106522e-02
-2.215682268142700195e-01
-8.273606002330780029e-02
-1.089503467082977295e-01
3.898821398615837097e-02
8.703839033842086792e-03
-3.645588085055351257e-02
6.143074110150337219e-02
-3.035756759345531464e-02
-1.368393748998641968e-02
-9.391264617443084717e-02
-1.254743933677673340e-01
-1.808636635541915894e-01
9.848325699567794800e-02
2.254827916622161865e-01
-3.643821179866790771e-02
-6.990801542997360229e-02
-1.205873675644397736e-03
-3.774845004081726074e-01
-4.778753593564033508e-02
-1.271707862615585327e-01
4.028694331645965576e-02
2.457731030881404877e-02
-1.829591765999794006e-02
-6.623702496290206909e-02
1.859000027179718018e-01
1.842242293059825897e-02
4.557548835873603821e-02
7.459839433431625366e-02
-4.306411370635032654e-02
6.860464811325073242e-02
5.534848198294639587e-02
1.391150057315826416e-01
1.951063983142375946e-02
1.657277047634124756e-01
1.829451471567153931e-01
5.396335944533348083e-02
-8.821508288383483887e-02
-2.670295722782611847e-02
1.306451559066772461e-01
1.064100340008735657e-01
7.071751169860363007e-04
1.420542150735855103e-01
1.359263658523559570e-01
3.631768748164176941e-02
-8.448259532451629639e-02
4.607323184609413147e-02
2.144552394747734070e-02
-2.388428198173642159e-03
-3.336530178785324097e-02
-1.077575236558914185e-01
-5.485951155424118042e-02
1.096427906304597855e-02
4.457781463861465454e-02
-1.551211178302764893e-01
-2.601106418296694756e-03
4.636975377798080444e-02
1.495068520307540894e-02
-2.481116652488708496e-01
-4.931790754199028015e-02
-1.039242595434188843e-01
-8.072166144847869873e-02
-3.456808924674987793e-01
-7.893091440200805664e-01
-8.140215277671813965e-02
3.825055062770843506e-02
-1.374032199382781982e-01
-2.712918631732463837e-02
-1.652620173990726471e-02
-1.664356738328933716e-01
-2.350246533751487732e-02
-4.905449971556663513e-02
1.556223928928375244e-01
1.067589409649372101e-02
4.889724310487508774e-03
-1.314151380211114883e-02
1.063642650842666626e-01
3.430001437664031982e-02
2.247407659888267517e-02
1.794057898223400116e-02
-6.482176482677459717e-02
7.591217011213302612e-02
1.574794389307498932e-02
1.351003497838973999e-01
3.072312287986278534e-02
1.008788496255874634e-01
-1.465108245611190796e-01
2.661675214767456055e-02
1.273628771305084229e-01
-4.963334649801254272e-02
7.911376655101776123e-03
8.290325291454792023e-03
-1.880451291799545288e-01
-1.327458322048187256e-01
7.863501086831092834e-03
-5.212283134460449219e-02
6.060674786567687988e-02
5.646800622344017029e-02
-6.128385663032531738e-02
-2.303644269704818726e-01
-2.297436594963073730e-01
6.046148482710123062e-03
6.865659356117248535e-02
1.165294423699378967e-01
-1.014759019017219543e-02
-2.739583700895309448e-02
-1.705234050750732422e-01
2.295749783515930176e-01
-1.365946047008037567e-02
-6.104134768247604370e-02
3.922935947775840759e-02
-6.111619994044303894e-02
2.016067132353782654e-02
-3.501737117767333984e-02
-1.837589778006076813e-02
-6.294610351324081421e-02
-1.364652216434478760e-01
-7.383590936660766602e-02
-7.326884567737579346e-02
-6.301736086606979370e-02
-5.764947831630706787e-02
-2.181821502745151520e-02
-1.050324514508247375e-01
1.732245786115527153e-03
-4.049009457230567932e-02
-1.366718709468841553e-01
-2.064905613660812378e-01
-3.266796097159385681e-02
5.312824994325637817e-02
8.091978728771209717e-03
5.548647418618202209e-02
4.013289138674736023e-02
-1.251335442066192627e-01
-4.679564759135246277e-02
4.431774839758872986e-02
3.258850425481796265e-03
-9.801094979047775269e-02
-1.387289538979530334e-02
3.295856341719627380e-02
-4.481716826558113098e-02
-1.117994040250778198e-01
-7.066837698221206665e-02
5.771698057651519775e-02
-8.858650922775268555e-03
-7.025825977325439453e-02
-8.707007765769958496e-02
2.650685608386993408e-02
-2.896378375589847565e-02
6.038294360041618347e-02
-3.965518251061439514e-02
-1.284049153327941895e-01
-1.069540232419967651e-01
-6.075669080018997192e-02
7.779928296804428101e-02
9.233034402132034302e-02
5.390644073486328125e-03
4.148395359516143799e-02
-3.632979840040206909e-02
-6.163347139954566956e-02
-2.785730175673961639e-02
-3.147907555103302002e-02
4.725251719355583191e-02
-2.274530753493309021e-02
-1.084928866475820541e-02
-5.814226344227790833e-02
-1.920620352029800415e-02
-1.303954236209392548e-02
-1.792802475392818451e-02
1.122286915779113770e-01
6.803726404905319214e-02
2.468846924602985382e-02
1.509473426267504692e-03
-1.101670414209365845e-01
-8.245874778367578983e-04
1.336711198091506958e-01
6.526999641209840775e-03
4.014773666858673096e-02
1.058799028396606445e-01
-4.059459269046783447e-02
-1.327605545520782471e-01
-1.187223047018051147e-01
1.237043458968400955e-02
6.789475679397583008e-02
-8.208424597978591919e-02
-6.803168356418609619e-02
-1.358434855937957764e-01
-1.347282528877258301e-01
-7.568091899156570435e-02
1.571660786867141724e-01
3.536812961101531982e-02
1.584495790302753448e-02
-8.109884709119796753e-02
-4.628577455878257751e-02
-5.198703333735466003e-02
6.428745388984680176e-02
4.010119661688804626e-02
-9.350664913654327393e-02
5.777890607714653015e-02
-8.268072456121444702e-02
-6.519386917352676392e-02
-7.263961434364318848e-02
8.677951991558074951e-02
-1.227481812238693237e-01
-1.222444400191307068e-01
-7.549820840358734131e-02
2.452537789940834045e-02
-1.298276633024215698e-01
-2.798462286591529846e-02
-4.375738278031349182e-02
-3.372979164123535156e-02
-6.353034079074859619e-02
-1.219251155853271484e-01
-8.285894244909286499e-02
-6.966523826122283936e-02
-2.033250033855438232e-02
-1.878449916839599609e-01
-1.692213863134384155e-01
1.224979944527149200e-02
-4.781572148203849792e-03
-1.739680320024490356e-01
-1.377590298652648926e-01
-1.634292863309383392e-02
4.669372364878654480e-02
-9.821363538503646851e-02
3.647305443882942200e-02
1.678533665835857391e-02
-6.393176317214965820e-02
-1.063247323036193848e-01
8.436381071805953979e-02
-7.727185636758804321e-02
-7.840941660106182098e-03
8.006006479263305664e-02
1.387228164821863174e-02
-1.388701517134904861e-02
-7.185862958431243896e-02
-2.027469873428344727e-01
-1.777957230806350708e-01
2.079239487648010254e-01
-5.583798047155141830e-03
1.875648461282253265e-02
-1.441566199064254761e-01
-1.946182735264301300e-02
-2.141473293304443359e-01
7.847945392131805420e-02
7.568931579589843750e-02
-4.347508400678634644e-02
-6.244827806949615479e-02
-7.139877229928970337e-02
-9.900005906820297241e-02
-2.904906123876571655e-02
-4.010329768061637878e-02
9.811851195991039276e-03
-8.361587673425674438e-02
-8.744440227746963501e-02
1.382680386304855347e-01
-7.288179546594619751e-02
6.069729570299386978e-03
8.372585289180278778e-04
-2.485943585634231567e-01
4.671253263950347900e-03
1.076816841959953308e-01
2.596935443580150604e-02
-2.740444429218769073e-02
-5.843710899353027344e-02
-2.241567242890596390e-03
-2.479099333286285400e-01
-3.408927470445632935e-03
-5.692485570907592773e-01
4.504834115505218506e-02
7.865927368402481079e-02
-1.937951333820819855e-02
-8.843842148780822754e-02
7.808332145214080811e-02
8.337716013193130493e-02
-1.395270377397537231e-01
-7.106029242277145386e-02
-3.818604862317442894e-03
-3.348995372653007507e-02
-1.151465177536010742e-01
9.328944981098175049e-02
9.011275321245193481e-02
-1.903990805149078369e-01
1.869434118270874023e-01
-6.893362849950790405e-02
1.611649617552757263e-02
3.670029342174530029e-02
-4.579722415655851364e-03
6.276623159646987915e-02
-1.980529725551605225e-01
5.109331384301185608e-02
-1.165219694375991821e-01
1.306154206395149231e-02
-2.612815471366047859e-03
1.186636183410882950e-02
5.003379657864570618e-02
-1.524550616741180420e-01
-2.593635953962802887e-02
-2.328355982899665833e-02
5.199596658349037170e-02
3.656140342354774475e-02
2.339600212872028351e-02
-2.101092226803302765e-02
-1.190337352454662323e-02
9.090271778404712677e-03
-1.643589586019515991e-01
-2.514311112463474274e-02
4.146585613489151001e-02
3.328221291303634644e-02
2.439745701849460602e-03
-2.542779035866260529e-02
-3.327113017439842224e-02
-5.316336080431938171e-02
-3.950944915413856506e-02
8.000521920621395111e-03
3.712156787514686584e-02
2.901005744934082031e-02
-5.848003551363945007e-02
5.772542208433151245e-03
-7.993857376277446747e-03
-1.960715502500534058e-01
-5.265617966651916504e-01
-1.200615316629409790e-01
1.154750213027000427e-02
9.029457718133926392e-02
-1.894499659538269043e-01
-2.397691756486892700e-01
-2.512696683406829834e-01
-9.816092252731323242e-02
1.517253667116165161e-01
1.254363507032394409e-01
1.369071658700704575e-02
2.634293027222156525e-02
-8.691623806953430176e-02
-2.709048800170421600e-02
1.466361582279205322e-01
1.413404643535614014e-01
1.673719733953475952e-01
-1.820288002490997314e-01
-1.851027607917785645e-01
-2.013891488313674927e-01
5.438292026519775391e-02
1.272234767675399780e-01
2.388774976134300232e-02
-1.261874288320541382e-01
-1.592350900173187256e-01
-7.883031666278839111e-02
-3.728238865733146667e-02
-1.921005360782146454e-02
-9.692036360502243042e-02
-7.799089699983596802e-02
-9.497389197349548340e-02
-4.174459725618362427e-02
2.126911468803882599e-02
-1.106115151196718216e-02
-1.315255612134933472e-01
-1.493053287267684937e-01
-2.191695570945739746e-01
-1.300762146711349487e-01
-5.912976711988449097e-02
-3.825776744633913040e-03
-1.158856377005577087e-01
-6.214874610304832458e-02
-1.037133559584617615e-01
-5.775316804647445679e-02
-1.128825694322586060e-01
-1.446090489625930786e-01
5.326933041214942932e-02
2.317367494106292725e-02
5.420766770839691162e-03
2.729898318648338318e-02
7.674790918827056885e-02
-1.394271999597549438e-01
-4.285389184951782227e-02
-1.734868437051773071e-01
2.845544368028640747e-02
6.852904707193374634e-02
1.296168416738510132e-01
1.243602298200130463e-02
7.295597344636917114e-02
-3.120295703411102295e-02
-2.388016507029533386e-02
-6.346836686134338379e-02
-4.232255741953849792e-02
-2.771397829055786133e-01
-1.440972387790679932e-01
4.897653311491012573e-02
1.649114936590194702e-01
3.657127171754837036e-02
8.951987139880657196e-03
3.498688712716102600e-02
-2.929732948541641235e-02
-1.352360378950834274e-02
4.197492077946662903e-02
2.281695418059825897e-02
3.336860612034797668e-02
-3.438031673431396484e-02
7.002779841423034668e-02
1.962307095527648926e-01
1.548148542642593384e-01
5.664499104022979736e-02
7.333943992853164673e-02
-7.066900283098220825e-02
5.374546162784099579e-03
4.585947841405868530e-02
-2.929762564599514008e-02
-1.508029922842979431e-02
1.046690717339515686e-01
3.463147580623626709e-02
-9.056447073817253113e-03
8.186051622033119202e-03
1.684460602700710297e-02
-3.824109584093093872e-02
-1.246374696493148804e-01
-1.079454272985458374e-01
-3.544482588768005371e-02
3.205848112702369690e-02
-6.168575212359428406e-02
-2.504779025912284851e-02
-1.563718467950820923e-01
-2.763921581208705902e-02
-3.123597241938114166e-02
5.603012163192033768e-03
1.755736395716667175e-02
-8.943395316600799561e-02
-7.589544355869293213e-02
5.102200061082839966e-02
1.630632132291793823e-01
-5.661818012595176697e-02
-2.759907245635986328e-01
-1.294315159320831299e-01
-1.106789782643318176e-01
-2.454861532896757126e-03
1.129375770688056946e-01
4.953489452600479126e-02
-2.740595256909728050e-03
-2.971430718898773193e-01
-2.216415554285049438e-01
-7.084663957357406616e-02
-5.121436342597007751e-02
2.816797234117984772e-02
-2.404176257550716400e-02
-2.624497413635253906e-01
-1.639347374439239502e-01
-2.397372946143150330e-02
1.925374716520309448e-01
1.021887436509132385e-01
-4.112211614847183228e-02
-6.469898670911788940e-02
-5.032194778323173523e-02
4.775798693299293518e-02
-5.451848730444908142e-02
-1.347783766686916351e-02
5.797598976641893387e-03
-5.879490822553634644e-02
-1.188082024455070496e-01
-1.432093381881713867e-01
4.891126882284879684e-03
-2.082372317090630531e-03
2.106529846787452698e-02
-1.933919936418533325e-01
-7.166328281164169312e-02
-4.969242215156555176e-01
-2.074307501316070557e-01
-9.454089403152465820e-02
8.047375828027725220e-02
5.338848102837800980e-03
-5.435241013765335083e-02
-8.197505772113800049e-02
9.625911712646484375e-03
3.266703709959983826e-02
-3.516505658626556396e-02
9.518434852361679077e-02
2.325332909822463989e-02
4.272902756929397583e-02
-1.034536287188529968e-01
1.540842205286026001e-01
1.654153317213058472e-01
3.852055221796035767e-02
4.407915100455284119e-02
-1.706226728856563568e-02
4.541052132844924927e-02
2.588558569550514221e-02
3.917827457189559937e-02
1.869476027786731720e-02
-5.839084461331367493e-02
1.397168040275573730e-01
2.002491988241672516e-02
2.654693275690078735e-02
1.239342335611581802e-02
-4.658085107803344727e-02
1.628927886486053467e-02
1.358869373798370361e-01
8.948412537574768066e-02
9.288266301155090332e-03
5.158878490328788757e-02
2.909096330404281616e-02
-9.885081648826599121e-02
4.607447609305381775e-02
1.371643394231796265e-01
5.486441776156425476e-02
1.372270565479993820e-02
-2.337592095136642456e-02
2.875739894807338715e-02
1.488510333001613617e-02
6.181415542960166931e-02
-1.373334974050521851e-02
-8.692792803049087524e-02
-3.724326938390731812e-02
-6.248173490166664124e-02
-4.455457255244255066e-02
4.974264279007911682e-02
2.770721912384033203e-02
-7.989627122879028320e-02
-2.546688616275787354e-01
-9.935683570802211761e-03
-1.835137791931629181e-02
-3.870455548167228699e-02
6.847339123487472534e-02
5.835787951946258545e-02
8.917310833930969238e-02
4.172741249203681946e-02
7.436352968215942383e-02
4.777093604207038879e-02
1.240848749876022339e-01
-7.852248847484588623e-02
-5.124584585428237915e-02
2.818449959158897400e-02
-3.379342257976531982e-01
-4.138983041048049927e-02
1.579884886741638184e-01
-1.516915708780288696e-01
-1.007020324468612671e-01
8.479584008455276489e-03
-1.131537556648254395e-01
1.000421941280364990e-01
-2.210727483034133911e-01
-1.444580107927322388e-01
-1.231445465236902237e-02
-2.969021350145339966e-02
4.235846921801567078e-02
4.133793711662292480e-02
-4.401366785168647766e-02
-7.776496559381484985e-02
1.935370266437530518e-01
1.259002238512039185e-01
5.825245007872581482e-02
4.385109245777130127e-02
1.349148005247116089e-01
-3.470836905762553215e-03
-3.842872392851859331e-04
2.098780311644077301e-02
2.079475298523902893e-02
3.153709322214126587e-02
-8.811733126640319824e-02
-1.298007220029830933e-01
-5.226756632328033447e-02
-1.913194209337234497e-01
3.226611763238906860e-02
8.108105510473251343e-03
-3.813275694847106934e-02
1.377209927886724472e-02
-1.836037486791610718e-01
3.563221916556358337e-02
-3.767516091465950012e-02
-7.818093523383140564e-03
1.557528134435415268e-02
4.476586729288101196e-02
7.157350331544876099e-02
-8.118165284395217896e-02
-1.748624593019485474e-01
-5.778868123888969421e-02
1.059548631310462952e-01
-3.408187255263328552e-02
8.008141815662384033e-02
7.135002315044403076e-02
-5.480708926916122437e-02
-7.728485390543937683e-03
-1.347645930945873260e-02
-7.182836066931486130e-03
1.618155278265476227e-03
4.525799676775932312e-02
-9.425447881221771240e-02
1.930933818221092224e-02
1.560629066079854965e-02
-1.900867000222206116e-02
-1.274807751178741455e-01
-4.524315521121025085e-02
1.855401508510112762e-02
-6.808717548847198486e-02
-1.904340088367462158e-01
3.005038946866989136e-02
1.363133788108825684e-01
3.334508836269378662e-02
1.995021253824234009e-01
-3.585162013769149780e-02
-9.248919039964675903e-02
2.326036803424358368e-02
2.747281827032566071e-02
-3.478090465068817139e-02
-3.850984573364257812e-01
-3.294264525175094604e-02
-2.085963487625122070e-01
-2.479207366704940796e-01
2.152476692572236061e-03
4.238252714276313782e-02
-2.599338889122009277e-01
-1.941240727901458740e-01
-3.644401133060455322e-01
-8.739086799323558807e-03
-2.429965138435363770e-02
9.320440888404846191e-02
1.918414607644081116e-02
-1.226820424199104309e-01
3.327896120026707649e-03
8.507538586854934692e-02
7.465679198503494263e-02
-1.124152988195419312e-01
-5.412741750478744507e-02
-5.838622897863388062e-02
2.014474943280220032e-02
1.464535389095544815e-02
2.922949194908142090e-02
8.991678059101104736e-02
2.262364700436592102e-02
-5.291512608528137207e-02
3.457960113883018494e-02
-5.404560640454292297e-02
1.852803863584995270e-02
1.026307716965675354e-01
6.164094805717468262e-02
6.555464863777160645e-02
2.276543714106082916e-02
7.569289207458496094e-02
-1.108572632074356079e-01
-1.490989467129111290e-03
-1.484354585409164429e-01
2.289236523211002350e-02
5.499044060707092285e-02
1.572410389780998230e-02
-7.333511114120483398e-02
2.678851364180445671e-03
-7.576349377632141113e-02
-2.993869222700595856e-02
1.137106642127037048e-01
-2.639217302203178406e-02
-1.664232648909091949e-02
2.613632008433341980e-02
-1.883710734546184540e-02
1.501272991299629211e-02
-1.820467859506607056e-01
-1.410682871937751770e-02
-5.413627997040748596e-02
4.947114363312721252e-02
3.448463976383209229e-02
-3.125822544097900391e-02
-2.430005185306072235e-02
-1.563742011785507202e-01
-1.898851245641708374e-01
-2.779285907745361328e-01
9.707515686750411987e-02
-1.695790700614452362e-02
-7.492072880268096924e-02
-2.806057929992675781e-01
-3.062193393707275391e-01
-3.931488692760467529e-01
-8.635530620813369751e-02
6.573431938886642456e-02
1.764554344117641449e-02
-2.409975789487361908e-02
-3.898475086316466331e-03
5.544520542025566101e-02
5.680041387677192688e-02
-6.290771812200546265e-02
1.731324754655361176e-02
1.281884461641311646e-01
-2.507151849567890167e-02
2.640240825712680817e-02
-1.420692168176174164e-02
-4.295944049954414368e-02
1.280825771391391754e-02
-1.907076984643936157e-01
-1.163783147931098938e-01
1.102754548192024231e-01
1.024696305394172668e-01
-7.504373788833618164e-02
4.498452320694923401e-02
6.274580955505371094e-02
3.357370197772979736e-02
9.939059615135192871e-02
1.992405205965042114e-02
-4.782126471400260925e-02
-1.885206997394561768e-01
4.127865284681320190e-02
5.986021086573600769e-02
8.993519842624664307e-02
1.836191564798355103e-01
-4.780583456158638000e-02
-4.594086855649948120e-02
-7.460677623748779297e-02
-1.836565285921096802e-01
-6.135796308517456055e-01
6.386631727218627930e-02
-2.476754039525985718e-02
-3.192375972867012024e-02
-2.410781979560852051e-01
-1.327297389507293701e-01
1.145066469907760620e-01
8.732382208108901978e-03
-2.515027821063995361e-01
-7.314344495534896851e-02
-2.194514498114585876e-02
4.016733542084693909e-02
-5.319263786077499390e-02
-8.322331309318542480e-02
-2.277120798826217651e-01
-1.972101256251335144e-02
-4.476089775562286377e-01
-2.236908674240112305e-02
-5.342623963952064514e-02
-4.560996964573860168e-02
1.896341592073440552e-01
5.067866295576095581e-02
8.824098855257034302e-02
-2.845218591392040253e-02
-1.574509777128696442e-02
-4.008796066045761108e-02
3.298220410943031311e-02
1.041641235351562500e-01
9.956433437764644623e-03
-1.321951597929000854e-01
-6.039874628186225891e-02
-1.260554790496826172e-01
-7.959617674350738525e-02
8.263454586267471313e-02
5.414459109306335449e-02
-1.102609783411026001e-01
-4.121379554271697998e-02
-4.424630105495452881e-02
-1.417768094688653946e-02
7.142157852649688721e-02
6.476238369941711426e-02
-5.548329651355743408e-02
4.105083644390106201e-02
7.036024332046508789e-02
1.100064367055892944e-01
4.647332709282636642e-03
-3.819818422198295593e-02
-9.314152412116527557e-03
-2.624525874853134155e-02
-1.263280212879180908e-01
-4.227370396256446838e-02
4.124587774276733398e-02
-3.622533753514289856e-03
-1.432100534439086914e-01
3.522493690252304077e-02
-2.161128818988800049e-02
3.107656352221965790e-02
-6.419851630926132202e-02
-3.108989894390106201e-01
-2.334859594702720642e-02
-6.378792226314544678e-02
-8.338533341884613037e-03
-1.420926898717880249e-01
-5.838152393698692322e-02
-1.144193112850189209e-01
-8.789432235062122345e-03
1.182905733585357666e-01
1.587647013366222382e-02
9.167143702507019043e-02
1.261289715766906738e-01
1.105467155575752258e-01
8.997315913438796997e-02
2.598138153553009033e-02
3.317378833889961243e-02
7.295811176300048828e-02
2.860101871192455292e-02
6.091082468628883362e-02
7.764958590269088745e-02
2.788101695477962494e-02
4.893533885478973389e-02
-1.656383275985717773e-01
-2.365965396165847778e-01
-7.618576288223266602e-02
1.121512614190578461e-02
-3.402788192033767700e-02
1.340410672128200531e-02
-1.795462369918823242e-01
-4.915210977196693420e-02
1.208209097385406494e-01
9.015631675720214844e-02
9.067659266293048859e-03
2.409693412482738495e-02
2.788970619440078735e-02
1.086227297782897949e-01
-1.701382361352443695e-02
-5.870456248521804810e-02
8.627731353044509888e-03
-2.541371285915374756e-01
-1.082308590412139893e-01
-9.838878363370895386e-02
-6.930796056985855103e-02
-5.036921054124832153e-02
-7.067386060953140259e-02
-1.265664696693420410e-01
1.368574202060699463e-01
1.195000037550926208e-01
-4.573929589241743088e-03
-9.669078886508941650e-02
4.087771847844123840e-02
-7.659629732370376587e-02
-1.908778399229049683e-02
1.570922904647886753e-03
-4.928508773446083069e-02
6.603942066431045532e-02
-1.207542493939399719e-01
4.527306556701660156e-02
8.427656441926956177e-02
3.351676464080810547e-02
4.141680896282196045e-02
-3.472784906625747681e-02
-2.168635278940200806e-01
-2.908674813807010651e-02
-1.846841070801019669e-03
3.692789748311042786e-02
-5.776287987828254700e-02
1.923138462007045746e-02
-7.641937583684921265e-02
3.440713882446289062e-02
1.351191569119691849e-02
-5.820032209157943726e-02
-4.002049565315246582e-02
-3.796447440981864929e-02
-3.822271013632416725e-03
-2.443416044116020203e-02
6.983557343482971191e-02
9.085234999656677246e-02
1.397881750017404556e-02
6.006618216633796692e-02
8.073861151933670044e-02
-5.265067011350765824e-05
5.660214927047491074e-03
1.155110672116279602e-01
8.224804699420928955e-02
-2.033298276364803314e-02
-6.996737420558929443e-02
-4.394096881151199341e-02
8.176782727241516113e-02
1.883199065923690796e-02
-7.853694260120391846e-03
-5.124315991997718811e-02
-1.029859334230422974e-01
-1.436640322208404541e-01
-4.866670817136764526e-02
1.032807454466819763e-01
9.255104511976242065e-02
4.186488222330808640e-03
-3.729006648063659668e-02
-1.676985174417495728e-01
-1.987555623054504395e-01
2.125649899244308472e-02
1.134282499551773071e-01
9.726320207118988037e-02
4.968463443219661713e-03
-2.302984744310379028e-01
-2.312086373567581177e-01
-5.844083055853843689e-02
2.922965213656425476e-02
-1.366291344165802002e-01
-1.672818697988986969e-02
4.488914459943771362e-02
-1.341904699802398682e-02
1.950169913470745087e-02
6.354641914367675781e-02
7.516856491565704346e-02
-7.489144802093505859e-02
-8.774504810571670532e-02
-9.265664964914321899e-02
-1.001662835478782654e-01
-3.598024696111679077e-02
-2.262646332383155823e-02
1.031975820660591125e-02
8.025150001049041748e-02
8.449357934296131134e-03
-7.267107069492340088e-02
-1.208935491740703583e-02
-1.658892184495925903e-01
-1.171402931213378906e-01
-1.036995425820350647e-01
-1.199492067098617554e-01
1.935685425996780396e-02
9.178381413221359253e-02
-1.143684983253479004e-02
-1.912896707653999329e-02
2.994530647993087769e-02
3.412984684109687805e-02
-3.286768123507499695e-02
5.247308313846588135e-02
-4.403894301503896713e-03
-3.093065880239009857e-02
-1.277920138090848923e-02
4.191543534398078918e-02
-7.736589014530181885e-02
6.048234552145004272e-02
-1.601847410202026367e-01
2.022150531411170959e-02
-3.115203790366649628e-02
4.921464249491691589e-02
-3.181678801774978638e-02
-4.473933205008506775e-02
-1.378003656864166260e-01
-6.741569936275482178e-02
-1.699118316173553467e-01
1.569786481559276581e-02
-1.438490450382232666e-01
-1.361832767724990845e-01
-1.018053516745567322e-01
-4.358115419745445251e-02
5.307396501302719116e-02
-2.683689445257186890e-02
-4.957692697644233704e-02
-1.595875173807144165e-01
-1.142294257879257202e-01
-4.744793847203254700e-02
3.262663632631301880e-02
1.010121256113052368e-01
9.917742758989334106e-02
8.794783055782318115e-02
-6.716346740722656250e-02
4.298721253871917725e-02
5.507173761725425720e-02
-1.932172328233718872e-01
1.804045140743255615e-01
5.673063173890113831e-02
7.792021334171295166e-02
2.478313297033309937e-01
1.908725947141647339e-01
-2.093105390667915344e-02
1.365018934011459351e-01
4.796544462442398071e-02
1.468138769268989563e-03
-6.939046084880828857e-02
-2.021780312061309814e-01
-2.377349883317947388e-01
1.242756024003028870e-01
6.974697113037109375e-02
-9.093153476715087891e-02
-1.068666130304336548e-01
-5.532397702336311340e-02
-9.294201433658599854e-02
-7.174666970968246460e-02
-5.140457674860954285e-02
-1.289221923798322678e-02
5.404502525925636292e-02
5.985957756638526917e-02
-1.306514441967010498e-02
5.404416099190711975e-02
-1.056391000747680664e-01
-8.044401556253433228e-02
7.880603522062301636e-02
1.027164831757545471e-01
7.260069716721773148e-03
7.977896928787231445e-02
-7.089876383543014526e-02
-1.417143493890762329e-01
-2.657200582325458527e-02
-6.798018515110015869e-02
9.764766320586204529e-03
-1.457837224006652832e-01
-1.174880787730216980e-01
-4.392261058092117310e-02
-1.345074176788330078e-01
-3.895553527399897575e-03
-7.726219296455383301e-02
-1.838696599006652832e-01
-8.227456361055374146e-02
-9.101244807243347168e-02
4.589426144957542419e-02
-6.124952342361211777e-03
-3.592744702473282814e-03
-2.408339641988277435e-02
-3.012115508317947388e-02
3.476210683584213257e-02
1.947690732777118683e-02
1.989986188709735870e-02
-8.825150132179260254e-02
7.437735795974731445e-02
1.152158230543136597e-01
1.658910699188709259e-02
3.466713055968284607e-02
1.003911644220352173e-01
-2.051202766597270966e-02
-1.985768079757690430e-01
-1.076704338192939758e-01
1.867441087961196899e-01
7.649485021829605103e-02
-5.854250863194465637e-02
-3.043100424110889435e-02
-2.189669162034988403e-01
1.872847601771354675e-02
-7.375811785459518433e-02
4.665817320346832275e-02
4.400059953331947327e-02
3.579635545611381531e-02
-1.684937812387943268e-02
-7.365039736032485962e-02
2.019550884142518044e-03
-1.223094090819358826e-01
-5.698627978563308716e-02
-3.730431944131851196e-02
-6.883541494607925415e-02
2.278427593410015106e-02
-1.503760814666748047e-01
-7.779959589242935181e-02
-8.719610422849655151e-02
1.035136822611093521e-02
-3.038275241851806641e-02
4.277677834033966064e-02
3.110811486840248108e-02
-2.317805439233779907e-01
-1.226161494851112366e-01
1.218100488185882568e-01
-1.004571244120597839e-01
-4.440115392208099365e-01
1.020077317953109741e-01
-2.928721718490123749e-03
1.759544946253299713e-03
2.192814648151397705e-02
1.264569461345672607e-01
-8.675626665353775024e-02
-1.152052655816078186e-01
-6.913227587938308716e-02
8.272812515497207642e-02
5.325383320450782776e-02
-4.372195526957511902e-02
4.134957864880561829e-02
-1.165682896971702576e-01
1.765792965888977051e-01
-5.514789372682571411e-02
-1.287866011261940002e-02
1.362308673560619354e-02
-1.595227792859077454e-02
-3.652337193489074707e-02
1.178719550371170044e-01
2.080625668168067932e-02
-4.942206665873527527e-02
5.060155689716339111e-02
-1.781074679456651211e-03
-9.203206747770309448e-02
-6.366527080535888672e-02
-3.217073529958724976e-02
-2.341480553150177002e-02
1.201316565275192261e-01
3.679107641801238060e-03
-9.848279878497123718e-03
-9.873558580875396729e-02
-1.138028874993324280e-01
-1.906075030565261841e-01
1.378818005323410034e-01
6.937596201896667480e-02
-4.956624284386634827e-02
-4.699195735156536102e-03
5.949959531426429749e-02
6.431064754724502563e-02
1.348395049571990967e-01
1.145377978682518005e-01
-6.698529422283172607e-02
-7.860389538109302521e-03
-2.943884208798408508e-02
1.084278430789709091e-02
1.203251350671052933e-02
-9.621435403823852539e-02
-2.170059643685817719e-02
2.709873206913471222e-02
-1.675846427679061890e-01
-1.311549358069896698e-02
3.627534210681915283e-02
4.141405224800109863e-02
-3.384171053767204285e-02
2.725053578615188599e-02
-5.799528211355209351e-03
1.091657131910324097e-01
-1.898862072266638279e-03
-2.401942573487758636e-02
-8.864584565162658691e-02
-8.909925073385238647e-02
-2.171349376440048218e-01
-4.519590176641941071e-03
-4.167444258928298950e-02
1.729448325932025909e-02
1.710567809641361237e-02
-1.439735991880297661e-03
2.033214783295989037e-03
-2.637160122394561768e-01
-6.153515726327896118e-02
-6.642955541610717773e-02
4.420423414558172226e-03
-1.118757296353578568e-02
-3.388696536421775818e-02
-4.837848246097564697e-02
-1.250239275395870209e-02
-6.485430896282196045e-02
1.286231130361557007e-01
-2.153700916096568108e-03
-5.784892663359642029e-02
-9.961190819740295410e-02
-6.481962651014328003e-02
-3.718716651201248169e-02
3.154179826378822327e-02
2.622632309794425964e-02
-1.972307823598384857e-02
5.691953375935554504e-02
1.498069316148757935e-01
6.835499405860900879e-02
-1.497025638818740845e-01
-1.308680176734924316e-01
-2.051018774509429932e-01
-1.894737929105758667e-01
-7.092161476612091064e-02
1.499093323945999146e-01
1.837572753429412842e-01
-9.740561246871948242e-02
-2.842758968472480774e-02
1.287053078413009644e-01
-1.346212476491928101e-01
-8.781975135207176208e-03
9.421069175004959106e-02
-3.949213773012161255e-02
-5.980203673243522644e-02
1.694457605481147766e-02
4.906533285975456238e-02
6.831560283899307251e-02
1.152153685688972473e-01
-1.765871047973632812e-01
-6.064263288863003254e-04
6.359175592660903931e-02
1.143251359462738037e-01
1.200491860508918762e-01
-1.534117944538593292e-02
-1.980594173073768616e-02
-9.596560150384902954e-02
1.891487687826156616e-01
-5.816911160945892334e-02
-8.650663658045232296e-04
-1.857858267612755299e-03
-8.727744221687316895e-02
-8.471755683422088623e-02
-6.101616844534873962e-02
3.923539444804191589e-02
5.974798649549484253e-02
7.782819122076034546e-02
-4.684217646718025208e-02
-1.265718601644039154e-02
-7.749247550964355469e-02
-2.025166004896163940e-01
-1.643823646008968353e-02
4.114136099815368652e-02
-2.487765811383724213e-02
-6.092292070388793945e-02
-9.741161018610000610e-02
-1.793090850114822388e-01
-1.438343673944473267e-01
-1.185147985816001892e-01
-1.248911544680595398e-01
-5.164228379726409912e-02
-2.572271227836608887e-02
-3.403754159808158875e-02
3.841431066393852234e-02
7.623200118541717529e-02
-6.918884813785552979e-02
-5.692533031105995178e-02
1.468541175127029419e-01
7.909665256738662720e-02
3.713677823543548584e-02
1.795532107353210449e-01
2.501272559165954590e-01
-7.944928854703903198e-02
-3.109455294907093048e-02
2.906230278313159943e-03
8.755660802125930786e-02
-5.653873551636934280e-03
-5.653790012001991272e-02
-1.033370941877365112e-02
-1.849959045648574829e-02
1.119754686951637268e-01
-5.063967779278755188e-02
5.692303180694580078e-03
-2.616823883727192879e-03
-1.025264710187911987e-01
-3.605442121624946594e-02
1.828323453664779663e-01
6.024822965264320374e-02
-1.723047695122659206e-03
-5.252012237906455994e-02
-3.857331722974777222e-02
-3.921578824520111084e-02
-4.602346569299697876e-02
6.824522744864225388e-03
4.290311783552169800e-02
1.621411927044391632e-02
-2.208390459418296814e-02
3.238569200038909912e-02
-9.050097316503524780e-03
-3.650569124147295952e-03
3.689922019839286804e-02
-8.176482468843460083e-02
5.883544683456420898e-03
8.549537509679794312e-02
-4.753729794174432755e-03
-1.179754212498664856e-01
1.176907331682741642e-03
1.295093744993209839e-01
-1.754778027534484863e-01
-1.214376613497734070e-01
-1.166496723890304565e-01
-1.308423131704330444e-01
-1.972943097352981567e-01
7.373382896184921265e-02
8.858536928892135620e-02
-1.803756058216094971e-01
-1.635960787534713745e-01
1.031269431114196777e-01
-3.952778503298759460e-02
1.722565591335296631e-01
4.794890433549880981e-02
-6.462301313877105713e-02
-1.737264990806579590e-01
-2.157377079129219055e-02
2.263532765209674835e-02
-2.835445571690797806e-03
3.392984508536756039e-04
3.546030446887016296e-02
2.213706821203231812e-01
5.834168940782546997e-02
-6.472381204366683960e-02
-5.629773717373609543e-03
1.546055916696786880e-02
2.030201070010662079e-02
-1.387175470590591431e-01
-7.321117073297500610e-02
-1.855634339153766632e-02
-3.609786927700042725e-02
-1.163046509027481079e-01
-7.301827426999807358e-03
-5.392288789153099060e-02
-5.258521437644958496e-01
-4.684705734252929688e-01
1.273291409015655518e-01
4.265392199158668518e-02
-6.729792803525924683e-03
2.408270537853240967e-02
-1.520267687737941742e-02
-9.805408865213394165e-02
-1.284949034452438354e-01
-7.556468248367309570e-02
4.822508618235588074e-02
3.991009667515754700e-02
-3.380738943815231323e-02
-4.397700726985931396e-02
-5.359342694282531738e-02
-3.676031902432441711e-02
-1.330421566963195801e-01
-1.035312190651893616e-01
-6.534413993358612061e-02
-5.134619399905204773e-02
9.493857622146606445e-02
-1.194174662232398987e-01
1.387491635978221893e-02
-1.209199801087379456e-02
-5.710072070360183716e-02
2.461850643157958984e-02
1.222404371947050095e-02
5.676148831844329834e-02
-1.605774462223052979e-01
4.197947215288877487e-03
1.719816625118255615e-01
-6.372542679309844971e-02
-1.042855307459831238e-01
1.207327619194984436e-01
-5.968171730637550354e-02
1.354528777301311493e-02
-4.712107777595520020e-02
-1.111248657107353210e-01
-1.343987435102462769e-01
1.079150289297103882e-02
3.296712879091501236e-03
-2.428964152932167053e-02
-4.711188748478889465e-02
7.773614022880792618e-03
5.567088350653648376e-02
-8.326997049152851105e-03
1.332503836601972580e-02
2.368162199854850769e-02
3.670717403292655945e-02
-1.934801042079925537e-02
1.281091105192899704e-02
6.704166065901517868e-03
4.282301757484674454e-03
-3.314923122525215149e-02
-1.073322352021932602e-02
2.352372556924819946e-02
-2.718811929225921631e-01
-5.173031091690063477e-01
-5.018090009689331055e-01
9.368272498250007629e-03
-2.738281898200511932e-02
-6.161664053797721863e-02
-1.158657297492027283e-01
-1.629005074501037598e-01
-1.054276302456855774e-01
-2.771057784557342529e-01
-1.175474077463150024e-01
1.420322805643081665e-01
-5.447824299335479736e-02
-9.685580432415008545e-02
-1.614120155572891235e-01
-2.166707366704940796e-01
1.772983521223068237e-01
-6.238155066967010498e-02
1.302109807729721069e-01
4.803644493222236633e-02
-4.080460965633392334e-02
-1.545162796974182129e-01
3.288394212722778320e-02
1.716602295637130737e-01
5.273304879665374756e-02
1.398030072450637817e-01
2.433607354760169983e-02
-8.578696101903915405e-02
-4.102637618780136108e-02
1.725293882191181183e-02
5.372797325253486633e-02
2.126507833600044250e-02
9.929897263646125793e-03
2.770044142380356789e-03
-1.711692847311496735e-02
-1.712303981184959412e-02
4.346043244004249573e-02
4.689080640673637390e-02
2.480486407876014709e-02
3.811440616846084595e-02
-9.995790198445320129e-03
-1.212652474641799927e-01
1.416702866554260254e-01
-2.309442125260829926e-02
2.976305410265922546e-02
4.696081951260566711e-02
-2.360958047211170197e-02
-4.322587698698043823e-02
3.762913122773170471e-02
2.253303490579128265e-02
-3.081766515970230103e-02
-1.252861469984054565e-01
-2.933252751827239990e-01
-2.349850684404373169e-01
3.254162520170211792e-02
9.714400395750999451e-03
7.248380780220031738e-02
1.868337951600551605e-02
-6.919854134321212769e-02
-1.630291342735290527e-01
-1.201002448797225952e-01
8.885478228330612183e-02
9.143061190843582153e-02
1.484620571136474609e-01
3.065288066864013672e-02
-1.120106354355812073e-01
9.724605083465576172e-02
1.574870496988296509e-01
9.412261098623275757e-02
-2.282460592687129974e-02
-1.442585233598947525e-02
9.848129935562610626e-03
1.222401577979326248e-02
-1.077527403831481934e-01
2.794059179723262787e-02
-7.463366538286209106e-02
-1.179103180766105652e-01
-5.217629298567771912e-02
3.985052183270454407e-02
1.264644563198089600e-01
1.828680559992790222e-02
-4.016594588756561279e-02
-2.380663063377141953e-03
-3.272024914622306824e-02
1.816276609897613525e-01
-3.116292133927345276e-02
-3.728264942765235901e-02
-4.192942008376121521e-02
-2.272452041506767273e-02
7.428073137998580933e-02
8.921243250370025635e-02
6.802175939083099365e-02
8.430793881416320801e-02
-5.395691841840744019e-03
-3.912063241004943848e-01
-1.545995622873306274e-01
-3.881891071796417236e-02
1.643887348473072052e-02
7.657920569181442261e-02
-2.452916502952575684e-01
1.008146703243255615e-01
2.987305819988250732e-02
1.185092180967330933e-01
-8.704490959644317627e-02
-1.053985059261322021e-01
-5.154903531074523926e-01
-1.255040913820266724e-01
-1.965430378913879395e-02
-1.695829033851623535e-01
-3.945831209421157837e-02
-1.707658916711807251e-01
-2.514440119266510010e-01
-2.030837833881378174e-01
9.796281158924102783e-02
1.632953733205795288e-01
8.244320005178451538e-02
-1.686443202197551727e-02
1.075646951794624329e-01
-2.028426527976989746e-02
2.758163772523403168e-02
7.551964372396469116e-02
5.152231827378273010e-02
-1.680439412593841553e-01
-9.556681662797927856e-02
2.500735595822334290e-02
-1.052465587854385376e-01
7.717263698577880859e-02
-1.508656591176986694e-01
-4.551153630018234253e-02
-8.299072831869125366e-02
2.338072285056114197e-02
2.169515565037727356e-02
-1.909538917243480682e-02
-1.203864440321922302e-01
7.144784927368164062e-02
-6.248690187931060791e-02
2.344227861613035202e-03
-4.140950739383697510e-02
-1.060682684183120728e-01
-2.278207689523696899e-01
-4.779570400714874268e-01
-2.561879456043243408e-01
8.600713312625885010e-02
-2.076323032379150391e-01
-5.580274015665054321e-02
-9.183323383331298828e-02
1.605382375419139862e-02
1.561475396156311035e-01
2.416861802339553833e-02
-6.086721643805503845e-02
-1.302805244922637939e-01
-4.250883683562278748e-02
4.504170268774032593e-02
1.238799188286066055e-02
1.242037564516067505e-01
7.829854637384414673e-02
-9.581817430444061756e-04
-2.210681140422821045e-01
-8.443143218755722046e-02
-1.692641526460647583e-02
-1.103927288204431534e-02
1.182676255702972412e-01
1.097828894853591919e-01
1.230333000421524048e-01
-4.537349566817283630e-03
-6.504321843385696411e-02
-9.284941852092742920e-02
-4.155693203210830688e-02
-3.583044186234474182e-02
1.577355898916721344e-02
7.889121770858764648e-03
3.547031804919242859e-02
-8.629191666841506958e-03
-1.719605922698974609e-02
-9.872341156005859375e-02
-5.887155979871749878e-02
-1.022069156169891357e-01
-1.054647043347358704e-01
1.853628456592559814e-02
1.822173781692981720e-02
-8.154179900884628296e-03
1.743210665881633759e-02
-2.666502259671688080e-03
-6.876007467508316040e-02
2.136652357876300812e-02
1.558243762701749802e-02
1.324331946671009064e-02
-1.217921972274780273e-01
-1.792021282017230988e-02
-3.005982749164104462e-02
-5.005996301770210266e-02
-1.952151805162429810e-01
1.577158421277999878e-01
2.033997699618339539e-02
-8.225070312619209290e-03
4.797210171818733215e-02
-3.214420750737190247e-02
-2.651343680918216705e-02
1.887553744018077850e-02
-1.537172347307205200e-01
1.076287552714347839e-01
-1.147682517766952515e-01
5.339711159467697144e-02
-3.086426556110382080e-01
2.939255349338054657e-02
6.217173114418983459e-02
7.912869006395339966e-02
7.484268862754106522e-03
-3.267436102032661438e-02
-1.118982657790184021e-01
-1.282907873392105103e-01
9.037064760923385620e-02
-8.053311705589294434e-02
-2.356391549110412598e-01
1.525082718580961227e-02
4.612672328948974609e-02
7.152599841356277466e-02
4.132120683789253235e-02
9.456270933151245117e-02
-1.296913772821426392e-01
-1.335324794054031372e-01
-9.282355755567550659e-02
9.288299083709716797e-02
1.072112191468477249e-02
-8.089325390756130219e-03
-6.367831677198410034e-02
-5.344858393073081970e-02
-4.782558605074882507e-02
-1.343895029276609421e-02
-1.527506206184625626e-02
-2.134772017598152161e-02
2.461216412484645844e-02
-1.284719705581665039e-01
-1.227391809225082397e-01
4.377026855945587158e-02
4.762601852416992188e-02
1.229801028966903687e-02
2.738750167191028595e-02
-8.157968521118164062e-02
-1.398686021566390991e-01
3.138919919729232788e-02
-6.700317561626434326e-02
-1.703530736267566681e-02
1.512078475207090378e-02
-1.340801734477281570e-02
3.626760840415954590e-01
-6.438450515270233154e-02
-2.865415066480636597e-02
1.400200184434652328e-02
-1.309984177350997925e-01
4.492403008043766022e-03
1.055671498179435730e-01
1.442626714706420898e-01
1.048679575324058533e-01
-5.538564920425415039e-02
1.520564407110214233e-02
-1.222211942076683044e-01
5.689739063382148743e-02
1.342717409133911133e-01
3.904821723699569702e-02
-1.106579825282096863e-01
-8.109030127525329590e-02
-2.053705304861068726e-01
1.927622407674789429e-02
-6.390433758497238159e-02
4.077455028891563416e-02
2.061429992318153381e-02
-5.639373138546943665e-02
-1.857442110776901245e-01
-1.387805957347154617e-02
-1.082327123731374741e-02
-2.947584167122840881e-02
-1.091240625828504562e-02
9.046405553817749023e-02
-2.442908659577369690e-02
-2.707553468644618988e-02
1.277208179235458374e-01
3.172299265861511230e-02
8.310899883508682251e-02
3.440510109066963196e-02
-1.752972006797790527e-01
3.871918916702270508e-01
-2.187919989228248596e-02
-1.670565903186798096e-01
-9.450799226760864258e-02
2.033674530684947968e-02
-4.408180713653564453e-02
-6.700890511274337769e-02
7.285919785499572754e-02
-5.828852951526641846e-02
-2.022072859108448029e-02
8.242748677730560303e-02
-2.461106702685356140e-02
4.157414659857749939e-02
1.860784143209457397e-01
1.611644960939884186e-02
3.516937419772148132e-02
-5.530324205756187439e-02
1.913004554808139801e-02
3.169950470328330994e-02
9.641166776418685913e-02
1.546449027955532074e-02
-3.719936311244964600e-02
-1.016657054424285889e-01
-1.145025417208671570e-01
-5.410477519035339355e-02
1.913492567837238312e-02
-2.375428378582000732e-02
-1.299457401037216187e-01
-1.640171259641647339e-01
-1.388122141361236572e-01
-1.793016940355300903e-01
-1.432640403509140015e-01
-2.042994350194931030e-01
1.898689940571784973e-02
1.007284969091415405e-01
-6.315988954156637192e-03
9.549475461244583130e-02
-2.623722329735755920e-02
-1.003659740090370178e-01
-1.022281050682067871e-01
4.218141734600067139e-02
-9.727803990244865417e-03
1.006600186228752136e-01
-6.962724030017852783e-02
1.853915452957153320e-01
8.545932918787002563e-02
2.449437230825424194e-02
-1.860840246081352234e-03
-1.880674436688423157e-02
1.971031911671161652e-02
-2.449831739068031311e-02
-8.347406238317489624e-02
-1.013539917767047882e-02
-2.402921766042709351e-02
7.071238756179809570e-02
3.765593050047755241e-03
